kV,NDVI,slope,landcover,risk_label,risk_score,risk_category
115.0,0.2615626403233048,2.5215543326472423,23.0,0,0.0026371113,Low
115.0,0.5028514528831356,2.988724708557129,22.0,0,0.00725391,Low
115.0,0.2606924643584521,6.87054967880249,23.0,0,0.03499967,Low
115.0,0.0506841395259202,0.9274099469184875,24.0,0,0.00031845432,Low
34.0,0.6028634358391407,4.339175336669826,52.0,0,0.00052364316,Low
69.0,0.330989010989011,2.416574716567993,24.0,0,0.0027209672,Low
69.0,0.1836618109111682,2.9954848289489746,23.0,0,0.009520552,Low
69.0,0.01887369144953,1.4511960744857788,24.0,0,0.00094409945,Low
69.0,0.1587621187912169,4.98546838760376,24.0,0,0.0009572793,Low
69.0,0.0686005488043904,3.8684065341949454,24.0,0,0.00094252086,Low
69.0,0.0203774107784638,3.8685615062713614,24.0,0,0.0015657479,Low
69.0,0.0560792458859242,4.553082942962647,23.0,0,0.0009314323,Low
69.0,0.0670230263157894,1.1168681383132937,23.0,0,0.0011837955,Low
69.0,0.1099905166174183,2.416273832321167,24.0,0,0.0022188406,Low
69.0,0.6698630048171993,1.1161823272705078,21.0,0,0.017386585,Low
69.0,0.1661899278081157,2.9953393936157227,24.0,0,0.0059639146,Low
69.0,0.0104543234000977,2.232213497161865,24.0,0,0.001091894,Low
69.0,0.0089148478327697,3.56347131729126,24.0,0,0.004541694,Low
69.0,0.0440971253139826,1.4514025449752808,24.0,0,0.0005015793,Low
69.0,0.1622423069410657,1.116363525390625,23.0,0,0.02295121,Low
69.0,-0.0340784521869474,2.1639108657836914,24.0,0,0.003177949,Low
69.0,-0.0089246266678448,1.116276502609253,24.0,0,0.00094409945,Low
69.0,0.1104193014884716,1.854334115982056,24.0,0,0.0023484442,Low
69.0,-0.0064281721632196,0.0,24.0,0,0.000963579,Low
69.0,0.1179136224914454,8.28909969329834,23.0,0,0.008201827,Low
69.0,0.2328729659510461,2.1642470359802246,23.0,0,0.0017292554,Low
69.0,0.0500756025971715,3.5635528564453125,24.0,0,0.0014389532,Low
69.0,0.3893398268398269,4.8261003494262695,24.0,0,0.0068198065,Low
69.0,0.2233429353837929,6.558992862701416,23.0,0,0.06490692,Low
69.0,0.2795275590551181,4.346705913543701,23.0,0,0.0008892738,Low
69.0,0.2982152888812066,1.4515087604522705,23.0,0,0.0029130825,Low
69.0,0.0145043857134667,8.92204475402832,23.0,0,0.0041733664,Low
69.0,0.0392662654055603,2.1642508506774902,24.0,0,0.0020126787,Low
69.0,0.0673826736517449,2.900989532470703,24.0,0,0.00263626,Low
69.0,0.0415108798615746,3.346672534942627,24.0,0,0.0024725806,Low
69.0,0.0306564335634352,2.164148092269897,24.0,0,0.005816269,Low
69.0,0.0907929501725156,5.642614364624023,24.0,0,0.0010442765,Low
220.0,0.0967387213431296,29.54914533510256,52.0,0,0.0028480578,Low
220.0,0.0817281827914516,1.1131165171227697,31.0,0,0.002054894,Low
230.0,0.401978965710374,0.9274099368729608,42.0,0,0.0004983287,Low
34.0,0.0187872131337071,0.9274099469184875,95.0,0,0.00068098324,Low
34.0,0.2028502680330775,2.909228563308716,21.0,0,0.004954439,Low
34.0,0.5386900127891107,3.704791784286499,21.0,0,0.0016490567,Low
34.0,0.3566066423960197,5.138146877288818,21.0,0,0.0003250876,Low
34.0,0.2597368667369567,1.4555639028549194,23.0,0,0.0030304575,Low
34.0,0.3237633598760625,2.9094510078430176,22.0,0,0.003461936,Low
34.0,0.1913412592276006,7.705203533172607,21.0,0,0.00044636853,Low
34.0,0.2249596881909231,6.476412296295166,22.0,0,0.0031993783,Low
34.0,0.2170661513749542,4.573686599731445,42.0,0,0.00039755844,Low
34.0,0.104354340636249,2.166910171508789,21.0,0,0.00024949454,Low
34.0,0.5133027293258247,3.5698916912078857,21.0,0,0.0016490567,Low
34.0,0.4451156372728237,7.273745536804199,21.0,0,0.0020895407,Low
34.0,0.1691946821308012,0.9274099469184875,21.0,0,0.00067059655,Low
34.0,0.5454069281841476,2.166826009750366,21.0,0,0.0021804317,Low
34.0,0.0246522647041666,7.705028533935547,24.0,0,0.0006024824,Low
34.0,0.5709280315742841,7.244983196258545,21.0,0,0.0056019183,Low
34.0,0.413204421757209,16.245059967041016,22.0,0,0.001635634,Low
33.0,0.5415825325519549,5.978281497955322,42.0,0,0.0011007405,Low
69.0,0.2295643619652686,5.207547664642334,52.0,0,0.00047267127,Low
69.0,0.5931468172951235,1.5165646076202393,42.0,0,0.001462979,Low
115.0,0.4823565587691604,3.017313584250792,52.0,0,0.009163616,Low
115.0,0.7542416815911018,23.608686447143555,52.0,0,0.00073516776,Low
115.0,0.5825610783487785,21.005599975585938,52.0,0,0.0018739812,Low
115.0,0.2198955682868403,5.032890796661377,71.0,0,0.0009197188,Low
115.0,0.2901803087300558,11.381831197582189,52.0,0,0.0030007274,Low
115.0,0.772696502444528,3.634002685546875,82.0,0,0.00036577546,Low
115.0,0.3137576389923983,6.568260129726894,52.0,0,0.0020175616,Low
115.0,0.3535108958837772,31.824609756469727,42.0,0,0.0011822489,Low
115.0,0.0277298120873539,4.380369663238525,24.0,0,0.0036500061,Low
115.0,0.0126495726495726,3.970240354537964,24.0,0,0.001203752,Low
115.0,0.0471360700368333,0.9274099469184875,71.0,0,0.00028328368,Low
115.0,0.1928513024179418,3.016012668609619,71.0,0,0.0018853337,Low
230.0,0.052235172828546,2.221778392791748,31.0,0,0.00014277751,Low
92.0,0.6480470390592188,2.994136571884156,82.0,0,0.012646313,Low
230.0,0.1820712297480551,0.0,82.0,0,0.0007332349,Low
92.0,0.5487276154571159,1.4407802820205688,82.0,0,0.0015488149,Low
92.0,0.5863005116424768,0.0,81.0,0,0.0007925705,Low
92.0,0.3323558162267839,3.4329752922058105,82.0,0,0.0009372419,Low
92.0,0.1634104674638919,0.9274099469184875,52.0,0,0.0020943854,Low
161.0,0.0617336451910128,2.161685943603516,52.0,0,0.00021205291,Low
161.0,0.0636819480995973,3.32200288772583,31.0,0,0.0009887848,Low
34.5,0.0609464354879132,4.40452241897583,31.0,0,0.00023535766,Low
92.0,0.3180237372343361,1.1083611249923706,22.0,0,0.0016505874,Low
161.0,0.2997377294866991,1.854334115982056,31.0,0,0.0007980529,Low
161.0,0.1589222959781335,1.442874550819397,82.0,0,0.0015560626,Low
161.0,0.1237352549232515,4.435919463712169,52.0,0,0.0005883575,Low
92.0,0.0578644604595546,2.158543999362828,31.0,0,0.00014445161,Low
92.0,0.0653936849370219,2.1574480533599854,22.0,0,0.00019782814,Low
92.0,0.0739022374704475,1.854334115982056,31.0,0,0.0011416456,Low
161.0,0.0673511980197485,3.30444884300232,22.0,0,0.019714123,Low
161.0,0.0848555832028853,3.787563562393189,52.0,0,0.0006396567,Low
161.0,0.0812399376453451,0.9274099469184875,31.0,0,0.0013426802,Low
161.0,0.0410240295511534,6.446630954742432,22.0,0,0.22116846,Low
34.5,0.8329631733898043,2.204447031021118,81.0,0,0.00016426595,Low
34.5,0.0752486067096492,3.787187337875366,31.0,0,0.00020950161,Low
92.0,0.1060636787669843,2.1622233390808105,52.0,0,0.00041337046,Low
92.0,0.0461465507680894,20.79161262512207,31.0,0,0.0008131609,Low
92.0,0.1931710213776722,0.9274099469184875,82.0,0,0.000870525,Low
92.0,0.2503447725033945,9.428751945495604,11.0,0,0.11379003,Low
92.0,0.1085884287168245,1.4402520656585691,52.0,0,0.0041518826,Low
92.0,0.0726085435534652,1.4402520656585691,31.0,0,0.0002775529,Low
161.0,0.2182439726520331,1.4496437311172483,23.0,0,0.082433544,Low
161.0,0.0897044721471536,0.9274099469184875,82.0,0,0.0013426802,Low
161.0,0.0478907071010358,0.9274099469184875,82.0,0,0.0004158292,Low
230.0,0.0653540186635185,2.7802884578704834,31.0,0,0.00022271344,Low
92.0,0.0511869293608841,0.9274099469184875,31.0,0,0.00028328368,Low
92.0,0.0688335260184857,2.1590845584869385,23.0,0,0.00025175288,Low
92.0,0.0688912214794762,5.859519958496094,24.0,0,0.0007245084,Low
92.0,0.0644844847173593,2.9000487327575684,31.0,0,0.00020841497,Low
92.0,0.0517838640070855,1.4504752159118652,52.0,0,0.0002775529,Low
92.0,-0.0359520639147802,0.0,23.0,0,0.0008151477,Low
92.0,0.0964318134208505,0.9274099469184875,23.0,0,0.0026168695,Low
92.0,0.0937398637690561,3.818712711334229,23.0,0,0.0010619487,Low
92.0,0.0499872155458961,0.9274099469184875,24.0,0,0.00031845432,Low
92.0,0.0692992644212156,5.855481624603272,23.0,0,0.000715983,Low
92.0,0.0812778664048758,2.4143259525299072,52.0,0,0.0005071824,Low
92.0,0.1106157026468322,5.782845973968506,52.0,0,0.00032304574,Low
92.0,0.0741261932833834,2.4143991470336914,82.0,0,0.0016354355,Low
92.0,0.3013154246634423,2.413574457168579,23.0,0,0.0015944253,Low
92.0,0.2162480732614017,3.4676432609558105,23.0,0,0.021882858,Low
92.0,0.0416838629797771,2.413388252258301,23.0,0,0.0006354437,Low
92.0,0.0628109452736318,1.1150758266448977,22.0,0,0.0005788686,Low
92.0,0.0026545079791386,2.163207530975342,24.0,0,0.00047961215,Low
92.0,0.0315152312652148,1.1144918203353882,24.0,0,0.0010773522,Low
92.0,0.1553591309335042,2.2280690670013428,22.0,0,0.00078058697,Low
92.0,0.0949101126389337,3.464768409729004,82.0,0,0.00043034286,Low
92.0,0.1109028846797403,2.162126064300537,82.0,0,0.0008293698,Low
92.0,0.0972189208462086,1.4494668245315552,24.0,0,0.0008122188,Low
92.0,0.1709446788560712,2.162996292114258,24.0,0,0.0008517668,Low
92.0,0.273859508421003,0.9274099469184875,24.0,0,0.0007279671,Low
92.0,0.0593966647929548,3.812911987304688,22.0,0,0.0007506687,Low
92.0,0.0518231409704278,2.162168264389038,22.0,0,0.00019782814,Low
92.0,0.2129601644199963,2.994422197341919,22.0,0,0.048824705,Low
92.0,0.0805928405222315,0.9274099469184875,52.0,0,0.00073746726,Low
92.0,0.1289326164054456,3.33057188987732,82.0,0,0.0010052295,Low
92.0,0.0983090627833786,1.854334115982056,31.0,0,0.00041337046,Low
92.0,0.121806054386865,1.4410542249679563,22.0,0,0.0038592531,Low
92.0,0.5787728026533997,3.864725351333618,81.0,0,0.0010204051,Low
92.0,0.5116604325906653,1.44118070602417,82.0,0,0.0015488149,Low
34.5,0.0748216159324837,2.2045912742614746,21.0,0,0.00024949454,Low
34.5,0.0405617390005228,2.1572155952453613,24.0,0,0.00029750628,Low
92.0,0.0776834368267646,6.556755542755127,22.0,0,0.019199818,Low
92.0,0.0850397808790921,0.9274099469184875,22.0,0,0.0020573882,Low
92.0,0.177625405990617,1.854334115982056,82.0,0,0.00055915077,Low
92.0,0.1016074617979757,0.0,82.0,0,0.00073746726,Low
92.0,0.0579623543471765,0.0,52.0,0,0.00028328368,Low
92.0,0.1450183193475948,0.0,22.0,0,0.0028457795,Low
92.0,0.2100108813928183,2.9905600547790527,23.0,0,0.04249316,Low
34.5,0.4646359273941164,1.441138505935669,82.0,0,0.0014078913,Low
34.5,0.0729749709578625,1.103071928024292,23.0,0,0.0004488653,Low
34.5,0.0632148921854474,1.4407986402511597,52.0,0,0.0003291414,Low
34.5,0.0807143846047348,1.854334115982056,22.0,0,0.00074848643,Low
34.5,0.2490452261306532,2.2052717208862305,23.0,0,0.0006283931,Low
92.0,0.0590032072494017,5.547544956207275,23.0,0,0.000715983,Low
34.5,0.0861976563971088,3.5463242530822754,23.0,0,0.002073786,Low
34.5,0.0985435805511987,1.854334115982056,82.0,0,0.00049062463,Low
34.5,0.0826347305389221,0.0,22.0,0,0.0007965288,Low
34.5,0.0762931622765115,0.9274099469184875,23.0,0,0.0010134832,Low
92.0,0.055643879173291,1.854334115982056,21.0,0,0.00012782925,Low
34.5,0.1338848285278291,1.4411121606826782,22.0,0,0.0014952922,Low
34.5,0.0978303747534516,1.854334115982056,21.0,0,0.0005348471,Low
34.5,0.0693473193473193,3.433560371398926,21.0,0,0.000993956,Low
34.5,0.5127882909520994,2.7802884578704834,22.0,0,0.0014268116,Low
34.5,0.2882537469501569,0.9274099469184875,82.0,0,0.00042752808,Low
34.5,0.0756691487220768,4.962223052978516,52.0,0,0.00020950161,Low
34.5,0.1538030693402038,2.394144058227539,21.0,0,0.0010579232,Low
92.0,0.1930009672030247,2.880577087402344,82.0,0,0.0005219352,Low
34.5,0.328397673188789,0.0,82.0,0,0.00042752808,Low
34.5,0.1291312985371139,1.4419262409210205,23.0,0,0.0019022097,Low
34.5,0.2662867703680887,2.395368814468384,82.0,0,0.0005952085,Low
34.5,0.3791170287316047,1.1050355434417725,82.0,0,0.00038945887,Low
92.0,0.3061844284925455,1.442677617073059,82.0,0,0.0009971091,Low
92.0,0.0621225194132873,2.396129608154297,82.0,0,0.00022492792,Low
92.0,-0.0090465668903989,2.991381883621216,23.0,0,0.0015059615,Low
34.5,0.6546864594298482,1.4426376819610596,82.0,0,0.00052533695,Low
34.5,0.6397337162250359,0.0,82.0,0,0.0006207861,Low
34.5,0.1200854285991651,0.9274099469184875,22.0,0,0.0011019291,Low
34.5,0.106606721024156,0.0,52.0,0,0.00056665775,Low
34.5,0.0661548882366223,2.8798930644989014,22.0,0,0.0006110214,Low
34.5,0.0710603003810804,2.157541275024414,22.0,0,0.00030159068,Low
34.5,0.4880423981450811,1.1043215990066528,82.0,0,0.00077442476,Low
34.5,0.5257750300226838,1.1052438020706177,82.0,0,0.00077442476,Low
34.5,0.3786823781467595,2.15733003616333,82.0,0,0.0012221279,Low
92.0,0.1240409207161125,1.4411332607269287,82.0,0,0.0013849476,Low
34.5,0.1174532074868021,0.0,82.0,0,0.0007839914,Low
34.5,0.0748153577267858,0.9274099469184875,22.0,0,0.0021983667,Low
34.5,0.1273717076294932,2.2024595737457275,82.0,0,0.00018081538,Low
92.0,0.4849703235688302,1.4400343894958496,82.0,0,0.0015488149,Low
34.5,0.1196384097407988,4.307284832000732,52.0,0,0.00022370604,Low
34.5,0.3954927087936367,2.3914577960968018,82.0,0,0.0015990204,Low
92.0,0.1003946719289591,4.770715236663818,52.0,0,0.00035122022,Low
92.0,0.2065314200890648,1.1017223596572876,52.0,0,0.000870525,Low
92.0,0.1841151328247579,0.0,82.0,0,0.000870525,Low
34.5,0.0801733477789815,2.156684160232544,52.0,0,0.00049062463,Low
34.5,0.0910564475499967,2.156568765640259,21.0,0,0.0005348471,Low
92.0,0.189585282195198,1.854334115982056,82.0,0,0.00055915077,Low
34.5,0.1245256985167299,0.9274099469184875,22.0,0,0.0011019291,Low
34.5,0.4072861236185018,1.105254292488098,82.0,0,0.00038945887,Low
34.5,0.1134438029541875,2.878345966339112,52.0,0,0.00065615895,Low
34.5,0.3906258293964648,1.44004225730896,23.0,0,0.00061922404,Low
34.5,0.0335245056356629,0.0,24.0,0,0.00037764208,Low
34.5,0.0920476966629492,2.156726121902466,21.0,0,0.0005348471,Low
34.5,0.5751187455267096,1.854334115982056,82.0,0,0.00084240915,Low
92.0,0.1033432694988312,2.392529010772705,52.0,0,0.0005071824,Low
92.0,0.0572439633638634,1.4409013986587524,22.0,0,0.0005788686,Low
92.0,0.1443316703939446,1.1029032468795776,52.0,0,0.001020583,Low
92.0,0.126917762744711,3.788155317306519,21.0,0,0.0006619456,Low
92.0,0.1478593128503867,2.391514778137207,52.0,0,0.0012253807,Low
92.0,0.7027195349802782,2.8812148571014404,82.0,0,0.00032711556,Low
34.5,0.4859566236375135,0.9274099469184875,82.0,0,0.00077442476,Low
34.5,0.7129492860659774,1.443002462387085,82.0,0,0.00052533695,Low
92.0,0.251733986128111,0.9274099469184875,11.0,0,0.0016814619,Low
92.0,0.6252282157676349,0.0,82.0,0,0.0007925705,Low
92.0,0.4771456757645511,1.107946515083313,82.0,0,0.0015488149,Low
92.0,0.0491062454266944,2.7802884578704834,52.0,0,0.00020841497,Low
92.0,0.0768192337361789,3.8013737201690674,82.0,0,0.00037578252,Low
92.0,0.4886739793600312,1.4447165727615356,82.0,0,0.0015488149,Low
92.0,0.0604431430926515,2.215177297592163,82.0,0,0.000106829684,Low
92.0,0.0674991396686495,3.8013737201690674,82.0,0,0.00023721921,Low
92.0,0.0961586189780216,2.214602470397949,21.0,0,0.0003181378,Low
92.0,0.3640265314085056,2.400676012039185,82.0,0,0.02000038,Low
92.0,0.145829033722706,1.854334115982056,52.0,0,0.0008293698,Low
92.0,0.0884862653419052,1.4445632696151731,52.0,0,0.0007225554,Low
92.0,0.6940729667488182,2.400443315505981,82.0,0,0.00031141436,Low
92.0,0.069152018543558,1.107641339302063,52.0,0,0.0002775529,Low
34.5,0.0627005247842415,2.399965524673462,82.0,0,0.0002861619,Low
92.0,0.0647891887513332,1.1053931713104248,21.0,0,0.00038181755,Low
34.5,0.1929934969582546,1.4428292512893677,23.0,0,0.0018701775,Low
34.5,0.081208449044854,1.854334115982056,23.0,0,0.0009523678,Low
34.5,0.1227208976157082,1.854334115982056,22.0,0,0.0015007291,Low
34.5,0.0740017361111111,1.4429970979690552,82.0,0,0.0015329608,Low
92.0,0.065424346769293,1.854334115982056,22.0,0,0.00019782814,Low
92.0,0.0776758409785932,2.4013679027557373,82.0,0,0.00040555254,Low
92.0,0.1153995068571312,2.404355049133301,82.0,0,0.0004833639,Low
92.0,0.0345167271884416,3.796981987955705,52.0,0,0.00031697587,Low
92.0,0.328189518888181,2.2043991088867188,82.0,0,0.0002952413,Low
161.0,0.0875908328307617,1.4405382871627808,23.0,0,0.035127282,Low
34.5,0.1297571434461716,1.1025937795639038,22.0,0,0.0011019291,Low
34.5,0.3751112241006737,0.9274099469184875,82.0,0,0.00038945887,Low
34.5,0.1500430933166183,3.788227081298828,82.0,0,0.0001642094,Low
92.0,0.0650746268656716,1.854334115982056,22.0,0,0.00019782814,Low
34.5,0.0676862078731237,2.2036168575286865,22.0,0,0.0002511317,Low
92.0,0.0531024918355477,2.893065929412842,31.0,0,0.00020841497,Low
230.0,0.5512471180046112,1.4409223794937134,82.0,0,0.0013612211,Low
230.0,0.2047617119488196,1.1034510135650637,82.0,0,0.0007332349,Low
92.0,0.078272604588394,0.0,52.0,0,0.00073746726,Low
92.0,0.0716236084856122,2.157444477081299,52.0,0,0.00014445161,Low
92.0,0.1029439558043177,1.4411464929580688,22.0,0,0.002015841,Low
92.0,0.0751034890597279,0.0,52.0,0,0.00073746726,Low
161.0,0.0881717795169467,2.162479226404696,82.0,0,0.0007528092,Low
92.0,0.0666426998606928,2.2139092641444864,31.0,0,0.00013361072,Low
92.0,0.0662859025756494,2.393507480621338,82.0,0,0.00022492792,Low
92.0,0.0631439894319682,0.9274099469184875,21.0,0,0.00038181755,Low
161.0,0.0580790656187415,2.2168354988098145,22.0,0,0.002700588,Low
92.0,0.1012340724390488,2.2149670124053955,82.0,0,0.00016560918,Low
34.5,0.0742072050483265,1.854334115982056,22.0,0,0.002065948,Low
230.0,0.0939673969473575,1.108009696006775,82.0,0,0.0007946301,Low
230.0,0.0576706657328836,1.1163164377212524,31.0,0,0.00048339012,Low
230.0,0.0863621040540371,4.627367496490479,52.0,0,0.00042229125,Low
500.0,0.0885520446721371,2.9280335707560954,52.0,0,0.0007201463,Low
500.0,0.1208704287986782,9.967462539672852,52.0,0,0.000543941,Low
500.0,0.1357132533603121,12.281739234924316,52.0,0,0.00064793346,Low
500.0,0.0835105970701964,16.530759811401367,52.0,0,0.00065260625,Low
220.0,0.2397790055248618,2.2514376640319824,52.0,0,0.0017364632,Low
230.0,0.2056870181436177,3.4766924381256104,23.0,0,0.0020284923,Low
230.0,0.2717747216764898,11.07598114013672,22.0,0,0.03423491,Low
138.0,0.2589272374122217,12.92722225189209,22.0,1,0.5664334,Medium
138.0,0.2106908874329958,16.418954849243164,22.0,1,0.9920804,High
220.0,0.0283625595706287,2.904703378677368,24.0,0,0.16122949,Low
220.0,0.1499773448119619,4.465420246124268,52.0,0,0.00093500846,Low
138.0,0.2977467811158798,2.90446138381958,23.0,0,0.047785066,Low
220.0,0.0231341208677612,1.1191046237945557,24.0,0,0.0015509224,Low
500.0,0.1028530836840933,5.004752540981265,52.0,0,0.00042229125,Low
500.0,0.2542800504595423,4.760811803998069,52.0,0,0.0007819378,Low
230.0,0.3283991228070175,23.646772384643555,52.0,0,0.000490214,Low
230.0,0.1278704375151075,2.4249558448791504,24.0,0,0.000579253,Low
230.0,0.0760452533202164,4.326619625091553,23.0,0,0.0015837529,Low
230.0,0.5243204895135902,0.9274099469184875,21.0,0,0.006560951,Low
230.0,0.2934501142421934,2.908261299133301,23.0,0,0.002340315,Low
230.0,0.0775598699122893,1.1209464073181152,22.0,0,0.0043065813,Low
230.0,0.0583307477505429,4.475205421447754,23.0,0,0.0020286147,Low
230.0,0.5023041474654378,6.2305192947387695,22.0,0,0.0017208542,Low
230.0,0.6653595977303133,32.52107620239258,52.0,0,0.00051748205,Low
230.0,0.2978300917849981,1.1221147775650024,23.0,0,0.0029643616,Low
230.0,0.3605029971331769,0.0,23.0,0,0.0018932627,Low
230.0,0.2130718889841298,1.854334115982056,23.0,0,0.001861481,Low
230.0,0.265850144092219,4.627367496490479,22.0,0,0.002630947,Low
230.0,0.6998514115898959,8.60306453704834,52.0,0,0.00077592954,Low
230.0,0.7005505308690523,6.700260639190674,21.0,0,0.0029375665,Low
230.0,0.0757795121650012,2.426872730255127,23.0,0,0.0012838489,Low
230.0,-0.004344304330672,0.0,11.0,0,0.001317491,Low
230.0,0.2810580332522117,6.953268051147461,23.0,0,0.0034988204,Low
230.0,0.0297002293759392,7.644425392150879,23.0,0,0.0035458496,Low
230.0,0.160847447089415,1.4561413526535034,22.0,0,0.006728758,Low
230.0,0.148845201857703,1.4561070203781128,23.0,0,0.0065290285,Low
230.0,0.1700108665942227,1.1227861642837524,23.0,0,0.0077868705,Low
230.0,0.1944663938389688,1.4561156034469604,21.0,0,0.0016922405,Low
230.0,-0.7246376811594202,0.0,11.0,0,0.001317491,Low
230.0,-0.9712540424002876,0.0,11.0,0,0.001317491,Low
230.0,0.6920015406342277,3.844347715377808,22.0,0,0.0009706588,Low
230.0,0.1978903921119009,4.851425647735596,52.0,0,0.00043945923,Low
230.0,0.2381083436539608,6.7747883796691895,52.0,0,0.001685521,Low
230.0,0.5377733598409542,6.5601325035095215,52.0,0,0.008958006,Low
230.0,0.4130559048816736,19.04758644104004,71.0,0,0.0010402536,Low
230.0,0.500556586270872,19.04758644104004,71.0,0,0.00084529334,Low
230.0,0.4171379173720419,13.348067283630373,71.0,0,0.001232328,Low
500.0,0.230765709533723,14.085318565368652,52.0,0,0.0005729448,Low
500.0,0.213815443511916,10.695748329162598,52.0,0,0.0018761872,Low
230.0,0.3373437743089768,15.386483192443848,52.0,0,0.00058078713,Low
230.0,0.4119638993643725,20.66300773806061,52.0,0,0.0007972851,Low
230.0,0.0232174425456688,2.1667723655700684,24.0,0,0.00043468314,Low
230.0,-0.0027342063606274,1.4552501440048218,24.0,0,0.00036226356,Low
230.0,0.0128442279133991,1.4552501440048218,24.0,0,0.00036226356,Low
230.0,0.124103672386028,0.9274099469184875,23.0,0,0.0064834426,Low
230.0,0.0229941291585127,0.9274099469184875,24.0,0,0.0009804076,Low
230.0,0.0439274906000672,2.1664249897003174,23.0,0,0.00040026428,Low
230.0,0.1268846113731443,2.2377586364746094,24.0,0,0.00021899329,Low
230.0,0.0415339340432632,2.4216113090515137,24.0,0,0.00043805497,Low
230.0,0.0939330053876786,2.1653318405151367,24.0,0,0.00020367093,Low
230.0,0.0467513069454817,4.351509094238281,24.0,0,0.0010554031,Low
230.0,0.0035028723553313,3.473583698272705,24.0,0,0.0015806013,Low
230.0,0.0248622108835351,5.858109951019287,23.0,0,0.001824012,Low
230.0,0.0309228361728857,5.132548332214356,23.0,0,0.005062988,Low
115.0,0.0054342958972169,2.7802884578704834,24.0,0,0.0010594104,Low
115.0,0.3516222808834831,2.7802884578704834,22.0,0,0.0009785062,Low
115.0,0.1630996309963099,3.8684334754943848,23.0,0,0.002097445,Low
115.0,0.0062430513982724,2.901430130004883,24.0,0,0.00325928,Low
138.0,0.2142857142857142,2.1648457050323486,23.0,0,0.041646287,Low
230.0,0.1160067786165459,2.9059042930603027,24.0,0,0.0012774002,Low
230.0,0.3937366980845241,3.869499683380127,23.0,0,0.0018545815,Low
230.0,0.1598971722365038,5.70812463760376,23.0,0,0.0016865482,Low
230.0,0.1617779021808033,9.260454177856444,23.0,0,0.12352478,Low
230.0,0.0453045304530453,2.1656970977783203,23.0,0,0.00040026428,Low
230.0,0.0718154813908789,3.478663206100464,24.0,0,0.00052905746,Low
230.0,0.047277079593058,2.9964139461517334,24.0,0,0.0010489164,Low
230.0,0.2193319538870824,4.990450382232666,24.0,0,0.00095688493,Low
287.0,0.1260507703664896,1.4561242255874902,71.0,0,0.00055450737,Low
287.0,0.2631400842165626,4.576676134714356,71.0,0,0.0005872586,Low
287.0,0.0781298471083536,4.469031932310092,23.0,0,0.0015837529,Low
287.0,0.6453843955415832,0.0,22.0,0,0.0025352945,Low
287.0,0.409930706189178,1.4523963928222656,23.0,0,0.0037693263,Low
230.0,0.1331733653269346,4.556949615478516,23.0,0,0.0014197296,Low
230.0,0.1913715201865617,12.81509494781494,23.0,0,0.0030380404,Low
287.0,0.0801331154855521,0.9274099368611016,52.0,0,0.0008110282,Low
500.0,0.0904923623048648,3.000436521116592,52.0,0,0.0007201463,Low
500.0,0.1103702799402743,3.5338252133698536,52.0,0,0.00041696502,Low
138.0,0.2245681381957773,6.464860916137695,22.0,0,0.4675087,Medium
138.0,0.268520797440315,6.677794933319092,22.0,0,0.37379643,Medium
230.0,0.1507323988029611,20.097062380368424,52.0,0,0.00039680133,Low
60.0,0.7530025284450064,11.411687850952148,21.0,0,0.017575813,Low
60.0,0.2373960031279664,21.84949111938477,52.0,0,0.00060426805,Low
60.0,0.3891396630875319,2.604991912841797,23.0,0,0.001209262,Low
60.0,0.8593547768563348,1.854334115982056,52.0,0,0.00040993717,Low
60.0,0.4432424635799798,3.05842399597168,90.0,0,0.010146649,Low
60.0,0.588362776646746,1.5304418802261353,82.0,0,0.0009010848,Low
60.0,0.1877983655635569,1.217267394065857,52.0,0,0.0010610638,Low
60.0,0.1194118538023279,0.0,52.0,0,0.0007839914,Low
60.0,0.2356649196387952,9.03515911102295,52.0,0,0.0005483376,Low
60.0,0.6583339679240523,3.693484783172608,42.0,0,0.00029054508,Low
60.0,0.5699351016591353,8.65666675567627,42.0,0,0.00091850467,Low
60.0,0.5019825790417669,3.6911346912384033,52.0,0,0.0011007405,Low
60.0,0.2666009809547526,7.761906147003174,42.0,0,0.00041028298,Low
60.0,0.3895619006688335,2.2181427478790283,22.0,0,0.00024748736,Low
60.0,0.0854157403290351,1.854334115982056,22.0,0,0.00074848643,Low
60.0,0.1129004858492168,3.034569025039673,24.0,0,0.0026805382,Low
60.0,0.2175998997156711,1.2170768976211548,82.0,0,0.0012676548,Low
60.0,0.1395348837209302,1.854334115982056,71.0,0,0.0009839667,Low
60.0,0.1186946202149207,2.216857433319092,52.0,0,0.00024428475,Low
60.0,0.3453442411986396,0.9274099469184875,95.0,0,0.00042752808,Low
110.0,0.0972496854215351,0.0,81.0,0,0.00073746726,Low
110.0,0.061321555970783,1.493651032447815,24.0,0,0.0002725072,Low
60.0,0.3052041879855979,3.6340930461883545,82.0,0,0.0002471473,Low
60.0,0.282047235893851,2.986783504486084,23.0,0,0.002994474,Low
60.0,0.0577292886226813,2.5190646648406982,24.0,0,0.00065446267,Low
60.0,0.0594577453622958,5.1817402839660645,24.0,0,0.00034298497,Low
60.0,0.0722883279455258,6.55341911315918,23.0,0,0.0019595174,Low
60.0,0.4826520334803598,2.342027425765991,23.0,0,0.0013704788,Low
60.0,0.5782655083066606,2.518242597579956,23.0,0,0.0015147107,Low
60.0,0.0775382266069239,2.518527269363404,23.0,0,0.0013648304,Low
60.0,0.1080352507771307,2.5192928314208984,23.0,0,0.0056552864,Low
60.0,0.3188121914910287,1.171884536743164,24.0,0,0.00066995516,Low
60.0,0.1082283172720533,2.3427894115448,24.0,0,0.0026162881,Low
110.0,0.3285328249206262,2.1929800510406494,23.0,0,0.00059753185,Low
60.0,0.1034659130029934,2.3424389362335205,24.0,0,0.00062994706,Low
60.0,0.0222440250800999,2.342763185501098,71.0,0,0.0008570252,Low
60.0,0.3617564462598927,1.1716915369033811,22.0,0,0.0005265004,Low
60.0,0.3302538827439968,5.181606769561768,23.0,0,0.0003100605,Low
60.0,0.3113686677952858,2.9869346618652344,82.0,0,0.0018881363,Low
60.0,0.2210039100227436,2.5195860862731934,23.0,0,0.0029059777,Low
60.0,0.0866963064295485,0.9274099469184875,23.0,0,0.0010134832,Low
60.0,0.4286897122748913,4.678242206573486,22.0,0,0.00092755334,Low
60.0,0.8521756148476742,5.836872100830078,82.0,0,0.00030703095,Low
60.0,0.7102220166512488,2.9850008487701416,82.0,0,0.0016311698,Low
60.0,0.208713190802743,2.1928725242614746,22.0,0,0.0017388064,Low
60.0,0.1289179937490698,0.9274099469184875,82.0,0,0.0007839914,Low
60.0,0.6949564512862062,1.1716476678848269,82.0,0,0.00052533695,Low
60.0,0.374238114587566,1.4942830801010132,23.0,0,0.0012106651,Low
60.0,0.4328715316636437,7.229034900665283,22.0,0,0.0034360571,Low
60.0,0.1991524447822381,5.432491302490234,23.0,0,0.00064442743,Low
60.0,0.0233418598477026,10.16151237487793,24.0,0,0.0011174674,Low
60.0,0.5066699402569769,0.9274099469184875,22.0,0,0.00061750103,Low
60.0,0.0905696386341949,10.924370765686035,24.0,0,0.0008281075,Low
60.0,0.4757376341259635,2.192776918411255,23.0,0,0.00051353266,Low
60.0,0.0926820697531406,2.517909288406372,24.0,0,0.0007905211,Low
60.0,0.1488788413843783,0.0,24.0,0,0.0015858428,Low
60.0,0.0841039189784236,1.4936647415161133,24.0,0,0.00058995,Low
60.0,0.574344760141418,7.235551834106445,23.0,0,0.0027679102,Low
60.0,0.4931853727563863,5.097504138946533,22.0,0,0.0005492954,Low
60.0,0.0176038965545523,1.4940286874771118,24.0,0,0.00064512214,Low
110.0,0.0773806128850901,5.18174409866333,22.0,0,0.001113376,Low
60.0,0.1396639017558978,3.969172954559326,23.0,0,0.0005630393,Low
60.0,0.3561308132165291,3.51323676109314,81.0,0,0.0009527439,Low
60.0,0.3255248399424289,3.631112098693848,81.0,0,0.0002471473,Low
60.0,0.1228888226204353,0.9274099469184875,23.0,0,0.0014019501,Low
60.0,0.4914398990809155,2.34339451789856,82.0,0,0.0022006365,Low
60.0,0.4344481334521013,3.512448787689209,23.0,0,0.0033666173,Low
60.0,0.3508819355274717,2.518975019454956,23.0,0,0.0010779174,Low
60.0,0.1534361851332398,1.1718626022338867,24.0,0,0.00064740505,Low
60.0,0.0944467888547998,2.5187551975250244,23.0,0,0.0013648304,Low
60.0,0.2126655152561888,2.7802884578704834,22.0,0,0.0065119895,Low
60.0,0.086209382645973,3.0160837173461914,23.0,0,0.0033827575,Low
60.0,0.0224023243367229,2.192622661590576,24.0,0,0.0005933325,Low
60.0,0.0196028038015263,5.181219100952148,24.0,0,0.00061378686,Low
69.0,0.3042995646669095,3.9680490493774414,71.0,0,0.00076903205,Low
69.0,0.2851169304865638,6.564391613006592,71.0,0,0.0030308277,Low
60.0,0.2832611440913007,6.568333625793457,71.0,0,0.0013822957,Low
60.0,0.3160802238070845,8.28909969329834,71.0,0,0.0011406672,Low
60.0,0.1523320278724378,3.967077255249024,21.0,0,0.0003762245,Low
115.0,0.0068420180401998,2.3325212001800537,23.0,0,0.0008139748,Low
115.0,0.1746873487885379,2.3335742950439453,82.0,0,0.00070440094,Low
115.0,0.2016333601435377,0.9274099368611016,82.0,0,0.000870525,Low
110.0,0.1080051545661809,3.632347345352173,24.0,0,0.002573148,Low
60.0,0.3437357741182066,4.765234470367432,23.0,0,0.0003100605,Low
60.0,0.1354362050944288,2.985445737838745,31.0,0,0.0018407484,Low
230.0,0.0239328892178632,0.0,95.0,0,0.0008721934,Low
115.0,0.7237867544322663,7.3788604736328125,82.0,0,0.001036765,Low
230.0,0.0417188360795312,2.99530291557312,22.0,0,0.0023312555,Low
230.0,0.0545910372923848,3.822545766830444,52.0,0,0.00072438415,Low
230.0,0.0845696575551264,16.090845108032227,52.0,0,0.00065260625,Low
230.0,0.1015278462296697,2.168635812052737,52.0,0,0.00013975383,Low
230.0,0.1130090615560879,1.4638647187552711,52.0,0,0.00055450737,Low
230.0,0.0674642738451312,2.9989528115659576,52.0,0,0.00071993045,Low
230.0,0.1051903889989163,2.2647199901896777,52.0,0,0.0003422494,Low
230.0,0.0675146294917488,3.5654437789055886,52.0,0,0.00044972915,Low
69.0,0.0700158557957106,1.13007722679693,52.0,0,0.00044619304,Low
60.0,0.2769991960948442,0.0,52.0,0,0.00042752808,Low
60.0,0.7314886300984828,10.85247039794922,42.0,0,0.0011581326,Low
110.0,0.5937994427703485,7.3788604736328125,52.0,0,0.0009765816,Low
60.0,0.2915448651163732,18.03567314147949,52.0,0,0.000578531,Low
110.0,0.3270941550393575,3.031724452972412,52.0,0,0.002428339,Low
110.0,0.6637531176376078,9.492199897766112,42.0,0,0.00068140094,Low
110.0,0.475970674460579,0.9274099469184875,42.0,0,0.0009886821,Low
60.0,0.4403174383262926,4.779072284698486,42.0,0,0.0018580324,Low
60.0,0.3712249214962358,19.8322868347168,52.0,0,0.0016414226,Low
60.0,0.4123386871923512,0.9274099469184875,42.0,0,0.00038945887,Low
60.0,0.6502903968404824,16.77448844909668,42.0,0,0.00096404686,Low
60.0,0.5557683297003281,4.407266139984131,21.0,0,0.0016490567,Low
60.0,0.0331031545095493,4.408019065856934,24.0,0,0.00034298497,Low
60.0,0.3656889709769595,23.74326133728028,21.0,0,0.0019059487,Low
60.0,0.0980573588028648,2.2076985836029053,23.0,0,0.00044435833,Low
60.0,-0.0031766355100122,1.854334115982056,24.0,0,0.0006031038,Low
60.0,0.6336075622412238,4.627367496490479,42.0,0,0.00052364316,Low
60.0,0.4064998847538165,2.5677266120910645,42.0,0,0.0030052685,Low
60.0,0.5515176410934461,7.203638076782227,21.0,0,0.0060969037,Low
345.0,0.1901541443954683,5.547544894612033,52.0,0,0.00043945923,Low
110.0,0.5028164455601783,4.52094841003418,42.0,0,0.0018613179,Low
115.0,0.5256213147713258,22.77289390563965,23.0,0,0.02167069,Low
60.0,0.191964469866762,3.7208445072174072,52.0,0,0.00025973486,Low
60.0,0.1925206618359868,2.7802884578704834,71.0,0,0.00076178234,Low
230.0,0.1660371151104558,3.720548629760742,52.0,0,0.00043945923,Low
60.0,0.2274439370991988,2.4757683277130127,52.0,0,0.0024670851,Low
60.0,0.203810820006805,1.238462209701538,52.0,0,0.0010610638,Low
110.0,0.6644751206967661,13.086977005829516,42.0,0,0.0005522502,Low
60.0,0.6113990248970004,7.472382545471191,42.0,0,0.00091850467,Low
345.0,0.2670781718622728,1.5386992833733226,22.0,0,0.00078340597,Low
60.0,0.0509427106208688,1.5202090740203855,24.0,0,0.00031824035,Low
60.0,0.137054953238062,3.71076774597168,52.0,0,0.00022370604,Low
60.0,0.5242090416473628,27.75296401977539,52.0,0,0.0011803843,Low
60.0,0.2427435570265066,11.063872337341309,22.0,0,0.021600801,Low
60.0,0.1203417110313235,13.02405071258545,42.0,0,0.0007089475,Low
60.0,0.4348410129683419,3.675690889358521,52.0,0,0.0018580324,Low
345.0,0.1883870822331983,13.761676562899856,52.0,0,0.000628203,Low
60.0,0.1962424705100044,16.43280601501465,22.0,0,0.0033241936,Low
115.0,0.1499604385867237,3.102622195906537,52.0,0,0.0010398483,Low
115.0,0.4277556234200483,1.854334168853263,90.0,0,0.0024505905,Low
115.0,0.5826741201701648,16.628421783447266,42.0,0,0.0026120637,Low
115.0,0.7547968148561691,28.61016082763672,41.0,0,0.00073516776,Low
69.0,0.8544119651468345,7.657796859741211,71.0,0,0.0021516085,Low
69.0,0.5809301306855515,0.0,81.0,0,0.0012351808,Low
69.0,-0.2824243813015582,0.0,11.0,0,0.00073580805,Low
69.0,0.7544382402526625,3.0451951026916504,95.0,0,0.0015638527,Low
69.0,0.8652382195691998,18.012788772583008,43.0,0,0.0006695977,Low
69.0,0.2515081775223673,1.5509830713272097,23.0,0,0.0015162678,Low
69.0,0.7324858592337746,4.790040969848633,95.0,0,0.00046147697,Low
230.0,0.287739893160984,1.854334115982056,52.0,0,0.00022002574,Low
230.0,0.3089538171536286,5.251697063446045,52.0,0,0.00045766175,Low
115.0,0.4062435958740351,3.1066434383392334,52.0,0,0.008113807,Low
69.0,0.4405224854414314,19.68861389160156,42.0,0,0.0020675086,Low
69.0,0.1534090909090909,15.567946434020996,71.0,0,0.0011105832,Low
115.0,0.2934361009462464,15.280298233032228,52.0,0,0.00088819163,Low
115.0,0.291168309252703,4.7908196449279785,52.0,0,0.0005115414,Low
69.0,0.7916722612600517,6.676292896270752,42.0,0,0.0015795609,Low
69.0,0.3894485486157749,17.97756576538086,42.0,0,0.0018765669,Low
115.0,0.2665982996460352,12.282562414844564,71.0,0,0.0016758187,Low
69.0,0.13529310641224,0.0,71.0,0,0.0016399449,Low
69.0,0.1722804258665023,7.48099422454834,22.0,0,0.008952903,Low
115.0,0.3366536094012311,3.095375061035156,52.0,0,0.002428339,Low
69.0,0.2982928773675674,0.0,52.0,0,0.0008834057,Low
69.0,0.2770810384013845,2.647071123123169,71.0,0,0.0012128957,Low
115.0,0.1953150538577454,1.2422105073928833,71.0,0,0.0013638078,Low
115.0,0.6383652126049264,1.5492116212844849,82.0,0,0.00093881617,Low
69.0,0.7282435585624515,0.9274099469184875,81.0,0,0.00044136756,Low
115.0,0.2708496596528278,15.723154067993164,71.0,0,0.0016758187,Low
115.0,0.114420492163088,4.451761245727539,23.0,0,0.0009768156,Low
69.0,0.2426711999138666,4.451761245727539,22.0,0,0.0016376746,Low
115.0,0.4818697572956473,3.0897250175476074,42.0,0,0.009163616,Low
115.0,0.3213171702909249,5.228343963623047,22.0,0,0.0008298042,Low
69.0,0.649853380576513,38.05942535400391,31.0,0,0.007995933,Low
69.0,0.8208265919985575,6.579494953155518,42.0,0,0.0015795609,Low
69.0,0.7389368485369116,5.25921630859375,21.0,0,0.0043725236,Low
69.0,0.3421135873472322,6.4154953956604,22.0,0,0.016559124,Low
69.0,0.754902093527693,10.99743938446045,42.0,0,0.0027616287,Low
69.0,0.3883421650264951,11.883977890014648,52.0,0,0.0022227184,Low
69.0,0.1985739109593144,2.231563329696656,71.0,0,0.00068783574,Low
69.0,0.7922485097254596,32.20198440551758,42.0,0,0.0006695977,Low
69.0,0.4720183778954757,27.511627197265625,21.0,0,0.03159145,Low
69.0,0.5996026591273783,19.45892906188965,71.0,0,0.0017070132,Low
69.0,0.7741914743136373,21.35188865661621,42.0,0,0.0006695977,Low
69.0,0.6779483600837404,35.51116943359375,42.0,0,0.0006695977,Low
69.0,0.5910981697171381,18.91738684766129,71.0,0,0.0017070132,Low
69.0,0.5077807653064498,1.854334115982056,82.0,0,0.002955964,Low
69.0,0.7090891651779826,1.854334168853263,82.0,0,0.00043800217,Low
69.0,0.125934130745938,1.854334115982056,23.0,0,0.0031051934,Low
69.0,0.8171416263949277,13.295788764953612,42.0,0,0.0007932879,Low
69.0,0.7684852755564872,17.395647048950195,42.0,0,0.0006695977,Low
115.0,0.5646076956669416,10.145227432250977,42.0,0,0.0030653558,Low
69.0,0.7473199364121795,13.851484298706056,52.0,0,0.0007932879,Low
69.0,0.2403617444567871,1.554381251335144,21.0,0,0.0012436173,Low
69.0,0.2552584888345059,3.7304534912109375,81.0,0,0.00064666074,Low
69.0,0.4402352142937916,2.4936013221740723,21.0,0,0.10042779,Low
69.0,0.195544266039011,1.2471195459365845,71.0,0,0.002191006,Low
69.0,0.1864585523858546,1.2440016269683838,52.0,0,0.002191006,Low
69.0,0.2704337431084625,1.854334168853263,71.0,0,0.00066906825,Low
69.0,0.2414873365258004,3.0429506301879883,71.0,0,0.0022511221,Low
69.0,0.0428156069905012,2.4730989980431413,22.0,0,0.002980738,Low
69.0,0.1265296032301924,1.2377297640032905,52.0,0,0.0022249392,Low
69.0,0.2325532904550339,24.46247291564941,52.0,0,0.0010017735,Low
33.0,0.6036978603663992,1.551699995994568,82.0,0,0.0009010848,Low
69.0,0.6201008655542742,11.862368402878094,42.0,0,0.0020219523,Low
115.0,0.2442388003507398,5.9259541576020025,52.0,0,0.0026869718,Low
230.0,0.6332409223071201,7.479733943939209,42.0,0,0.0014260813,Low
69.0,0.7482819104580614,0.0,82.0,0,0.00044136756,Low
69.0,0.4725063695478572,0.9274099469184875,22.0,0,0.0030007174,Low
69.0,0.23185570537508,4.17009973526001,31.0,0,0.00047267127,Low
69.0,0.2539446563103728,5.256014823913574,52.0,0,0.0006321152,Low
69.0,0.3292263639722485,19.903871536254883,52.0,0,0.0009591221,Low
69.0,0.624793691545938,4.462158203125,42.0,0,0.0012582301,Low
115.0,0.2677939441604404,11.060139656066896,21.0,0,0.26314548,Low
69.0,0.250658878837524,3.106957197189331,81.0,0,0.00283378,Low
115.0,0.3326814135419477,13.372524015408036,42.0,0,0.00088819163,Low
115.0,0.4097107174716452,8.29227480366303,42.0,0,0.0013448636,Low
115.0,0.8244293557920089,20.71623992919922,41.0,0,0.00073516776,Low
115.0,0.6991082188479153,23.817859649658203,41.0,0,0.00073516776,Low
69.0,0.5436024710110557,0.9274099469184875,23.0,0,0.003289499,Low
115.0,0.8727883068185371,28.03765106201172,43.0,0,0.00073516776,Low
115.0,0.8426363067200133,13.39177417755127,71.0,0,0.0005522502,Low
115.0,0.8841276131972654,0.9274099469184875,42.0,0,0.0002831287,Low
69.0,0.8851076857287253,2.7802884578704834,42.0,0,0.00058101164,Low
69.0,0.1857744501637809,1.2423501014709473,71.0,0,0.002191006,Low
69.0,0.5912958340802845,12.992965698242188,42.0,0,0.0020219523,Low
69.0,0.8567144413096541,37.7832145690918,43.0,0,0.0006695977,Low
69.0,0.0599126953086723,1.236882209777832,23.0,0,0.0011837955,Low
69.0,0.6696993099637716,8.885578155517578,21.0,0,0.029511193,Low
69.0,0.1440623264331927,21.583118438720703,22.0,0,0.02001925,Low
115.0,0.5989567897575722,15.032339096069336,42.0,0,0.0014081153,Low
69.0,0.6869446634420746,20.281362533569336,42.0,0,0.0006695977,Low
60.0,0.8667544288312007,11.359150886535645,42.0,0,0.0015132185,Low
60.0,0.4875557867645045,25.04149436950684,42.0,0,0.0011803843,Low
60.0,0.1381559812190967,12.466588973999023,52.0,0,0.0007089475,Low
60.0,0.0863213467734631,1.5238959789276123,24.0,0,0.00058995,Low
60.0,0.6009975062344141,38.02307025849055,42.0,0,0.00096404686,Low
60.0,0.8381303704358197,8.096454620361328,42.0,0,0.0004996417,Low
60.0,0.8957935191213222,29.24761390686035,42.0,0,0.0005624938,Low
60.0,0.8786953504510756,17.644290924072266,42.0,0,0.0005624938,Low
60.0,0.8666913841422853,20.88356208801269,42.0,0,0.0005624938,Low
60.0,0.0198592432583095,8.232571601867676,95.0,0,0.001091423,Low
60.0,0.7677086504414145,23.98799514770508,42.0,0,0.0005624938,Low
60.0,0.8826950046978291,15.599705696105955,42.0,0,0.0005810695,Low
60.0,0.5460795944106592,11.525754928588867,82.0,0,0.0009324108,Low
60.0,0.5065361397118224,0.0,82.0,0,0.00077442476,Low
60.0,0.5495732514141125,1.854334115982056,82.0,0,0.00205105,Low
60.0,0.2702489896712281,3.8884339332580566,23.0,0,0.0006055145,Low
60.0,0.5571876476399089,13.90226936340332,52.0,0,0.0012193414,Low
60.0,0.3140980530143091,2.551344394683838,71.0,0,0.0008882636,Low
500.0,0.2313065662394461,1.4718866348266602,82.0,0,0.0007945926,Low
500.0,0.2795391663264843,1.4718897342681885,82.0,0,0.0010844556,Low
230.0,0.0338350391330524,2.175126791000366,82.0,0,0.00011415917,Low
230.0,0.130047607630921,5.319163799285889,22.0,0,0.0014884576,Low
230.0,0.1323593590889254,5.319163799285889,22.0,0,0.0014884576,Low
230.0,0.1459832134292565,2.274232864379883,71.0,0,0.000707007,Low
230.0,0.6324928401193647,21.6734619140625,42.0,0,0.0008869306,Low
230.0,0.2628434886499403,11.383676528930664,52.0,0,0.0054803896,Low
230.0,0.2990801719915092,18.743871688842773,71.0,0,0.000490214,Low
230.0,0.2891821978464839,18.743871688842773,71.0,0,0.000490214,Low
230.0,0.1961221927744455,7.965132713317871,71.0,0,0.0011245013,Low
230.0,0.2899800928998009,10.75576400756836,71.0,0,0.0006320197,Low
230.0,0.2186647813352186,7.965132713317871,71.0,0,0.0017204088,Low
230.0,0.1985442113099341,24.38737297058105,71.0,0,0.0005302391,Low
230.0,0.2677810553916748,5.318063735961914,71.0,0,0.0005872586,Low
230.0,0.2404467960023515,5.318063735961914,71.0,0,0.00026692846,Low
230.0,0.2127331370074323,14.157435417175291,23.0,0,0.121085994,Low
230.0,0.2223462397044107,14.157435417175291,23.0,0,0.0052013677,Low
115.0,0.1693989071038251,2.454829931259156,71.0,0,0.00080005423,Low
230.0,0.0977971095832748,1.1344752311706543,82.0,0,0.0007946301,Low
115.0,0.4122430539868986,3.5323548316955566,82.0,0,0.0036649797,Low
230.0,0.4740244747171553,1.1375410556793213,82.0,0,0.0011931146,Low
115.0,0.1502659864628382,2.1750550270080566,23.0,0,0.00082443573,Low
115.0,0.4774739960712331,1.854334115982056,82.0,0,0.0018979054,Low
115.0,0.1972229711512537,2.4886043071746826,82.0,0,0.0024836396,Low
115.0,0.3612523646713757,2.4895923137664795,82.0,0,0.0027785378,Low
230.0,0.0894038734628515,2.9606850147247314,82.0,0,0.0005758667,Low
230.0,0.0832987555424484,2.9606850147247314,82.0,0,0.0005758667,Low
230.0,0.6122376030123933,3.879719495773315,21.0,0,0.0028957895,Low
230.0,0.303460464055641,1.4811335695707164,82.0,0,0.00023536147,Low
230.0,0.0607957315743783,2.4880495071411133,22.0,0,0.0024596364,Low
115.0,0.3060676228147928,20.74785614013672,71.0,0,0.0011822489,Low
115.0,0.4210678210678211,26.759504318237305,52.0,0,0.0026708015,Low
115.0,0.5125339776502568,26.48427963256836,52.0,0,0.0020375738,Low
115.0,0.2317043121149897,4.622091293334961,71.0,0,0.00048611636,Low
115.0,0.3638435910924075,21.635557174682617,42.0,0,0.0018407186,Low
115.0,0.6111609546025479,6.402454853057861,82.0,0,0.004461354,Low
115.0,0.1888216474578884,3.6166465282440186,71.0,0,0.0005721448,Low
115.0,0.1578403232169335,5.390823841094971,71.0,0,0.0004307837,Low
230.0,0.0361882660091376,2.4952614307403564,23.0,0,0.000714143,Low
230.0,0.0425049315270963,2.4952614307403564,23.0,0,0.000714143,Low
230.0,0.7430708941930886,1.4841389656066897,82.0,0,0.00029121453,Low
230.0,0.7104193286095946,6.533403396606445,90.0,0,0.0013558154,Low
230.0,0.6910616502529722,3.5938663482666016,52.0,0,0.0005650936,Low
115.0,0.3487429479103905,4.704044342041016,82.0,0,0.0005233138,Low
115.0,0.0702006457174732,1.854334115982056,22.0,0,0.00019782814,Low
115.0,0.1115877198357743,0.0,82.0,0,0.001020583,Low
115.0,0.0640096513535329,1.854334115982056,23.0,0,0.00025175288,Low
115.0,0.2752041566955016,14.461111068725586,42.0,0,0.00088819163,Low
70.0,0.3162393162393162,6.078116229933012,71.0,0,0.0006844391,Low
115.0,0.5889132821075741,16.684240341186523,52.0,0,0.0026120637,Low
115.0,0.2811941226774469,2.7802884578704834,82.0,0,0.0005840442,Low
115.0,0.1942762795817281,0.9274099469184875,23.0,0,0.003229513,Low
115.0,0.4493951434878587,0.9274099368611016,82.0,0,0.0011472725,Low
230.0,0.1607451507585942,1.1551134586334229,82.0,0,0.0036354826,Low
500.0,0.0921356977640709,0.9274099469184875,82.0,0,0.0008110282,Low
500.0,0.0977044204135837,2.488041877746582,82.0,0,0.00096594595,Low
230.0,0.0862525758021783,0.9274099469184875,82.0,0,0.0008110282,Low
230.0,0.3776204229945029,8.61575691212484,82.0,0,0.0028858439,Low
230.0,0.3776204229945029,8.61575691212484,82.0,0,0.0028858439,Low
230.0,0.5627782095668763,0.9274099368729608,82.0,0,0.0012951832,Low
115.0,0.4543906937154206,1.156396746635437,82.0,0,0.0017970924,Low
230.0,0.1910019091890096,4.985136985778809,71.0,0,0.000330019,Low
230.0,0.2202412046605646,12.095661163330078,71.0,0,0.0010839119,Low
230.0,0.220266392564992,15.556180953979492,71.0,0,0.0010839119,Low
230.0,0.2247191011235955,0.927409936849242,71.0,0,0.00087605306,Low
115.0,0.3868093172604069,15.19030389683987,71.0,0,0.001444198,Low
115.0,0.4015134653906076,2.494216203689575,82.0,0,0.009276296,Low
115.0,0.8540880345548001,1.854334115982056,82.0,0,0.00028096937,Low
115.0,0.0861118235444985,2.1852269172668457,82.0,0,0.00016560918,Low
115.0,0.1776996175995016,1.854334115982056,82.0,0,0.00055915077,Low
115.0,0.6007831227017734,2.4960033893585205,82.0,0,0.0011720994,Low
115.0,0.2495721077654516,4.4526070881025,71.0,0,0.0007527077,Low
500.0,0.2762563487404609,4.444673069006188,23.0,0,0.0008280985,Low
500.0,0.2918402352364616,20.598642349243164,71.0,0,0.000490214,Low
500.0,0.2362041099053336,18.235912322998047,71.0,0,0.0004835941,Low
230.0,0.1524571198631859,0.0,22.0,0,0.0031201818,Low
500.0,0.2255382121842077,9.240654125824246,21.0,0,0.0486829,Low
500.0,0.3965709196170118,22.550567626953125,52.0,0,0.0007972851,Low
500.0,0.396640177044563,24.166088104248047,52.0,0,0.0007972851,Low
500.0,0.3536452665941241,24.166088104248047,52.0,0,0.000490214,Low
230.0,0.1899563318777292,19.63042449951172,71.0,0,0.0005302391,Low
500.0,0.0974399018350158,2.2745304107666016,82.0,0,0.0002736601,Low
500.0,0.5614116196640468,0.9274099469184875,82.0,0,0.0012951832,Low
500.0,0.5448891723808005,0.9274099469184875,82.0,0,0.00086887303,Low
500.0,0.5448891723808005,1.4676276445388794,82.0,0,0.0079943035,Low
500.0,0.6802216030792521,28.51579666137696,52.0,0,0.00051748205,Low
500.0,0.3172095624213616,17.939640045166016,71.0,0,0.000490214,Low
500.0,0.3239879950223263,17.939640045166016,71.0,0,0.000490214,Low
500.0,0.2966214418728385,22.91590118408203,71.0,0,0.000490214,Low
500.0,0.1905141228486863,5.988401412963867,22.0,0,0.001703388,Low
500.0,0.3067174123534431,16.891359329223633,21.0,0,0.0005244489,Low
500.0,0.3394639013891606,14.328335762023926,22.0,0,0.00097320986,Low
500.0,0.0621205349843581,15.581022262573242,21.0,0,0.00085494947,Low
500.0,0.3469571075679317,21.2905330657959,43.0,0,0.000490214,Low
500.0,0.3355618020208158,21.2905330657959,21.0,0,0.0005244489,Low
500.0,0.3444532175286222,16.303199768066406,21.0,0,0.00097320986,Low
500.0,0.3330610577904839,20.28561210632324,71.0,0,0.000490214,Low
500.0,0.0398491514770584,2.274522542953491,24.0,0,0.00043805497,Low
500.0,0.4939337632528146,1.4676185846328735,82.0,0,0.0070127845,Low
500.0,0.5206028539361872,1.4676215648651123,82.0,0,0.0079943035,Low
500.0,0.5575416099993524,1.4676215648651123,82.0,0,0.011875135,Low
500.0,0.7090840677867986,22.76378631591797,52.0,0,0.00051748205,Low
500.0,0.3403894320109881,22.91590118408203,71.0,0,0.000490214,Low
500.0,0.3198192697521065,23.02836036682129,71.0,0,0.000490214,Low
500.0,0.2875679985596522,23.02836036682129,71.0,0,0.000490214,Low
230.0,0.3807915463744149,6.571076393127441,71.0,0,0.007897949,Low
230.0,0.1445962704652247,1.854334115982056,71.0,0,0.0005454471,Low
60.0,-0.0172479945748677,3.5272817611694336,71.0,0,0.0021911145,Low
60.0,0.10290153797368,10.80927562713623,23.0,0,0.0017027126,Low
60.0,0.0498338116683493,10.80927562713623,23.0,0,0.001148999,Low
60.0,0.0146718146718146,2.993001599509886,24.0,0,0.0034157333,Low
60.0,0.6775933609958507,1.4962488412857056,82.0,0,0.00043850348,Low
230.0,0.8466508981596239,32.629276275634766,42.0,0,0.00051748205,Low
230.0,0.1912935066882892,3.017108201980591,22.0,0,0.004641952,Low
230.0,0.2149411564045709,4.478719234466553,22.0,0,0.008300562,Low
230.0,0.295188455404722,7.954999446868896,71.0,0,0.0011710458,Low
230.0,0.3645441226191818,4.774623394012451,22.0,0,0.005479859,Low
230.0,0.1529850746268656,2.7802884578704834,22.0,0,0.0009023224,Low
230.0,0.5835010060362172,7.00339937210083,71.0,0,0.003620896,Low
230.0,0.1708941624950254,6.131591796875,71.0,0,0.000330019,Low
230.0,0.1591647331786543,2.522512197494507,71.0,0,0.0002945303,Low
230.0,0.2037525069199277,7.909206390380859,71.0,0,0.0011245013,Low
230.0,0.295230760767919,16.282930374145508,52.0,0,0.00058078713,Low
230.0,0.2816414686825054,6.568395980671283,21.0,0,0.0025448292,Low
230.0,0.3322906891877802,6.568395980671283,71.0,0,0.0016298124,Low
230.0,0.3892256303363828,12.67353343963623,52.0,0,0.00094453985,Low
115.0,0.2782861982771087,3.886794805526733,71.0,0,0.0006844391,Low
115.0,0.3563195511404987,7.03312349319458,52.0,0,0.0020175616,Low
115.0,0.2776567893445424,7.967472553253174,71.0,0,0.001629367,Low
115.0,0.6964497046895284,1.4966830015182495,82.0,0,0.0003005513,Low
115.0,0.3766474567777499,6.872811317443848,52.0,0,0.0097623905,Low
115.0,0.7726611904062792,1.854334115982056,82.0,0,0.00028096937,Low
115.0,0.2315253695841713,2.990730047225952,82.0,0,0.0011993216,Low
115.0,0.1988575483662449,3.704791784286499,71.0,0,0.0005721448,Low
115.0,0.2622270847020807,12.100951194763184,71.0,0,0.0016758187,Low
230.0,0.6875322044739788,16.392246437476665,42.0,0,0.00061309076,Low
230.0,0.4166769581811659,11.470565648378573,52.0,0,0.002864936,Low
230.0,0.4371043918024641,2.183366662133481,52.0,0,0.000765769,Low
230.0,0.1425558641512913,3.0103118419647217,82.0,0,0.00066114403,Low
230.0,0.1423601217701663,2.4896774291992188,82.0,0,0.0011218132,Low
115.0,0.2813226556445363,3.6669440269470215,71.0,0,0.0006844391,Low
115.0,0.2532554625558139,2.1978414058685303,21.0,0,0.00091689447,Low
115.0,0.2656709662819642,2.531247615814209,82.0,0,0.00073477766,Low
115.0,0.1952059512329522,3.0216927528381348,23.0,0,0.005942618,Low
115.0,0.06765031353744,5.974549293518066,24.0,0,0.0007245084,Low
115.0,0.2488657368509494,1.5026559142016995,95.0,0,0.0005155263,Low
115.0,0.3048308038379827,3.987489700317383,82.0,0,0.0005233138,Low
500.0,0.4335702115280722,0.0,82.0,0,0.0009836114,Low
500.0,0.5889358432577795,0.9274099469184875,82.0,0,0.0006965094,Low
500.0,0.2068752048359491,0.9274099368729608,71.0,0,0.0007332349,Low
500.0,0.205441865782554,0.9274099368729608,71.0,0,0.0007332349,Low
500.0,0.1788404664918252,2.19555926322937,81.0,0,0.00021728281,Low
230.0,0.1066218200372795,0.9274099469184875,23.0,0,0.005586777,Low
230.0,0.2599661107642914,0.9274099469184875,71.0,0,0.00079355214,Low
230.0,0.2599661107642914,0.9274099469184875,71.0,0,0.00079355214,Low
230.0,0.6651954552991244,4.794962406158447,82.0,0,0.0003544127,Low
230.0,0.3400712451329633,4.705239772796631,71.0,0,0.00034368984,Low
230.0,0.2719167904903417,4.705239772796631,71.0,0,0.0005872586,Low
230.0,0.6645929812110624,4.794962406158447,82.0,0,0.0003544127,Low
230.0,0.4238523196502307,3.987276315689087,82.0,0,0.001779228,Low
230.0,0.5512742213091999,3.6490869522094727,82.0,0,0.001091554,Low
230.0,0.3391882900864937,6.020298480987549,22.0,0,0.0008682109,Low
230.0,0.3130645944633317,4.627367496490479,71.0,0,0.00034368984,Low
115.0,0.4930924548352816,2.1747628279434603,21.0,0,0.0013662915,Low
115.0,0.2597231187198335,3.704791784286499,22.0,0,0.0016197191,Low
115.0,0.5238649592549476,1.4676427841186523,22.0,0,0.01927066,Low
115.0,0.164954310875432,1.4668972492218018,52.0,0,0.0022392003,Low
115.0,0.1392951502395772,2.452003002166748,71.0,0,0.0006044812,Low
115.0,0.1826995301063811,1.4698625802993774,82.0,0,0.0012752898,Low
115.0,0.3273175890024674,1.854334115982056,82.0,0,0.00043822263,Low
115.0,0.0512529234881389,2.177473783493042,23.0,0,0.0003018694,Low
115.0,0.1280530848510518,2.282278060913086,21.0,0,0.000978002,Low
115.0,0.2566607460035524,2.9382712841033936,21.0,0,0.008440441,Low
115.0,0.3939861218195836,1.470172882080078,82.0,0,0.00535816,Low
115.0,0.6452100332426715,2.938087224960327,82.0,0,0.003255566,Low
115.0,0.1463789328527017,0.0,21.0,0,0.0065466384,Low
115.0,0.5129209913153993,1.469982385635376,82.0,0,0.029433222,Low
115.0,0.444321940463065,0.9274099469184875,21.0,0,0.0050535547,Low
115.0,0.0310970342643247,0.0,82.0,0,0.0009782233,Low
115.0,0.2822321747057191,2.461211681365967,82.0,0,0.0007882058,Low
115.0,0.0527430629104003,1.469853401184082,23.0,0,0.00010273576,Low
115.0,0.4091587854654057,4.90821647644043,82.0,0,0.0025467977,Low
230.0,0.7710599404689453,1.46394518569726,82.0,0,0.0021409346,Low
115.0,0.3852651337400281,0.9274099469184875,82.0,0,0.00064702844,Low
115.0,0.1788077358460483,12.162761688232422,82.0,0,0.00088206533,Low
115.0,0.1107043590265066,18.065467834472656,22.0,0,0.021287348,Low
230.0,0.0787364450730787,1.854334115982056,23.0,0,0.0009375929,Low
230.0,0.1635361883295767,4.764008045196533,82.0,0,0.00032709245,Low
230.0,0.0742539902845245,5.739084243774414,82.0,0,0.0019002662,Low
230.0,0.5778147531891292,2.274154663085937,82.0,0,0.0005589984,Low
115.0,0.1697104341604849,0.0,23.0,0,0.003229513,Low
115.0,0.3152542372881356,4.882744789123535,21.0,0,0.0008298042,Low
115.0,0.3176804630337447,2.44580602645874,22.0,0,0.0013203758,Low
115.0,0.3337622417613839,0.9274099469184875,81.0,0,0.0006363749,Low
115.0,0.3598574821852731,2.4481201171875,71.0,0,0.0010308052,Low
115.0,0.2465533824943892,4.762916564941406,21.0,0,0.0016197191,Low
115.0,0.2613690640790367,4.390699863433838,71.0,0,0.0007527077,Low
115.0,0.2756595687776989,16.499011993408203,52.0,0,0.0016483354,Low
115.0,0.0956423316355404,3.015354871749878,23.0,0,0.0032215042,Low
230.0,-0.3818470494839904,0.0,11.0,0,0.001317491,Low
115.0,0.3004926108374384,1.492381930351257,95.0,0,0.00046875907,Low
115.0,0.4790442018474691,1.854334115982056,95.0,0,0.0018979054,Low
115.0,0.4753512132822478,2.191206932067871,95.0,0,0.0007906947,Low
230.0,-0.6335311572700297,1.1695107221603394,11.0,0,0.0012908655,Low
230.0,0.0439407955596669,1.4918947219848633,24.0,0,0.00021557171,Low
230.0,0.0970970970970971,1.4918947219848633,24.0,0,0.00038952308,Low
115.0,-0.4773413897280967,4.627367496490479,11.0,0,0.00046439603,Low
115.0,-0.517678769621056,6.568172931671143,21.0,0,0.0064881374,Low
115.0,-0.4405594405594406,10.353330612182615,21.0,0,0.0030083647,Low
115.0,0.0446998722860791,0.0,23.0,0,0.0007517826,Low
115.0,0.0523560209424083,0.9274099469184875,24.0,0,0.00031845432,Low
115.0,0.0464426877470355,0.9274099469184875,24.0,0,0.00031845432,Low
115.0,0.4103228847513552,6.014468669891357,22.0,0,0.0015070352,Low
115.0,0.0060111816385724,0.0,24.0,0,0.00059950846,Low
115.0,0.3174224343675417,2.9818098545074463,23.0,0,0.0037532288,Low
115.0,0.1301957334506267,11.568721771240234,24.0,0,0.0018629949,Low
60.0,0.0729193506828137,1.4917688369750977,24.0,0,0.00031824035,Low
115.0,0.0973438923540542,0.0,11.0,0,0.0013302844,Low
115.0,0.0904308777932213,2.9673855304718018,22.0,0,0.003724275,Low
115.0,0.1419264774313634,1.159595012664795,21.0,0,0.0024969452,Low
115.0,0.6414230582941425,1.4845073223114014,82.0,0,0.00093881617,Low
115.0,0.1850420010459075,2.499579429626465,82.0,0,0.0005970878,Low
60.0,0.1268868905892415,2.507575035095215,82.0,0,0.000600242,Low
230.0,0.084430051619567,3.6135737895965576,82.0,0,0.00025356922,Low
230.0,0.0292953812389851,1.4894204139709473,24.0,0,0.0005802164,Low
230.0,0.02909769499257,2.1898417472839355,82.0,0,0.0003630778,Low
230.0,0.2140912676321645,3.013137815033376,82.0,0,0.003864685,Low
230.0,0.125335910512848,3.479013442993164,21.0,0,0.0011691432,Low
230.0,0.125335910512848,3.479013442993164,21.0,0,0.0011691432,Low
230.0,0.2481644640234948,0.9274099469184875,82.0,0,0.00079355214,Low
230.0,0.0835231620921292,2.9694619178771973,71.0,0,0.0007201463,Low
230.0,0.1366044720693081,1.485731840133667,21.0,0,0.0008576616,Low
230.0,0.0601725458370167,5.398063659667969,71.0,0,0.00031702968,Low
230.0,0.0376917708422611,2.186279296875,82.0,0,0.00011415917,Low
230.0,0.0380356107918735,2.186279296875,82.0,0,0.00011415917,Low
115.0,0.7334704456500067,1.1637150049209597,82.0,0,0.00044371138,Low
115.0,0.319711525436586,1.854334115982056,22.0,0,0.00041107184,Low
115.0,0.1573426573426573,2.4569458961486816,82.0,0,0.00048171284,Low
115.0,0.1872476164388403,4.764158725738525,21.0,0,0.00091634435,Low
115.0,0.0847354378099148,4.346126556396484,21.0,0,0.0007196564,Low
115.0,0.5829978219259455,3.0044641494750977,21.0,0,0.011352189,Low
115.0,0.1670124588556518,2.93623948097229,71.0,0,0.0018853337,Low
115.0,0.1764485701452313,2.4586844444274902,71.0,0,0.00080005423,Low
115.0,0.1754573458225938,2.935343027114868,71.0,0,0.0018853337,Low
115.0,0.7835495344099265,1.4687633514404297,82.0,0,0.004750344,Low
115.0,0.1544538410897858,3.704791784286499,71.0,0,0.0004307837,Low
115.0,0.553396947110914,3.624443292617798,82.0,0,0.0019040938,Low
115.0,0.5223239516220187,0.9274099469184875,82.0,0,0.0009886821,Low
115.0,0.1007928558867829,1.1640315055847168,22.0,0,0.002015841,Low
115.0,0.2701432408236347,7.853062864387589,71.0,0,0.0017917192,Low
230.0,0.5020821526254835,16.070859909057617,52.0,0,0.001001407,Low
115.0,0.0239604049033463,5.450679255124971,23.0,0,0.00068536133,Low
115.0,0.6410705241871275,17.657501220703125,42.0,0,0.0018739812,Low
230.0,0.4169825625473844,10.1478853225708,52.0,0,0.0023559278,Low
230.0,0.2978241788700513,19.05732154846192,52.0,0,0.000490214,Low
230.0,0.3543265414130722,7.047799587249756,71.0,0,0.0016298124,Low
230.0,0.3007429623065912,6.932380676269531,52.0,0,0.0021693532,Low
230.0,-0.0253788509575354,1.854334115982056,24.0,0,0.00035634314,Low
230.0,-0.0227323378649431,3.0197436809539795,24.0,0,0.001692516,Low
230.0,0.4591263367772339,2.196258544921875,71.0,0,0.00060269237,Low
230.0,0.4591263367772339,2.5300509929656982,71.0,0,0.0019320484,Low
230.0,0.2922961198520654,4.487656593322754,71.0,0,0.00034368984,Low
115.0,0.6341984732824427,2.530831813812256,82.0,0,0.0011720994,Low
500.0,0.383866546949577,10.772421169298722,71.0,0,0.0018062184,Low
115.0,0.1737572506087541,27.257455825805664,71.0,0,0.0013334462,Low
60.0,0.1745528900152636,2.3437981605529785,71.0,0,0.00069444114,Low
60.0,0.1891009093112204,3.9703330993652335,71.0,0,0.00032866292,Low
60.0,0.179790852967116,4.475916862487793,71.0,0,0.00032866292,Low
60.0,0.201780415430267,5.43699312210083,71.0,0,0.00032866292,Low
60.0,0.1718193311113665,4.475865364074707,71.0,0,0.00032866292,Low
60.0,0.1803943661971831,12.965153694152832,71.0,0,0.00068736065,Low
60.0,0.2192800488102501,6.904074668884277,71.0,0,0.0021497367,Low
60.0,0.2978723404255319,3.633912563323975,71.0,0,0.00032327004,Low
60.0,0.1390374331550802,3.0166165828704834,71.0,0,0.0018407484,Low
60.0,0.2061651152144056,3.0166165828704834,71.0,0,0.0024217672,Low
115.0,0.2540363357394427,4.476533889770508,82.0,0,0.00057552074,Low
115.0,0.5685228409469824,1.1728382110595703,82.0,0,0.0012417347,Low
115.0,0.0239604049033463,5.450679255124971,23.0,0,0.00068536133,Low
115.0,0.4375817668525786,0.0,95.0,0,0.0012769331,Low
115.0,0.6255263627371602,6.5731940269470215,42.0,0,0.003928451,Low
115.0,0.6946494133251302,12.76917839050293,42.0,0,0.0005522502,Low
115.0,0.5911967764020926,5.527277946472168,42.0,0,0.0009974611,Low
230.0,0.4624911965417587,1.1916500329971311,82.0,0,0.0013844518,Low
230.0,0.8420194866864424,3.8904974460601807,82.0,0,0.0003544127,Low
230.0,0.8296927129448287,3.8904974460601807,82.0,0,0.0003544127,Low
230.0,0.2365189535504538,1.854334115982056,71.0,0,0.00021934623,Low
230.0,0.1962179549663709,4.627367496490479,71.0,0,0.000330019,Low
230.0,0.1738797791608941,2.553611993789673,71.0,0,0.00039119768,Low
230.0,0.678002773925104,0.9274099469184875,71.0,0,0.00036358886,Low
230.0,0.5828691459235132,10.695953369140623,71.0,0,0.0020090789,Low
230.0,0.3520653379491144,2.400986194610596,71.0,0,0.00051770627,Low
230.0,0.4783390795982611,1.854334115982056,31.0,0,0.00095360575,Low
500.0,0.4894355725539286,2.228044801934322,42.0,0,0.0005193415,Low
230.0,0.2687584312464615,19.68710327148437,71.0,0,0.0014370901,Low
230.0,0.0170425476331159,3.011472702026367,23.0,0,0.0018748199,Low
230.0,0.0257410555647872,3.011472702026367,23.0,0,0.0018748199,Low
115.0,0.1409718056388722,2.18506121635437,71.0,0,0.00022853434,Low
115.0,0.2922822403472414,5.069748878479004,71.0,0,0.0006844391,Low
115.0,0.2307999793686816,1.159249186515808,71.0,0,0.00086142536,Low
115.0,0.3776673691262054,1.481971263885498,82.0,0,0.0015735002,Low
115.0,0.2458367089747052,2.490860939025879,21.0,0,0.009040173,Low
115.0,0.1038394784743682,3.010650873184204,82.0,0,0.0008532863,Low
115.0,0.7391439205955335,19.3608627319336,42.0,0,0.00073516776,Low
60.0,0.2446785429063395,3.023256540298462,71.0,0,0.002714176,Low
60.0,0.149467082016272,0.9274099469184875,23.0,0,0.00085622165,Low
60.0,0.5762918952588582,3.682798624038696,22.0,0,0.00048913853,Low
60.0,0.7069006416460134,2.55224871635437,21.0,0,0.0020106626,Low
60.0,0.4237780463966337,1.5079046487808228,23.0,0,0.0011159702,Low
60.0,0.8041689870098663,3.014109373092652,23.0,0,0.0016558383,Low
60.0,0.1296243897399966,1.5087707042694092,23.0,0,0.0020419464,Low
60.0,0.185707492251939,0.9274099469184875,23.0,0,0.0011939621,Low
60.0,0.1275115919629057,1.5086352825164795,22.0,0,0.0016051847,Low
60.0,0.2708448994283552,1.508379340171814,22.0,0,0.0005544762,Low
60.0,0.259979397373165,1.508379340171814,22.0,0,0.0005544762,Low
60.0,0.4046255253978855,0.0,23.0,0,0.000395147,Low
60.0,0.2380047601962697,1.189841866493225,71.0,0,0.00067012757,Low
60.0,0.1182218673837789,3.5646674633026123,23.0,0,0.0023352006,Low
60.0,0.1782131608446535,4.398678302764893,22.0,0,0.000675649,Low
115.0,0.3119521060508873,3.0104730129241943,31.0,0,0.002428339,Low
115.0,0.2071348806326019,3.012204170227051,23.0,0,0.005942618,Low
115.0,0.0854947602918779,0.9274099469184875,24.0,0,0.00082897954,Low
115.0,0.1935367525066724,4.01053524017334,22.0,0,0.0014175187,Low
115.0,0.1935367525066724,4.01053524017334,22.0,0,0.0014175187,Low
115.0,0.5986281429002789,2.204393148422241,52.0,0,0.00047797844,Low
115.0,0.6034120852128088,3.683334827423096,41.0,0,0.0009974611,Low
115.0,0.072758490403608,2.5572078227996826,23.0,0,0.0005386306,Low
115.0,0.0334303165764273,3.889459133148194,22.0,0,0.0007506687,Low
115.0,0.3445073612684031,2.7802884578704834,41.0,0,0.0007638533,Low
230.0,0.7181042712407232,0.0,82.0,0,0.00036358886,Low
115.0,0.8152157793267091,0.9274099469184875,90.0,0,0.0002831287,Low
230.0,0.5997656021095811,17.500371183472655,42.0,0,0.0008869306,Low
230.0,0.3382227528568992,5.187623357247511,23.0,0,0.0008280985,Low
230.0,0.4768878062759708,4.773720919274183,23.0,0,0.0016414133,Low
230.0,0.4290561381863048,11.616554260253906,71.0,0,0.0010407462,Low
230.0,0.8714814713864629,29.67839241027832,21.0,0,0.00078189606,Low
230.0,0.7004477038048479,29.990461349487305,42.0,0,0.00051748205,Low
230.0,0.3173312196298721,17.811494827270508,71.0,0,0.000490214,Low
230.0,0.2565386287461259,4.818962097167969,23.0,0,0.0025095982,Low
115.0,0.1877247662431071,3.650111675262451,71.0,0,0.0005721448,Low
115.0,0.4970493263556396,1.1850139778733548,22.0,0,0.0026002899,Low
230.0,0.788110570410219,18.39891242980957,52.0,0,0.00051748205,Low
230.0,0.2434054018467331,14.79307746887207,22.0,0,0.013839848,Low
230.0,0.7314915210571318,17.039958953857422,52.0,0,0.00051748205,Low
230.0,0.1102611635460892,11.766220092773438,52.0,0,0.00064793346,Low
230.0,0.6371777442885815,31.30735969543457,71.0,0,0.0008869306,Low
230.0,0.7844091257400082,23.21919822692871,42.0,0,0.00051748205,Low
230.0,0.8348164888271632,33.75886917114258,42.0,0,0.00051748205,Low
115.0,0.4141542869299059,0.9274099469184875,82.0,0,0.0012769331,Low
115.0,0.7344406849174613,14.70013427734375,42.0,0,0.0005522502,Low
115.0,0.6645544852498494,17.951677322387695,52.0,0,0.00073516776,Low
230.0,0.7921445871224236,4.537129878997803,42.0,0,0.0005650936,Low
230.0,0.4957112092564879,0.9274099469184875,82.0,0,0.00076152355,Low
500.0,0.3539147546950894,17.82884533357913,52.0,0,0.000490214,Low
500.0,0.2742471910112359,17.432252811851615,52.0,0,0.0014370901,Low
115.0,0.1804925836148755,1.2043417692184448,71.0,0,0.0013638078,Low
115.0,0.5289115646258503,0.0,82.0,0,0.0009886821,Low
115.0,0.5742741830490822,1.516538143157959,82.0,0,0.00093881617,Low
115.0,0.6396410350736226,1.1987380981445312,22.0,0,0.007927183,Low
115.0,0.6298988171583297,0.9274099469184875,82.0,0,0.0007925705,Low
115.0,0.5979635408112991,5.153298377990723,21.0,0,0.0024265298,Low
115.0,0.6298988171583297,0.9274099469184875,82.0,0,0.0007925705,Low
115.0,0.5852898631356405,5.153298377990723,82.0,0,0.0010204051,Low
115.0,0.6341157024793388,0.9274099469184875,82.0,0,0.0007925705,Low
115.0,0.6341157024793388,0.9274099469184875,82.0,0,0.0007925705,Low
115.0,0.6407270661743822,3.708810806274414,82.0,0,0.0010204051,Low
230.0,0.53303290536519,28.186156198916635,52.0,0,0.00096444006,Low
230.0,0.2332315243341291,2.404468423964372,71.0,0,0.00032643983,Low
230.0,0.3608518469830419,23.019609451293945,52.0,0,0.000490214,Low
115.0,0.6528401585204756,2.5816025733947754,82.0,0,0.0045806626,Low
115.0,0.6994046598791037,10.510587692260742,52.0,0,0.00091485557,Low
500.0,0.6442007954423304,0.9274099469184875,82.0,0,0.0006965094,Low
60.0,0.3502837959089029,4.396567344665527,22.0,0,0.0003250876,Low
60.0,0.3606369875065986,9.460084915161133,71.0,0,0.00074645743,Low
230.0,0.2139480418094288,0.9274099469184875,21.0,0,0.004506649,Low
115.0,0.3952251339321226,2.5570340156555176,82.0,0,0.0022416958,Low
115.0,0.337172851206532,3.704791784286499,82.0,0,0.0005233138,Low
115.0,0.3059314713504175,3.704791784286499,82.0,0,0.0005233138,Low
115.0,0.7801525535292524,3.013453960418701,82.0,0,0.0010035846,Low
115.0,0.2797765730244784,0.9274099469184875,82.0,0,0.0006363749,Low
115.0,0.3296815035916948,2.7802884578704834,82.0,0,0.0005840442,Low
115.0,0.724186431564663,1.510088562965393,82.0,0,0.0003005513,Low
115.0,0.2482896165206634,1.510007619857788,82.0,0,0.0005155263,Low
115.0,0.0217015555982331,1.5099303722381592,82.0,0,0.00029093592,Low
115.0,0.068850590036271,1.5099303722381592,21.0,0,0.00013673966,Low
115.0,0.3125806174219623,2.561446189880371,82.0,0,0.0006681338,Low
115.0,0.2710798236595863,2.3879165649414062,71.0,0,0.001133583,Low
115.0,0.3184177641065078,1.5120697021484375,71.0,0,0.00046875907,Low
230.0,0.2344103177768913,3.603628635406494,52.0,0,0.00035545352,Low
115.0,0.5722068043992188,11.939545631408691,52.0,0,0.0014081153,Low
115.0,0.3966665928860753,9.399392127990724,71.0,0,0.0026334443,Low
115.0,0.6292793496951695,4.774470806121826,43.0,0,0.0009974611,Low
115.0,0.1976534296028881,3.646137952804565,23.0,0,0.0013520619,Low
115.0,0.5036096010542942,3.540789127349853,21.0,0,0.0052450052,Low
115.0,0.4889522303595207,1.854334115982056,23.0,0,0.0010008734,Low
115.0,0.6465317083949484,4.503013610839844,22.0,0,0.01826427,Low
115.0,0.4027206236811105,0.9274099469184875,23.0,0,0.0013829053,Low
115.0,0.4135824649658641,1.504141092300415,23.0,0,0.0013826683,Low
115.0,0.164469663311585,2.542875528335572,23.0,0,0.005067148,Low
115.0,0.5663626699490851,3.650152921676636,22.0,0,0.0011877958,Low
115.0,0.8133908167934233,26.172271728515625,42.0,0,0.00073516776,Low
115.0,0.8272790922178381,29.332454681396484,42.0,0,0.00073516776,Low
115.0,0.7054176684321842,20.65907287597656,43.0,0,0.00073516776,Low
115.0,0.08087164015219,6.571688175201416,52.0,0,0.0014981598,Low
115.0,0.23547375540571,18.03799057006836,71.0,0,0.0010665405,Low
115.0,0.0481222180291355,4.7766523361206055,52.0,0,0.00031697587,Low
115.0,0.7172055189456343,4.405547512170042,21.0,0,0.0022915343,Low
115.0,0.2866310160427807,20.30028533935547,52.0,0,0.0011822489,Low
115.0,0.4540453881506288,14.730372245289852,52.0,0,0.0015311015,Low
115.0,0.5641015485761813,7.512367725372314,71.0,0,0.004899276,Low
115.0,0.35141916261565,5.1411213874816895,52.0,0,0.0005115414,Low
115.0,0.5769282869605268,4.022302150726318,22.0,0,0.0011877958,Low
115.0,0.5016340916372958,2.3829407691955566,22.0,0,0.0015611129,Low
115.0,0.8677753216905038,20.681930541992188,42.0,0,0.00073516776,Low
115.0,0.394613004967805,18.36158561706543,71.0,0,0.0019219788,Low
115.0,0.2286021545950228,14.351326942443848,71.0,0,0.0008012407,Low
115.0,0.2045922873123344,9.005475044250488,71.0,0,0.0012638194,Low
115.0,0.4755388750824162,23.98437118530273,52.0,0,0.0020375738,Low
115.0,0.6581211744877139,5.856088638305664,82.0,0,0.00036577546,Low
115.0,0.1866963580202571,7.469364643096924,71.0,0,0.0013622534,Low
60.0,0.7042334385421098,1.5303620100021362,81.0,0,0.00043850348,Low
60.0,0.3666927286942923,10.289396286010742,71.0,0,0.0062883766,Low
60.0,0.3876299923117386,3.647716760635376,95.0,0,0.0011700245,Low
115.0,0.7135724983952643,10.241238199994,71.0,0,0.00091485557,Low
115.0,0.7643378566040612,16.85112253040216,42.0,0,0.00073516776,Low
115.0,0.2710780323293406,2.5156378746032715,82.0,0,0.00073477766,Low
115.0,0.6602570423692601,0.0,82.0,0,0.0002831287,Low
115.0,0.2549409522312392,12.4163179397583,82.0,0,0.0012816106,Low
230.0,0.0114983351831298,3.649953603992601,82.0,0,0.00039567813,Low
230.0,0.0213190375264929,3.649953603992601,82.0,0,0.00039567813,Low
230.0,0.0433906840117499,3.641566465376608,82.0,0,0.0002534933,Low
115.0,0.2732509923590367,1.8543341688295631,71.0,0,0.0004819448,Low
115.0,0.315212513622668,8.160783462120065,52.0,0,0.0004168633,Low
115.0,0.3117328340253091,27.45581245422364,52.0,0,0.0011822489,Low
115.0,0.3533725901918717,4.773074130964767,52.0,0,0.0005115414,Low
115.0,0.790024013965317,17.242185096952728,42.0,0,0.00073516776,Low
115.0,0.8559800910969304,12.093514884995848,42.0,0,0.0005522502,Low
69.0,0.8676726476309516,2.22151844611338,42.0,0,0.00020715751,Low
115.0,0.6662826228522767,14.452040977243394,71.0,0,0.0005522502,Low
115.0,0.2272069464544139,11.161826692593047,71.0,0,0.0019524568,Low
60.0,0.8734286952752492,3.7848271748723374,21.0,0,0.0006494729,Low
500.0,0.8644082061140554,22.645484924316406,21.0,0,0.00078189606,Low
230.0,0.8336699690821693,25.82948875427246,42.0,0,0.00051748205,Low
115.0,0.0229238264284904,2.1894330978393555,23.0,0,0.00038671744,Low
115.0,0.3459757442116868,6.095426082611084,23.0,0,0.00079146476,Low
115.0,0.1472081218274111,1.490628719329834,24.0,0,0.003205057,Low
115.0,0.4954709418837675,4.771105766296387,21.0,0,0.0026416841,Low
115.0,0.7851916886157448,3.627012014389038,22.0,0,0.001191525,Low
115.0,0.0473076084586875,3.704791784286499,24.0,0,0.0007245084,Low
115.0,0.3727714748784441,2.5132222175598145,95.0,0,0.0035786615,Low
115.0,0.3405962458594037,5.090524196624756,23.0,0,0.00079146476,Low
115.0,0.0774916272086846,1.1675221920013428,23.0,0,0.002564053,Low
115.0,0.410090909090909,11.93781280517578,23.0,0,0.020336775,Low
115.0,0.2745051917067105,13.694233894348145,23.0,0,0.052145,Low
115.0,0.2843441050612365,11.508853912353516,71.0,0,0.00088819163,Low
115.0,0.3369615349137533,11.508853912353516,21.0,0,0.012051503,Low
115.0,0.3077956851359808,14.749082565307615,52.0,0,0.00088819163,Low
230.0,0.1318327974276527,7.484287261962891,23.0,0,0.0013741754,Low
230.0,0.3955905278004602,2.9765753746032715,23.0,0,0.0034053477,Low
230.0,0.7574867216634648,14.725765228271484,43.0,0,0.00061309076,Low
230.0,0.607777154608338,2.976844072341919,22.0,0,0.0046178806,Low
230.0,0.4871116986120291,2.5077426433563232,22.0,0,0.0013590157,Low
230.0,0.2489307100085543,0.0,23.0,0,0.004684794,Low
230.0,0.2761167780513542,1.4888287782669067,23.0,0,0.00032857925,Low
230.0,0.0714700755374782,2.189373731613159,24.0,0,0.00020807762,Low
230.0,0.287684895241308,15.54548168182373,71.0,0,0.00058078713,Low
115.0,0.3507032697740828,7.188776969909668,21.0,0,0.014568572,Low
115.0,0.2046356905247344,1.4848531732112915,82.0,0,0.00059810875,Low
115.0,0.8167289021657953,3.468180179595948,81.0,0,0.0005061817,Low
115.0,0.5220843657834491,2.962488412857056,22.0,0,0.00725391,Low
115.0,0.3174025974025974,3.928475856781006,81.0,0,0.0005233138,Low
115.0,0.721056645933374,24.589799880981445,21.0,0,0.032819007,Low
115.0,0.2939836935526503,8.113795280456543,23.0,0,0.0029662312,Low
115.0,0.7970403771840882,10.811731338500977,43.0,0,0.00091485557,Low
115.0,0.8889403887761936,10.690141677856444,42.0,0,0.00091485557,Low
115.0,0.8177612972157627,15.872246435602996,42.0,0,0.0005522502,Low
115.0,0.4161246508461454,14.387086868286133,43.0,0,0.001883938,Low
115.0,0.2951480606144863,5.408878326416016,52.0,0,0.0005115414,Low
115.0,0.1857591363924589,4.649568557739258,23.0,0,0.0013520619,Low
115.0,0.5387179433761797,2.1893465518951416,21.0,0,0.0013662915,Low
115.0,0.4013959743004119,26.58991432189941,52.0,0,0.0019219788,Low
115.0,0.3820209438324493,18.23437690734864,71.0,0,0.0019219788,Low
115.0,0.2911906575272912,9.195145606994627,52.0,0,0.00092197285,Low
115.0,0.2766802155213158,9.266121864318848,52.0,0,0.00092197285,Low
115.0,0.4629395994322662,0.9274099469184875,23.0,0,0.002450692,Low
115.0,0.795583749306711,20.982149124145508,43.0,0,0.00073516776,Low
115.0,0.2382880853031199,22.477195739746094,52.0,0,0.0010665405,Low
230.0,0.5959835648784022,1.176525592803955,23.0,0,0.0050446363,Low
230.0,0.221703410367043,4.773191452026367,71.0,0,0.0005051189,Low
230.0,0.221703410367043,4.773191452026367,71.0,0,0.0005051189,Low
230.0,0.1656861534103101,12.76917839050293,71.0,0,0.000628203,Low
230.0,0.2441371016235718,4.772968292236328,71.0,0,0.0028046067,Low
230.0,0.2069947132980886,4.772968292236328,71.0,0,0.000330019,Low
230.0,0.1886736916465532,12.386862754821776,71.0,0,0.000628203,Low
230.0,0.2880947600883357,15.223602294921877,52.0,0,0.00058078713,Low
230.0,0.2880947600883357,15.223602294921877,52.0,0,0.00058078713,Low
230.0,0.2816241540864133,3.6344997882843018,71.0,0,0.00034368984,Low
230.0,0.3196243908237252,2.193387508392334,23.0,0,0.0003508954,Low
230.0,0.3196243908237252,2.193387508392334,23.0,0,0.0003508954,Low
230.0,0.3380028016810086,2.3433682918548584,22.0,0,0.00077561126,Low
115.0,0.621301775147929,28.502517700195312,43.0,0,0.0018739812,Low
115.0,0.1975717439293598,0.0,21.0,0,0.0016422183,Low
115.0,0.1943229677493797,7.504926681518555,23.0,0,0.0050594243,Low
115.0,0.2689155439867741,2.193146228790283,21.0,0,0.00091689447,Low
115.0,0.0758968811970434,1.854334115982056,23.0,0,0.0009642297,Low
115.0,0.2817648943262595,5.833515167236328,71.0,0,0.0006844391,Low
115.0,0.3284332108302707,6.464860916137695,23.0,0,0.018228048,Low
115.0,0.3011563599798894,2.984966516494751,21.0,0,0.004338623,Low
230.0,0.0680813439434129,1.4935481548309326,24.0,0,0.00021557171,Low
230.0,0.3862533692722372,15.54839324951172,52.0,0,0.00094453985,Low
230.0,0.1456243514354894,2.512545347213745,22.0,0,0.0010466435,Low
115.0,0.0956426418196766,1.490564465522766,23.0,0,0.0010313818,Low
115.0,0.3229916897506925,4.66320276260376,95.0,0,0.0005233138,Low
115.0,0.1520572450805009,3.704791784286499,23.0,0,0.0011650958,Low
115.0,0.2840829643439757,3.014803409576416,24.0,0,0.0046140705,Low
115.0,0.0498425453360842,0.0,23.0,0,0.0007517826,Low
115.0,0.3289106145251396,0.0,24.0,0,0.0006363749,Low
115.0,0.4011090573012939,3.6279592514038086,21.0,0,0.0024640535,Low
115.0,0.0930358106892208,1.1676390171051023,23.0,0,0.002564053,Low
115.0,0.075183719615602,2.5102791786193848,23.0,0,0.0012996446,Low
115.0,0.2206376549659711,2.510993480682373,23.0,0,0.0031470696,Low
115.0,0.2018826693561943,5.667718410491943,71.0,0,0.0005721448,Low
115.0,0.4016354016354016,5.179394245147705,95.0,0,0.0025467977,Low
115.0,0.4867891703816462,3.629571914672852,95.0,0,0.0019040938,Low
115.0,-0.1727672035139092,0.0,11.0,0,0.0004140123,Low
115.0,0.1410965397377152,1.491483211517334,11.0,0,0.0010510009,Low
115.0,0.0436755530346001,2.9799251556396484,22.0,0,0.0017590106,Low
115.0,0.1349840255591054,1.854334115982056,22.0,0,0.0015199141,Low
115.0,0.1220159151193634,1.854334115982056,21.0,0,0.0009825728,Low
115.0,0.0507778103903727,1.49200701713562,23.0,0,0.00026929885,Low
115.0,0.300753877016369,14.980745315551758,71.0,0,0.00088819163,Low
115.0,0.3162599349516445,2.5115959644317627,21.0,0,0.001119327,Low
115.0,0.5895253682487726,2.1908886432647705,21.0,0,0.0008723243,Low
115.0,0.2846103470857891,3.957388877868652,23.0,0,0.00079146476,Low
115.0,0.1603470437017995,8.902559280395508,24.0,0,0.0019203924,Low
115.0,0.0469715698393077,3.617773294448853,24.0,0,0.0007245084,Low
115.0,0.4052492779103353,2.511523723602295,81.0,0,0.0022416958,Low
115.0,0.5184905660377358,1.4910589456558228,21.0,0,0.0020694635,Low
115.0,0.4908877131099353,0.0,81.0,0,0.0009886821,Low
115.0,0.4908877131099353,0.0,81.0,0,0.0009886821,Low
115.0,0.494120470362371,1.490994572639465,81.0,0,0.0020299493,Low
115.0,0.0208876131596379,3.014826774597168,24.0,0,0.002643391,Low
115.0,0.0145754119138149,1.490994572639465,24.0,0,0.0005130309,Low
115.0,0.1888873757319896,3.499123334884644,23.0,0,0.003004663,Low
115.0,0.5202144293053383,5.818550109863281,21.0,0,0.0026416841,Low
115.0,0.1425712856428214,1.854334115982056,24.0,0,0.0014618934,Low
115.0,0.0797494780793319,3.0147182941436768,23.0,0,0.0032215042,Low
230.0,0.1988321878231251,1.491517186164856,23.0,0,0.0009843981,Low
230.0,0.1317073170731707,0.0,23.0,0,0.0064834426,Low
230.0,0.4126107347576862,3.621102094650269,82.0,0,0.0016699019,Low
230.0,0.4172984682036206,3.621102094650269,82.0,0,0.0016699019,Low
230.0,0.342617631151974,2.3353822231292725,22.0,0,0.00077561126,Low
230.0,0.4230142850495556,2.3353822231292725,22.0,0,0.0016673186,Low
230.0,0.5070580327134215,0.0,82.0,0,0.0011759861,Low
230.0,0.5070580327134215,0.0,82.0,0,0.0011759861,Low
230.0,0.3917525773195875,2.980412483215332,82.0,0,0.0031292678,Low
230.0,0.2639118457300275,3.0148937702178955,31.0,0,0.0020840664,Low
230.0,0.2131801348399962,3.0148937702178955,31.0,0,0.0054091234,Low
230.0,0.3933213357328534,1.167807936668396,82.0,0,0.0007808715,Low
230.0,0.3929639946353038,1.167807936668396,82.0,0,0.0007808715,Low
230.0,0.0547032700847799,1.854334115982056,23.0,0,0.00038766253,Low
230.0,0.041157172681181,1.4910929203033447,23.0,0,0.00041467705,Low
115.0,0.6152503587635264,36.02585579611655,52.0,0,0.0018739812,Low
115.0,0.5633434459671514,1.4929591417312622,22.0,0,0.0012542611,Low
230.0,0.4586466165413533,5.947878360748291,22.0,0,0.0019966548,Low
230.0,0.4294570639802393,2.3367440700531006,71.0,0,0.0020427697,Low
230.0,0.4294570639802393,2.19154691696167,71.0,0,0.000765769,Low
230.0,0.2134935000822775,2.336622476577759,71.0,0,0.0014166698,Low
230.0,0.0556113596931787,3.960857629776001,24.0,0,0.0010554031,Low
230.0,0.1709844559585492,3.960857629776001,24.0,0,0.000553272,Low
115.0,0.0877077505348033,3.961488723754883,23.0,0,0.0010619487,Low
115.0,0.2186072527267643,1.854334115982056,23.0,0,0.001926611,Low
230.0,0.5797138917614615,1.4983508586883545,22.0,0,0.0005343915,Low
230.0,0.4982995191743872,2.1959216594696045,22.0,0,0.00040221293,Low
230.0,0.3098247256462266,4.773448944091797,21.0,0,0.0008682109,Low
115.0,0.1952737298148877,7.470114231109619,23.0,0,0.0050594243,Low
115.0,0.1732265794476415,2.99463415145874,24.0,0,0.00371759,Low
230.0,0.106998495531911,1.5032881498336792,71.0,0,0.00034650622,Low
230.0,0.3134851138353765,1.5032881498336792,21.0,0,0.00025820328,Low
230.0,0.6698741672834937,1.5028629302978516,82.0,0,0.00029121453,Low
230.0,0.7006410532203243,1.5024135112762451,82.0,0,0.00029121453,Low
230.0,0.6309083436087135,1.5024135112762451,82.0,0,0.0005379705,Low
230.0,0.3378438331854481,2.7802884578704834,21.0,0,0.00057471,Low
230.0,0.2874152775233559,3.0202999114990234,71.0,0,0.0012204464,Low
230.0,0.2058918893881142,0.9274099469184875,82.0,0,0.0007332349,Low
230.0,0.3835897435897435,1.502281665802002,21.0,0,0.0006568566,Low
230.0,0.2256447739375587,0.9274099469184875,82.0,0,0.00087605306,Low
230.0,0.4006950701505985,1.502281665802002,82.0,0,0.00079048006,Low
230.0,0.2247807709292789,0.9274099469184875,82.0,0,0.00087605306,Low
230.0,0.1971824513174881,0.9274099469184875,82.0,0,0.0007332349,Low
230.0,0.4850603941513032,2.537562370300293,82.0,0,0.0012734539,Low
230.0,0.2746457018723492,1.854334115982056,71.0,0,0.0003759882,Low
230.0,0.2792018844395178,3.020155191421509,71.0,0,0.0012204464,Low
230.0,0.248015873015873,1.180282473564148,71.0,0,0.0012432727,Low
230.0,0.275244899462326,5.979549407958984,82.0,0,0.00026276015,Low
230.0,0.2472276581865622,8.05441951751709,82.0,0,0.0015294796,Low
230.0,0.2192471866511447,13.217742919921877,71.0,0,0.0010839119,Low
230.0,0.5268029309679908,15.775588989257812,71.0,0,0.0011425334,Low
230.0,0.2339582380734644,9.383748054504396,52.0,0,0.0016063902,Low
230.0,0.278035605599513,21.77459526062012,52.0,0,0.000490214,Low
230.0,0.0596945719969487,2.528260469436645,24.0,0,0.00037130385,Low
230.0,0.052182474565146,7.451515197753906,23.0,0,0.0016994227,Low
230.0,0.7439969748534695,3.017796277999878,52.0,0,0.0011079188,Low
115.0,0.2522917497010761,6.02025032043457,23.0,0,0.0015449397,Low
115.0,0.2410141533448732,20.019744873046875,71.0,0,0.0010665405,Low
115.0,-0.3619246861924686,0.0,11.0,0,0.0004140123,Low
115.0,0.2272024729520865,0.9274099469184875,71.0,0,0.00054975186,Low
115.0,0.1740227950738162,3.704791784286499,22.0,0,0.0014175187,Low
115.0,0.0456278440536219,2.3533060550689697,23.0,0,0.0006354437,Low
115.0,0.0717131474103585,5.4532647132873535,23.0,0,0.000715983,Low
115.0,0.1030456852791878,7.087745666503906,22.0,0,0.019199818,Low
115.0,0.6185337987940337,0.0,71.0,0,0.0007925705,Low
115.0,0.2564131797970584,10.288369178771973,71.0,0,0.0011134895,Low
115.0,0.2430739580823898,23.859569549560547,71.0,0,0.0036277215,Low
115.0,0.2081829121540312,3.8862226009368896,23.0,0,0.0013520619,Low
115.0,0.2007825874296894,3.98344349861145,23.0,0,0.0013520619,Low
115.0,0.0884761334132215,1.4984453916549685,22.0,0,0.00081059895,Low
115.0,0.2261367058115025,4.385292053222656,71.0,0,0.0009197188,Low
115.0,0.2596724304041377,7.470059394836426,71.0,0,0.0017917192,Low
115.0,0.2324980079033385,1.1766769886016846,71.0,0,0.00086142536,Low
115.0,0.2641291810841983,17.862743377685547,71.0,0,0.002230055,Low
115.0,0.469749139203148,3.639726400375366,22.0,0,0.0015476178,Low
115.0,0.1510132926563521,2.7802884578704834,23.0,0,0.0016148231,Low
115.0,0.4061626256398492,1.1760139465332031,22.0,0,0.0017026698,Low
115.0,0.2642430973841969,3.0179100036621094,23.0,0,0.007305665,Low
115.0,0.2982343367479519,17.04538917541504,71.0,0,0.0011822489,Low
230.0,0.5845900392852617,3.6394412517547607,21.0,0,0.0028957895,Low
115.0,0.4059179709813778,12.236899375915527,52.0,0,0.001444198,Low
115.0,0.0773797223422441,3.6396231651306152,23.0,0,0.0010619487,Low
115.0,0.2972731336611533,12.36838722229004,71.0,0,0.00088819163,Low
115.0,0.3728970998039013,2.1954615116119385,71.0,0,0.0014614522,Low
115.0,0.3076517150395778,21.008689880371094,21.0,0,0.010259607,Low
115.0,0.5519282240735854,7.448057174682617,21.0,0,0.009850317,Low
115.0,0.1481344661987439,8.044194221496582,22.0,0,0.01602053,Low
115.0,0.2071624855952485,5.044181823730469,11.0,0,0.00091634435,Low
115.0,0.050338034588408,2.1953284740448,23.0,0,0.0003018694,Low
115.0,0.0482865356625916,1.4974805116653442,23.0,0,0.00026929885,Low
115.0,0.247492248768922,2.7802884578704834,23.0,0,0.0023057833,Low
115.0,0.6038505807261693,16.33544921875,43.0,0,0.0014081153,Low
115.0,0.6938353727135598,12.710094451904297,43.0,0,0.0005522502,Low
115.0,0.3800291794271894,2.336075782775879,95.0,0,0.0018660199,Low
115.0,0.4336120976056822,2.336075782775879,95.0,0,0.003107633,Low
115.0,0.472290178425808,0.9274099469184875,95.0,0,0.0011472725,Low
115.0,0.624717407686511,1.1678036451339722,21.0,0,0.004080199,Low
115.0,0.0746359841156704,1.4919798374176023,24.0,0,0.002151804,Low
115.0,0.2244107200516629,3.015706777572632,23.0,0,0.00871054,Low
115.0,0.1136950904392764,3.625551223754883,23.0,0,0.0009768156,Low
115.0,0.0187665326695965,1.4930788278579712,24.0,0,0.0005130309,Low
230.0,0.8312894834633965,22.26024436950684,42.0,0,0.00051748205,Low
115.0,0.0241680374541313,2.3416860103607178,24.0,0,0.0014295058,Low
115.0,0.0436817472698908,1.493863821029663,24.0,0,0.0002725072,Low
115.0,0.0718562874251497,7.955291271209717,23.0,0,0.0027808193,Low
115.0,0.1267516926468272,1.4938362836837769,23.0,0,0.002068035,Low
115.0,0.0599197618739484,4.771968364715576,24.0,0,0.0007245084,Low
115.0,0.6972093023255814,3.631713151931762,21.0,0,0.0022915343,Low
115.0,0.3930424754949068,1.1705882549285889,21.0,0,0.0034540093,Low
115.0,0.478591084204733,2.1924619674682617,22.0,0,0.000555279,Low
115.0,0.1913645430012906,0.0,24.0,0,0.0008454915,Low
230.0,0.0038610038610038,0.9274099469184875,24.0,0,0.0009804076,Low
230.0,0.1653076352853966,9.33567237854004,23.0,0,0.03184033,Low
115.0,0.0368307025688641,2.3408203125,23.0,0,0.0006354437,Low
115.0,0.0525662080291467,11.585124015808104,24.0,0,0.001107041,Low
115.0,0.6934034254705782,3.507864236831665,21.0,0,0.004445745,Low
115.0,0.7099983510141264,4.471765518188477,21.0,0,0.0022915343,Low
115.0,0.4606413994169096,3.507864236831665,21.0,0,0.006496002,Low
115.0,0.0072785371915497,1.854334115982056,24.0,0,0.00047961215,Low
115.0,0.3156391735259533,4.471735000610352,22.0,0,0.0008298042,Low
115.0,0.3326910725754656,4.471735000610352,22.0,0,0.0008298042,Low
230.0,0.6301255230125523,32.68240737915039,43.0,0,0.0008869306,Low
230.0,0.6058252427184466,11.701395988464355,52.0,0,0.001050726,Low
230.0,0.631812865497076,17.258678436279297,52.0,0,0.0008869306,Low
115.0,0.4720271252119158,12.40586757659912,52.0,0,0.0015311015,Low
115.0,0.5913634546181528,22.263551712036133,52.0,0,0.0018739812,Low
115.0,-0.0180865006553079,6.120255947113037,24.0,0,0.001203752,Low
115.0,0.426412092283214,1.1723588705062866,23.0,0,0.0042681633,Low
115.0,0.0336710369487485,0.9274099469184875,23.0,0,0.0007517826,Low
115.0,0.019669551534225,2.193784475326538,23.0,0,0.00038671744,Low
115.0,0.2981471083660865,2.343359470367432,23.0,0,0.0015944253,Low
115.0,0.059847660500544,2.520761251449585,24.0,0,0.0005450454,Low
115.0,0.0599828620394173,0.9274099469184875,23.0,0,0.0007517826,Low
115.0,0.0512384193609377,1.854334115982056,23.0,0,0.00025175288,Low
115.0,0.8139915188341202,16.839881896972656,43.0,0,0.00073516776,Low
115.0,0.8272821730740686,21.2583236694336,43.0,0,0.00073516776,Low
115.0,0.3057228915662651,5.668915748596191,23.0,0,0.00079146476,Low
115.0,0.4112412177985948,3.0173134803771973,21.0,0,0.00885214,Low
115.0,0.5156353958749168,12.703816413879396,52.0,0,0.0015311015,Low
115.0,0.723966028960183,5.184912204742432,21.0,0,0.0022915343,Low
230.0,0.6299077115595182,21.400474548339844,71.0,0,0.0008869306,Low
115.0,0.5087156882388298,9.824326515197754,71.0,0,0.0027917097,Low
115.0,0.5901371241665618,11.092287063598633,43.0,0,0.0039424174,Low
115.0,0.531211244315833,0.0,23.0,0,0.0021123076,Low
115.0,0.8358604024676719,23.7154541015625,42.0,0,0.00073516776,Low
115.0,0.7934436303158626,23.69054412841797,43.0,0,0.00073516776,Low
115.0,0.8069730816087763,13.215553283691406,43.0,0,0.0005522502,Low
115.0,0.3327630453378956,3.637793064117432,22.0,0,0.0008298042,Low
115.0,0.4012530645600654,3.6414520740509033,71.0,0,0.0033288652,Low
115.0,0.3574916837709675,3.6414520740509033,71.0,0,0.0006844391,Low
115.0,0.3393381633052673,3.6414520740509033,71.0,0,0.0006844391,Low
115.0,0.7546174477875657,3.641439199447632,52.0,0,0.00032732365,Low
115.0,0.3393381633052673,3.6414520740509033,71.0,0,0.0006844391,Low
115.0,0.6569103146032242,3.641439199447632,52.0,0,0.00032732365,Low
115.0,0.6351531291611185,13.648222923278809,21.0,0,0.040473763,Low
115.0,0.3620952962736712,14.694343566894531,71.0,0,0.00088819163,Low
115.0,0.3747346072186836,12.220879554748535,71.0,0,0.001444198,Low
115.0,0.5895085306850013,14.564489364624023,43.0,0,0.0014081153,Low
115.0,0.4883994126284875,3.8865466117858887,22.0,0,0.0013337606,Low
115.0,0.2752462387704297,1.5047450257467456,82.0,0,0.00046875907,Low
115.0,0.1409034861562604,2.368321764288704,23.0,0,0.0018267723,Low
115.0,0.3278602390647577,1.854334115982056,71.0,0,0.00043822263,Low
115.0,0.3975523095144098,0.9274099469184875,23.0,0,0.0013829053,Low
115.0,0.2776902887139107,4.495112895965576,82.0,0,0.0005233138,Low
115.0,0.2546386847808849,2.3601222038269043,82.0,0,0.0008668157,Low
115.0,0.2686030428769018,3.537684440612793,82.0,0,0.0010307,Low
115.0,0.4169590643274853,2.5328969955444336,71.0,0,0.0057703103,Low
115.0,0.1471243285733001,1.1801519393920898,22.0,0,0.013656219,Low
115.0,0.4376472999282713,6.487697601318359,21.0,0,0.06349973,Low
115.0,0.7079345179255974,7.970650672912598,22.0,0,0.00630337,Low
115.0,0.2969156447417317,10.388440132141112,21.0,0,0.04904284,Low
230.0,0.0175438596491228,10.399994850158691,11.0,0,0.00043226007,Low
230.0,0.3248189096454441,10.390697479248049,52.0,0,0.0006320197,Low
230.0,0.4067009874250991,2.7802884578704834,23.0,0,0.0010718983,Low
230.0,0.36101250192931,15.642284393310549,22.0,0,0.00097320986,Low
230.0,0.1978824095612416,14.564321517944336,52.0,0,0.000628203,Low
230.0,0.1978824095612416,13.215761184692385,52.0,0,0.000628203,Low
115.0,0.3276616431696645,1.1838053464889526,82.0,0,0.0009971091,Low
115.0,0.1692923230807702,16.988065719604492,22.0,0,0.024531329,Low
115.0,0.2068048910154173,10.678935050964355,22.0,0,0.07658241,Low
115.0,0.0602983179942875,5.0785768654510965,22.0,0,0.0007506687,Low
115.0,0.1322188874108381,4.38345461669005,23.0,0,0.0009768156,Low
115.0,0.7206982543640897,16.499351501464844,22.0,0,0.09718472,Low
115.0,0.3738039894048326,3.542968273162842,82.0,0,0.0050141774,Low
230.0,0.2295333178546552,11.70418643951416,71.0,0,0.0005729448,Low
230.0,0.2015152032215131,29.38399124145508,71.0,0,0.0005302391,Low
230.0,0.2015152032215131,29.38399124145508,71.0,0,0.0005302391,Low
230.0,0.1129973474801061,3.540235042572021,22.0,0,0.0018083302,Low
230.0,0.3862620997766195,5.463841438293457,71.0,0,0.0016737896,Low
230.0,0.5184286029574046,2.9996373653411865,11.0,0,0.009614772,Low
230.0,0.4054590570719603,11.306961059570312,52.0,0,0.002196721,Low
230.0,0.3336616596897316,10.357159614562988,71.0,0,0.0006320197,Low
230.0,0.3336616596897316,7.973233222961426,71.0,0,0.0011710458,Low
230.0,0.3252906339109453,5.979298114776611,22.0,0,0.0008682109,Low
230.0,0.3252906339109453,8.928685188293457,22.0,0,0.00070179073,Low
230.0,0.3252906339109453,5.979298114776611,22.0,0,0.0008682109,Low
230.0,0.2739310344827586,5.188493728637695,23.0,0,0.0025095982,Low
230.0,0.3252906339109453,5.979298114776611,22.0,0,0.0008682109,Low
230.0,0.3114969360957105,5.979298114776611,22.0,0,0.0008682109,Low
230.0,0.3114969360957105,5.979298114776611,22.0,0,0.0008682109,Low
230.0,0.293997965412004,6.565337657928467,23.0,0,0.0034988204,Low
230.0,0.3338962747677867,7.098360538482666,22.0,0,0.0025448292,Low
230.0,0.5194508009153318,4.773819446563721,95.0,0,0.001091554,Low
230.0,-0.44,0.0,11.0,0,0.001317491,Low
230.0,0.3026009727215056,8.385391235351562,71.0,0,0.0011710458,Low
230.0,0.2957505872304078,7.086752414703369,71.0,0,0.0016298124,Low
230.0,0.7132395250300779,3.643685579299927,43.0,0,0.0005650936,Low
115.0,0.1658242135741277,2.5406312942504883,82.0,0,0.0005970878,Low
60.0,0.7996403052544597,6.6357982392598105,21.0,0,0.0015524641,Low
115.0,0.4827756067124233,23.64039984542533,52.0,0,0.0020375738,Low
230.0,0.3661215251733524,2.611741542816162,71.0,0,0.0029244036,Low
230.0,0.1704093472905639,0.9274099469184875,71.0,0,0.0007332349,Low
230.0,0.2027809716207648,3.0350303649902344,71.0,0,0.0010880838,Low
115.0,0.6954386726456009,4.783829212188721,21.0,0,0.0022915343,Low
115.0,0.700004829284783,24.312787286737485,21.0,0,0.032819007,Low
230.0,0.7951689364366274,24.46274375915528,52.0,0,0.00051748205,Low
230.0,0.6239377564519384,8.736847877502441,52.0,0,0.0014260813,Low
230.0,0.4999832483964992,16.46805763244629,21.0,0,0.002878459,Low
230.0,0.2740891553243096,15.204299926757812,52.0,0,0.0017023123,Low
115.0,0.4005301893076968,2.7802884578704834,82.0,0,0.0019599483,Low
115.0,0.6889740371275683,17.648239135742188,41.0,0,0.00073516776,Low
115.0,0.0238879071394612,8.38767147064209,23.0,0,0.002223882,Low
60.0,0.7591095941870325,20.57779121398925,21.0,0,0.0012049009,Low
115.0,0.4772265148434323,3.970646619796753,82.0,0,0.0019040938,Low
115.0,0.3730431462390225,6.930304050445557,42.0,0,0.010072565,Low
115.0,0.5425827767345678,5.885669708251953,43.0,0,0.0018613179,Low
60.0,0.5020636586218957,3.649848699569702,52.0,0,0.0011007405,Low
115.0,0.8100461251510126,1.854334115982056,42.0,0,0.00028096937,Low
115.0,0.6198373946891944,0.9274099469184875,42.0,0,0.0007925705,Low
115.0,0.8416656727286423,11.301752090454102,42.0,0,0.0015165197,Low
115.0,0.7425647789947095,8.650529861450195,42.0,0,0.00037757747,Low
115.0,0.8122212168472551,18.90270233154297,42.0,0,0.00073516776,Low
230.0,0.7636820863511468,11.182430267333984,43.0,0,0.0016069564,Low
230.0,0.3570108489727113,1.5374696254730225,52.0,0,0.00023536147,Low
115.0,0.5842024329714833,11.740562438964844,42.0,0,0.0014081153,Low
115.0,0.5850882960815408,0.9274099368729608,82.0,0,0.0007925705,Low
115.0,0.3095815178558919,3.704791784286499,21.0,0,0.0008298042,Low
115.0,0.1576894223555889,3.011153221130371,21.0,0,0.004074021,Low
115.0,0.4135602861706084,2.4555463790893555,23.0,0,0.0027776817,Low
115.0,0.1428950397680709,3.590078830718994,23.0,0,0.0009768156,Low
115.0,0.2151230737719731,6.562656402587891,71.0,0,0.008164755,Low
115.0,0.1367265992207021,2.200957775115967,71.0,0,0.00022853434,Low
115.0,0.1867749419953596,3.022138833999634,11.0,0,0.0044477927,Low
230.0,0.2697394789579158,2.5847566737843217,71.0,0,0.0007497608,Low
230.0,0.2714955706096925,2.5847566737843217,71.0,0,0.0007497608,Low
230.0,0.2303905262457587,4.062333121772883,71.0,0,0.00026692846,Low
60.0,0.3827529402750642,3.6691739559173584,43.0,0,0.0012093978,Low
115.0,0.3274405472906938,1.5060588121414185,23.0,0,0.0005595395,Low
115.0,0.5080528453386862,10.099427223205566,71.0,0,0.0030653558,Low
115.0,0.3043339197185351,4.511534690856934,21.0,0,0.0008298042,Low
230.0,0.1926179688363355,3.653598070144653,24.0,0,0.000553272,Low
230.0,0.8111515344718324,3.704791784286499,42.0,0,0.0005650936,Low
230.0,0.2926436711857831,3.901799917221069,42.0,0,0.00045766175,Low
60.0,0.6327435252963226,7.382781028747559,42.0,0,0.00091850467,Low
230.0,0.8200804051584609,23.123680114746094,42.0,0,0.00051748205,Low
230.0,0.782996241274387,16.70958137512207,52.0,0,0.00051748205,Low
230.0,0.7921509175313964,15.482337951660156,42.0,0,0.00061309076,Low
230.0,0.8291561946018213,13.975717544555664,42.0,0,0.00061309076,Low
230.0,0.5525988388166989,27.92907997034734,42.0,0,0.00096444006,Low
115.0,0.7664021663422794,17.995286713911565,42.0,0,0.00073516776,Low
115.0,0.4008225245175577,14.053098355842677,71.0,0,0.001444198,Low
115.0,0.2553399960807368,3.653633832931519,52.0,0,0.0005625745,Low
115.0,0.0422854019056404,1.5070890188217163,23.0,0,0.00026929885,Low
115.0,0.6860845566586962,3.704791784286499,22.0,0,0.001191525,Low
115.0,0.1174603174603174,31.48814392089844,52.0,0,0.0012064679,Low
230.0,0.2289737031610836,13.034363746643066,71.0,0,0.0005729448,Low
230.0,0.2019561673609853,2.576676607131958,21.0,0,0.0007742835,Low
230.0,0.5122146575891069,10.919741489083304,52.0,0,0.00218444,Low
115.0,-0.2216844143272023,2.513552665710449,11.0,0,0.00036920034,Low
115.0,-0.1870084771729138,2.191512107849121,24.0,0,0.0006793749,Low
115.0,0.5008616637944541,0.0,95.0,0,0.0009886821,Low
60.0,0.2844447655516219,6.975235462188721,21.0,0,0.00096378376,Low
60.0,0.7369067716189353,3.023340147393084,22.0,0,0.0019147287,Low
115.0,0.1475787678336829,3.009288787841797,23.0,0,0.013266713,Low
115.0,0.7737693863789615,28.82769203186035,71.0,0,0.00073516776,Low
115.0,0.1814109273602679,3.6039740755749294,21.0,0,0.00091634435,Low
230.0,0.03036700999553,10.391425769666904,52.0,0,0.0019030365,Low
115.0,0.558286430820896,3.072752952575684,42.0,0,0.013604304,Low
230.0,0.4927215558402235,1.5379459857940674,81.0,0,0.0010200187,Low
230.0,0.2579484016029789,0.9274099469184875,42.0,0,0.00079355214,Low
230.0,0.6932547251603952,5.225677967071533,52.0,0,0.0005650936,Low
230.0,0.5901647812387002,0.9274099469184875,52.0,0,0.0006965094,Low
115.0,0.3564194707611892,1.4976759795775798,82.0,0,0.00046875907,Low
115.0,0.2271760512047289,3.017946243286133,23.0,0,0.0046209283,Low
115.0,0.2774371024127457,2.1951122283935547,23.0,0,0.00059753185,Low
115.0,0.2774371024127457,2.1951122283935547,23.0,0,0.00059753185,Low
115.0,0.2420624151967435,3.637941360473633,21.0,0,0.001028962,Low
115.0,0.1184969261085532,7.347884178161621,23.0,0,0.004378824,Low
115.0,0.1180030165547067,7.347884178161621,23.0,0,0.004378824,Low
115.0,0.2692915907680605,0.9274099469184875,22.0,0,0.0016814619,Low
115.0,0.1581076481742596,8.2239351272583,21.0,0,0.004264475,Low
115.0,0.1283254463753131,8.2239351272583,21.0,0,0.0029705989,Low
115.0,0.3420943879659475,2.5257580280303955,21.0,0,0.001119327,Low
115.0,0.4144171117037202,5.668825149536133,82.0,0,0.0033211475,Low
115.0,0.1993311036789297,6.016611576080322,71.0,0,0.0005721448,Low
115.0,0.1767458182243537,7.059544563293457,71.0,0,0.002256186,Low
115.0,0.3350739040720933,11.938393592834473,52.0,0,0.00088819163,Low
115.0,0.159322033898305,1.854334115982056,23.0,0,0.0015275338,Low
115.0,0.3937838608497291,17.74994659423828,52.0,0,0.0019219788,Low
115.0,0.5073516064621529,11.7435302734375,52.0,0,0.0015311015,Low
115.0,0.490852064819655,11.7435302734375,52.0,0,0.0015311015,Low
115.0,0.7488334620161805,0.9274099469184875,21.0,0,0.0032832825,Low
115.0,0.5117898046260948,1.168936252593994,21.0,0,0.0063790716,Low
115.0,0.523725834797891,5.0179972648620605,21.0,0,0.0026416841,Low
115.0,0.5054920751935128,0.0,21.0,0,0.0040792036,Low
230.0,0.2482370160109992,13.014214515686035,22.0,0,0.0071072793,Low
115.0,0.2663616471056296,2.353083372116089,23.0,0,0.0031099294,Low
60.0,0.4355127996086743,1.1701689958572388,23.0,0,0.0017040984,Low
230.0,-0.5955532027527792,0.0,11.0,0,0.001317491,Low
115.0,0.2439585730724971,2.979499101638794,24.0,0,0.027815029,Low
230.0,0.5334026037528269,5.09974479675293,21.0,0,0.003152419,Low
60.0,0.0082018927444794,3.630912065505981,24.0,0,0.00061378686,Low
60.0,0.0401048492791612,1.1692755222320557,24.0,0,0.0003700033,Low
115.0,0.20636733528446,3.015275955200196,24.0,0,0.00371759,Low
115.0,0.6261766024204393,2.5112342834472656,22.0,0,0.001441555,Low
115.0,0.1868686868686868,3.88340163230896,22.0,0,0.0014175187,Low
115.0,0.5256124721603563,5.817864418029785,24.0,0,0.0037786788,Low
115.0,0.7532210109018831,7.494812488555908,22.0,0,0.00630337,Low
115.0,0.719848566792861,3.883352279663086,22.0,0,0.001191525,Low
115.0,0.4419431279620853,2.9790802001953125,22.0,0,0.010661797,Low
115.0,0.3473423980222497,2.5104074478149414,23.0,0,0.0013517039,Low
115.0,0.5088952339117065,2.97832465171814,23.0,0,0.0062776464,Low
115.0,0.0360518914995918,3.007425308227539,23.0,0,0.001521142,Low
115.0,0.0355002805988522,9.15601921081543,82.0,0,0.0005284305,Low
115.0,0.0437998626301051,4.7665300369262695,23.0,0,0.000715983,Low
115.0,0.1052705123156463,1.4761313199996948,82.0,0,0.00026466066,Low
115.0,0.2968409945261491,3.0133368968963623,71.0,0,0.002428339,Low
115.0,0.1901129392198623,1.163074254989624,82.0,0,0.0013638078,Low
115.0,0.6501863894860005,0.9274099469184875,21.0,0,0.047469504,Low
115.0,0.1617747045293445,1.4874333143234253,21.0,0,0.0043589706,Low
115.0,0.4533089695717805,4.443174362182617,23.0,0,0.0014761622,Low
115.0,0.1451429365979239,3.0114178123550643,71.0,0,0.0012569472,Low
115.0,0.1774823603895738,3.0114178123550643,71.0,0,0.0018853337,Low
115.0,0.0715814998909894,6.528842054200511,23.0,0,0.017105028,Low
115.0,0.0698563274845445,4.98064303501005,23.0,0,0.000715983,Low
115.0,0.033161519864982,1.1579664945602417,24.0,0,0.0003120123,Low
115.0,0.0366173039379077,1.157962203025818,24.0,0,0.0003120123,Low
115.0,0.0294853661190295,1.854334115982056,24.0,0,0.0008797609,Low
115.0,0.1873676263971312,1.482942871282343,22.0,0,0.0011466701,Low
115.0,0.6547559134373427,1.854334115982056,82.0,0,0.00028096937,Low
115.0,0.3495878404229418,3.608181461906075,82.0,0,0.0005233138,Low
115.0,0.052596762239604,0.9274099469184875,31.0,0,0.00028328368,Low
60.0,0.8766690257136117,5.069620830808593,42.0,0,0.00029054508,Low
230.0,0.7098334441073696,17.34939956665039,43.0,0,0.00051748205,Low
230.0,0.3945274936620334,3.6230976581573486,23.0,0,0.0018545815,Low
230.0,0.2397301449468973,3.630084991455078,23.0,0,0.0013739766,Low
230.0,0.3110204081632653,5.021549224853516,24.0,0,0.00055542885,Low
230.0,0.5269168026101142,18.71481132507324,22.0,0,0.0016521149,Low
230.0,0.520167121966897,4.764671325683594,71.0,0,0.0014273871,Low
230.0,0.3525386313465783,6.454164028167725,52.0,0,0.0024088935,Low
230.0,0.3493182886694875,6.454164028167725,52.0,0,0.0024088935,Low
230.0,0.3812309105064579,9.483171463012695,52.0,0,0.0030437086,Low
230.0,0.414207650273224,12.720699558291932,52.0,0,0.001232328,Low
230.0,0.5565559932470455,7.232760592304389,52.0,0,0.011502715,Low
230.0,0.4488766620816139,3.015319585800171,95.0,0,0.0041020345,Low
230.0,0.4293695340033938,2.1928257942199707,22.0,0,0.00059309596,Low
230.0,0.3806499813223759,3.9657371044158936,71.0,0,0.0016737896,Low
230.0,0.3568091049100734,3.9657371044158936,71.0,0,0.00034368984,Low
230.0,0.3149174371133153,1.4929215908050537,43.0,0,0.00023536147,Low
230.0,0.4709859154929577,12.950453758239746,71.0,0,0.001001407,Low
230.0,0.4640412167407721,12.950453758239746,71.0,0,0.001001407,Low
230.0,0.4208281053952321,19.060657501220703,21.0,0,0.0012419659,Low
115.0,0.0030150347032518,4.373363971710205,23.0,0,0.00068536133,Low
115.0,0.0137163740661068,2.7802884578704834,23.0,0,0.0006031423,Low
115.0,0.2299913791094853,2.977812528610229,23.0,0,0.0046209283,Low
230.0,0.1154047555662308,2.466022729873657,22.0,0,0.0012346545,Low
230.0,0.1564847497511086,5.701371669769287,71.0,0,0.0002484657,Low
230.0,0.6558545145166436,2.942254066467285,82.0,0,0.0009724295,Low
230.0,0.0354135425077863,10.183404678301727,82.0,0,0.00041976792,Low
230.0,0.146234067207416,11.05128450390268,71.0,0,0.0019742271,Low
230.0,0.204861468740344,11.292869752976038,71.0,0,0.00075869355,Low
230.0,0.1864819195674214,4.451674486892996,71.0,0,0.000330019,Low
230.0,0.191389204770846,1.8543341688295631,71.0,0,0.00032252166,Low
230.0,0.218872535609418,12.290444865100772,71.0,0,0.0010839119,Low
230.0,0.6404169079328315,0.9274099469184875,82.0,0,0.0006965094,Low
230.0,0.7356104550663704,3.58786940574646,82.0,0,0.0003544127,Low
230.0,0.0980164461508313,5.771347999572754,82.0,0,0.00025356922,Low
230.0,0.2391960014850224,12.707045981762832,71.0,0,0.0005729448,Low
230.0,0.5371465187104388,4.627367496490479,82.0,0,0.001091554,Low
230.0,0.321447527891935,4.627367496490479,82.0,0,0.00026276015,Low
230.0,0.8027995422132229,1.4825021028518677,82.0,0,0.00029121453,Low
230.0,0.2707423580786026,6.869500637054443,71.0,0,0.0027823006,Low
230.0,0.2456653906777752,12.355405807495115,71.0,0,0.0017023123,Low
230.0,0.2406613594611145,12.355405807495115,71.0,0,0.0005729448,Low
230.0,0.2323713927227101,11.782630920410156,71.0,0,0.0005729448,Low
230.0,0.2725114464982194,17.28030014038086,71.0,0,0.0014370901,Low
230.0,0.2754973558297658,19.03935432434082,71.0,0,0.000490214,Low
230.0,0.2208631433187168,13.42848300933838,71.0,0,0.0010839119,Low
230.0,0.2272897952109991,21.868576049804688,71.0,0,0.0004835941,Low
230.0,0.2272897952109991,21.868576049804688,71.0,0,0.0004835941,Low
230.0,0.2822091792552679,11.051919937133787,71.0,0,0.0008845128,Low
230.0,0.1897093217507517,13.408308029174805,71.0,0,0.000628203,Low
230.0,0.1893517377372442,13.408308029174805,71.0,0,0.000628203,Low
230.0,0.2140455267072514,3.613884687423706,71.0,0,0.0011427847,Low
230.0,0.2295475137238181,24.42717742919922,71.0,0,0.0004835941,Low
230.0,0.240117130307467,24.42717742919922,71.0,0,0.0004835941,Low
230.0,0.2042005193064745,13.532158851623535,71.0,0,0.000628203,Low
230.0,0.3786268651563068,3.0027287006378174,71.0,0,0.0040894677,Low
230.0,0.2394305470165997,10.267358779907228,52.0,0,0.0009527168,Low
230.0,0.3182968394536809,14.749434471130373,52.0,0,0.00058078713,Low
230.0,0.4943379468581155,7.463511943817139,52.0,0,0.001286559,Low
115.0,0.2180344593062797,3.532637357711792,82.0,0,0.0011444554,Low
115.0,0.0781288709713745,0.9274099469184875,82.0,0,0.00073746726,Low
115.0,0.0677445064328816,0.9274099469184875,82.0,0,0.00028328368,Low
230.0,0.0805614304941357,2.9335076808929443,82.0,0,0.0005758667,Low
230.0,0.0283293778351909,2.933483362197876,82.0,0,0.020337418,Low
60.0,0.1969916764080391,5.661436557769775,22.0,0,0.000675649,Low
60.0,0.2731867605946176,0.9274099469184875,23.0,0,0.0006824996,Low
60.0,0.2538711288711288,0.9274099469184875,23.0,0,0.0006824996,Low
230.0,0.008204262464941,8.375011050154741,22.0,0,0.0013379857,Low
230.0,0.0454784635044726,3.00294041633606,23.0,0,0.0020161595,Low
230.0,0.4909421210169208,2.7802884578704834,23.0,0,0.001434706,Low
60.0,0.2256999750522942,2.994368553161621,23.0,0,0.008046673,Low
230.0,0.2772590477660313,6.268476486206055,71.0,0,0.0018098846,Low
230.0,0.4465558023999022,9.57662296295166,71.0,0,0.0032265487,Low
230.0,0.3443335414453786,0.0,71.0,0,0.0004901224,Low
115.0,-0.2219260161982379,4.526994705200195,31.0,0,0.00052678905,Low
115.0,0.4006630961489415,1.196262902870997,82.0,0,0.0010137956,Low
115.0,0.4504690431519699,4.406107425689697,82.0,0,0.002209197,Low
115.0,0.6170430336599915,5.148367404937744,82.0,0,0.0010204051,Low
115.0,0.7577785499078996,3.704791784286499,21.0,0,0.0022915343,Low
115.0,0.6229598386209425,7.300226211547852,82.0,0,0.002915915,Low
115.0,0.0460216901105981,0.9274099469184875,23.0,0,0.0007517826,Low
115.0,0.1870284675081477,2.5619802474975586,22.0,0,0.001775007,Low
115.0,0.5322422258592472,0.0,82.0,0,0.0009886821,Low
115.0,0.5037085950337075,1.854334115982056,82.0,0,0.0018979054,Low
115.0,0.6205823109320637,9.01270580291748,82.0,0,0.0016069502,Low
230.0,0.0167727009832272,0.9274099469184875,24.0,0,0.0009804076,Low
230.0,0.2464602386147346,3.6567986011505127,82.0,0,0.0004490005,Low
230.0,0.2655466199538179,1.1806204319000244,82.0,0,0.0012432727,Low
230.0,0.2897959183673469,1.1800528764724731,82.0,0,0.00076801586,Low
230.0,0.2632456079438927,1.179477334022522,82.0,0,0.0012432727,Low
230.0,0.2753646920757086,1.179477334022522,82.0,0,0.00076801586,Low
230.0,0.7011413992211628,0.9274099469184875,82.0,0,0.00036358886,Low
230.0,0.3199623942337825,4.384959697723389,23.0,0,0.0008280985,Low
230.0,0.2752781809385582,1.4980778694152832,24.0,0,0.00022035115,Low
230.0,0.336030319805817,2.530266761779785,22.0,0,0.0006574566,Low
230.0,0.2392495648249629,3.648634672164917,82.0,0,0.00022842347,Low
230.0,0.3462987475817127,3.6486215591430655,21.0,0,0.0008682109,Low
230.0,0.3679186031905539,3.6486215591430655,21.0,0,0.002660422,Low
230.0,0.3397517689363183,1.1777969598770142,82.0,0,0.00076801586,Low
230.0,0.2584935963431207,4.776041379300153,21.0,0,0.002630947,Low
230.0,0.3855237907789204,5.4661359786987305,71.0,0,0.0016737896,Low
230.0,0.1321694305305646,5.816050052642822,23.0,0,0.0014197296,Low
230.0,0.3766025641025641,5.4661359786987305,71.0,0,0.0016737896,Low
230.0,0.3506970712201448,5.816050052642822,21.0,0,0.0008682109,Low
230.0,0.1141289123684699,0.0,22.0,0,0.0051015215,Low
230.0,0.3658389637216508,3.000705480575561,71.0,0,0.008097429,Low
230.0,0.6889942030211991,19.89130592346192,71.0,0,0.00051748205,Low
230.0,0.843624014457927,19.97166633605957,42.0,0,0.00051748205,Low
230.0,0.7194759642441138,5.192527294158936,42.0,0,0.0005650936,Low
230.0,0.5265013054830288,11.338717460632324,71.0,0,0.0026564961,Low
230.0,0.7886308926401896,20.33139610290528,42.0,0,0.00051748205,Low
230.0,0.3167327947092939,15.427738189697266,22.0,0,0.00097320986,Low
230.0,0.3236080017332274,4.003623962402344,22.0,0,0.0008682109,Low
230.0,0.3455017675492388,5.4661359786987305,71.0,0,0.00034368984,Low
230.0,0.3665058430566745,3.5387091636657715,71.0,0,0.0040985527,Low
230.0,0.491061425300794,2.1959216594696045,21.0,0,0.0008025978,Low
230.0,0.1598023064250411,3.970042943954468,71.0,0,0.0002484657,Low
230.0,0.0640032613126783,1.4945825338363647,71.0,0,0.00019176143,Low
230.0,0.0714610832954028,1.854334115982056,71.0,0,0.00017926625,Low
230.0,0.2040212891780012,16.387229919433594,71.0,0,0.000628203,Low
230.0,0.2368752055150466,13.64357852935791,52.0,0,0.0005729448,Low
230.0,0.2352542372881356,10.28807258605957,52.0,0,0.0009527168,Low
230.0,0.2008378184903359,7.446254730224609,52.0,0,0.0005124249,Low
230.0,0.186816571692592,6.464860916137695,71.0,0,0.0015650623,Low
230.0,0.2014358908020752,6.464860916137695,71.0,0,0.0015650623,Low
230.0,0.3220754615570665,6.01894474029541,52.0,0,0.00045766175,Low
230.0,0.2069412052372634,8.619678497314453,71.0,0,0.0011245013,Low
230.0,0.2087358114452968,8.619678497314453,71.0,0,0.0038863001,Low
230.0,0.2295885738648475,10.363055229187012,21.0,0,0.008656163,Low
230.0,0.1789847355342563,18.490535736083984,71.0,0,0.0005302391,Low
230.0,0.1842988472201955,18.490535736083984,71.0,0,0.0005302391,Low
230.0,0.1582556330098806,8.35979175567627,71.0,0,0.001013926,Low
230.0,0.2820049672612328,1.172741413116455,22.0,0,0.002330761,Low
230.0,0.4591119748841381,1.172741413116455,21.0,0,0.011124499,Low
230.0,0.2020569959288622,0.9274099469184875,23.0,0,0.0049819862,Low
230.0,0.8064969271290606,3.630118608474731,22.0,0,0.0009706588,Low
230.0,0.4070430233466072,0.9274099469184875,23.0,0,0.0024080765,Low
230.0,0.847510704927462,13.205135345458984,43.0,0,0.00061309076,Low
230.0,0.5459366980325064,2.985617160797119,21.0,0,0.009614772,Low
230.0,0.6076600837821664,10.666181564331056,52.0,0,0.0020090789,Low
230.0,0.6485173395878708,9.340410232543944,21.0,0,0.05218244,Low
230.0,0.4931718991975221,2.3425090312957764,21.0,0,0.0022554155,Low
230.0,0.0523529411764706,0.0,23.0,0,0.0025450918,Low
230.0,0.0899944102850753,0.0,23.0,0,0.005586777,Low
230.0,0.4087747458533975,13.449349403381348,21.0,0,0.0013643547,Low
230.0,0.3943499091359656,15.00669765472412,22.0,0,0.002139573,Low
230.0,0.4087747458533975,13.449349403381348,21.0,0,0.0013643547,Low
230.0,0.356632984147585,14.25197982788086,21.0,0,0.00097320986,Low
230.0,0.356632984147585,15.754117012023926,21.0,0,0.00097320986,Low
230.0,0.5138031777774306,5.098079204559326,21.0,0,0.003152419,Low
230.0,0.7626336331240456,19.27352523803711,43.0,0,0.00051748205,Low
230.0,0.2322625086104327,2.3445448875427246,23.0,0,0.0017817934,Low
230.0,0.8879158203190036,22.11376190185547,43.0,0,0.00051748205,Low
230.0,0.2742041828203708,3.0168023109436035,23.0,0,0.0066695283,Low
230.0,0.3604604684627069,12.377412796020508,52.0,0,0.00058078713,Low
230.0,0.058217855763868,1.1727502346038818,23.0,0,0.0024937205,Low
230.0,0.0457979427205599,0.9274099469184875,23.0,0,0.0025450918,Low
230.0,0.5149957155098543,15.132364273071287,43.0,0,0.0011425334,Low
230.0,0.3757349011223944,13.791075706481934,71.0,0,0.00094453985,Low
230.0,0.0411971674163808,1.1727677583694458,24.0,0,0.0005433912,Low
230.0,0.8757694459988808,25.06284523010254,42.0,0,0.00051748205,Low
230.0,0.8281154082259055,14.225205421447754,43.0,0,0.00061309076,Low
230.0,0.5270240779806503,9.356353759765623,42.0,0,0.003011825,Low
230.0,0.3499653499653499,1.4907777309417725,22.0,0,0.00025820328,Low
230.0,0.5472910927456383,2.334205150604248,21.0,0,0.0025728117,Low
230.0,0.4965635738831615,2.334205150604248,21.0,0,0.0022554155,Low
230.0,0.4965635738831615,2.334205150604248,21.0,0,0.0022554155,Low
115.0,0.1999270006387444,24.042543411254883,71.0,0,0.0013334462,Low
115.0,0.2135024725865405,1.180309534072876,22.0,0,0.007444425,Low
115.0,0.6522534889041409,11.665658950805664,52.0,0,0.006603129,Low
115.0,0.3917583862364299,5.813161373138428,11.0,0,0.0024640535,Low
115.0,0.3917583862364299,5.813161373138428,11.0,0,0.0024640535,Low
115.0,-0.3075571177504393,2.356691837310791,11.0,0,0.00043557366,Low
115.0,0.4602206705399498,2.1971609592437744,95.0,0,0.00091755606,Low
115.0,0.4186972425436128,1.5001401901245115,95.0,0,0.0031025568,Low
115.0,0.1399001217596922,2.1972451210021973,23.0,0,0.00069116824,Low
115.0,0.1562057574327513,1.5007798671722412,24.0,0,0.0008567231,Low
115.0,0.0577305905773059,1.5007834434509275,24.0,0,0.0002725072,Low
115.0,0.7466529351184346,10.294657707214355,52.0,0,0.00091485557,Low
115.0,0.0622651091924834,0.9274099469184875,24.0,0,0.00031845432,Low
115.0,0.2844876931883228,3.656407594680786,22.0,0,0.0008298042,Low
115.0,0.0207867058703061,3.0197348594665527,24.0,0,0.002643391,Low
115.0,0.4055659644472879,2.7802884578704834,71.0,0,0.0025622721,Low
115.0,-0.6335655272962903,0.0,11.0,0,0.0004140123,Low
115.0,0.0993971680919669,0.9274099469184875,24.0,0,0.00082897954,Low
115.0,0.3587252234745433,2.539904832839966,71.0,0,0.00087380887,Low
115.0,0.2175167439464193,2.5392298698425293,22.0,0,0.0026068476,Low
115.0,0.3453222008135302,0.0,21.0,0,0.0010536872,Low
115.0,0.8116078545032969,3.002934455871582,82.0,0,0.0010035846,Low
115.0,0.2634232536223347,3.887372970581055,22.0,0,0.0016197191,Low
115.0,0.2634232536223347,3.887372970581055,22.0,0,0.0016197191,Low
115.0,0.2303322919625106,4.389252662658691,23.0,0,0.0012009215,Low
230.0,0.3872230086892692,3.8849804401397705,81.0,0,0.0012800577,Low
230.0,0.2946039939631226,4.473248899661369,82.0,0,0.00026276015,Low
230.0,0.0186820448128791,1.165696620941162,24.0,0,0.0009605881,Low
230.0,0.013061449435106,1.854334115982056,24.0,0,0.00035634314,Low
230.0,0.1419610980541385,4.773162364959717,23.0,0,0.0014197296,Low
230.0,0.1670715456873529,1.496578812599182,21.0,0,0.000500016,Low
230.0,0.2708921709338395,2.1951122283935547,23.0,0,0.0010644398,Low
230.0,0.0523790483806477,3.704791833718337,22.0,0,0.0021267557,Low
230.0,0.1831066983236204,1.484040379524231,82.0,0,0.00034499838,Low
230.0,0.1422335618333282,0.0,82.0,0,0.0009419211,Low
230.0,0.5347331120298149,0.9274099469184875,82.0,0,0.00086887303,Low
230.0,0.1970383206648025,0.0,82.0,0,0.0007332349,Low
230.0,0.1180794759545668,0.0,95.0,0,0.0009419211,Low
230.0,0.2219556963065644,1.1567225456237793,82.0,0,0.0013724641,Low
230.0,0.317619926199262,2.312502861022949,82.0,0,0.0003958164,Low
230.0,0.0432498495102241,3.929092168807984,23.0,0,0.0020286147,Low
230.0,0.04672930720994,7.377970218658447,23.0,0,0.0016994227,Low
230.0,0.2922318912684887,0.9274099469184875,23.0,0,0.0018932627,Low
230.0,0.250499848046194,6.526436805725098,71.0,0,0.0027823006,Low
230.0,0.1955723157706436,3.0114080905914307,82.0,0,0.00095802656,Low
230.0,0.2089751383614529,0.9274099469184875,82.0,0,0.0009734237,Low
230.0,0.2072969504369614,1.854334115982056,82.0,0,0.00032252166,Low
230.0,0.2194480946123522,6.061746597290039,71.0,0,0.0005051189,Low
230.0,0.2612106697497729,13.648222923278809,71.0,0,0.0017023123,Low
230.0,0.0166809520669875,1.4841651916503906,23.0,0,0.00042229303,Low
115.0,0.7831269761531868,0.9274099469184875,82.0,0,0.0002831287,Low
115.0,0.1727104881065481,2.1860721111297607,21.0,0,0.00068737834,Low
115.0,0.2112000234065275,15.191486358642578,71.0,0,0.024242697,Low
115.0,0.2242393350062735,4.716044425964356,71.0,0,0.0009197188,Low
115.0,0.4762050030506405,3.517009595060091,71.0,0,0.0033537499,Low
115.0,0.4762050030506405,3.517009595060091,71.0,0,0.0033537499,Low
230.0,0.7550046124332176,35.25489233951971,42.0,0,0.00051748205,Low
230.0,0.3577764636309876,7.470588207244873,71.0,0,0.0011710458,Low
230.0,0.3937051352843733,3.642767429351807,82.0,0,0.0012800577,Low
230.0,0.4161756829137654,3.642767429351807,82.0,0,0.0016699019,Low
230.0,0.4716499544211485,0.9274099368729608,22.0,0,0.0033535901,Low
230.0,0.3361611338294684,13.726369857788086,71.0,0,0.00058078713,Low
230.0,0.3926602412345818,1.504557967185974,22.0,0,0.0003988373,Low
230.0,0.2565386287461259,4.818962097167969,23.0,0,0.0025095982,Low
230.0,0.4069688362603512,1.504557967185974,22.0,0,0.0003988373,Low
230.0,0.1792440600751865,1.854334115982056,22.0,0,0.0007232805,Low
230.0,0.1798231247952833,4.773251056671143,23.0,0,0.0016247521,Low
230.0,0.2505120252794195,6.569206714630127,24.0,0,0.005260004,Low
230.0,0.1798728343321191,3.642979145050049,22.0,0,0.001703388,Low
230.0,0.1907484959928573,1.4971528053283691,22.0,0,0.00077366503,Low
230.0,0.2883590709930446,3.642157554626465,22.0,0,0.0008682109,Low
230.0,0.6293744963898061,3.642157554626465,22.0,0,0.0017484449,Low
230.0,0.2405310177274442,3.01788067817688,22.0,0,0.0034358352,Low
230.0,0.2496983942901174,1.497177243232727,22.0,0,0.00078340597,Low
230.0,0.3120817324293364,2.9923057556152344,71.0,0,0.0012204464,Low
230.0,0.3120817324293364,1.497177243232727,71.0,0,0.00023536147,Low
230.0,0.1733319958207072,1.175507664680481,22.0,0,0.006128843,Low
230.0,0.1803270087654538,2.1951074600219727,23.0,0,0.00091295113,Low
230.0,0.1515853434740941,2.1951074600219727,21.0,0,0.00028245413,Low
230.0,0.1650755593198184,7.347940444946289,22.0,0,0.0021362586,Low
230.0,0.1631888368784899,7.347940444946289,23.0,0,0.0020376793,Low
230.0,0.2139353266839971,7.469740867614746,71.0,0,0.0038863001,Low
230.0,0.1982575220342417,7.008743762969971,71.0,0,0.0015650623,Low
230.0,0.1982575220342417,15.82931423187256,71.0,0,0.000628203,Low
230.0,0.1843684577808792,4.381122589111328,71.0,0,0.000330019,Low
230.0,0.0363707469691044,8.592685849011792,82.0,0,0.0008951631,Low
230.0,0.0313502665997736,4.942139637739731,82.0,0,0.001101098,Low
230.0,0.141215892771661,1.47647338427738,82.0,0,0.00055450737,Low
230.0,0.2130758974865438,7.067167488387965,71.0,0,0.0054030344,Low
230.0,0.0422653823885467,3.0074113480554425,82.0,0,0.00057569414,Low
230.0,0.3692385274836107,1.498273849487305,21.0,0,0.0010460917,Low
230.0,0.3624281609195401,13.791415214538574,21.0,0,0.00097320986,Low
230.0,0.3206364499026405,2.7802884578704834,71.0,0,0.00038358278,Low
230.0,0.5346986417657046,2.211927890777588,82.0,0,0.00045306326,Low
230.0,0.5307369538220829,2.211927890777588,82.0,0,0.00045306326,Low
230.0,0.2359550561797752,2.583984851837158,71.0,0,0.00027669236,Low
230.0,0.59574345964437,3.0298008918762207,82.0,0,0.0018673883,Low
230.0,0.3479237270834184,2.5811867713928223,82.0,0,0.00033549947,Low
230.0,0.3307152027792462,2.5811867713928223,82.0,0,0.00033549947,Low
230.0,0.3776485085819505,1.5174925327301023,82.0,0,0.00079048006,Low
230.0,0.3762729948842039,1.854334115982056,82.0,0,0.0007390012,Low
230.0,0.3437397064743988,2.567002058029175,82.0,0,0.00033549947,Low
230.0,0.3545166295621669,2.567002058029175,82.0,0,0.00033549947,Low
230.0,0.3487508056261137,2.39396071434021,82.0,0,0.0003958164,Low
230.0,0.3711859559583782,0.9274099469184875,82.0,0,0.0007389611,Low
230.0,0.2246458798172037,6.035020351409912,82.0,0,0.0004322695,Low
230.0,0.2771221926151503,7.472649574279785,71.0,0,0.0011710458,Low
230.0,0.2608200455580866,7.472649574279785,52.0,0,0.0009117146,Low
230.0,0.3653075987977954,1.1927143335342407,71.0,0,0.0014394898,Low
230.0,0.2685457375064845,14.074654579162598,71.0,0,0.0017023123,Low
230.0,0.2927327720101365,14.074654579162598,71.0,0,0.00058078713,Low
230.0,0.217594759007955,6.015610694885254,71.0,0,0.0005051189,Low
230.0,0.294096309059581,1.854334115982056,82.0,0,0.00022002574,Low
230.0,0.3053309396281843,3.0232765674591064,82.0,0,0.00093325647,Low
230.0,0.3189092305722699,3.0093464851379395,82.0,0,0.00093325647,Low
230.0,0.3569022673686822,3.032293796539306,71.0,0,0.0012204464,Low
230.0,0.5116387431372946,2.211927890777588,82.0,0,0.00045306326,Low
230.0,0.5217490728680938,2.211927890777588,82.0,0,0.00045306326,Low
230.0,0.6057080203577332,2.7802884578704834,82.0,0,0.0005871746,Low
230.0,0.3449808868690565,2.5811867713928223,82.0,0,0.00033549947,Low
230.0,0.3052437118090095,2.5811867713928223,82.0,0,0.00033549947,Low
230.0,0.1666984623602579,0.9274099469184875,82.0,0,0.0007332349,Low
230.0,0.3504904468242699,2.2069568634033203,82.0,0,0.00014822609,Low
230.0,0.3504904468242699,2.2069568634033203,82.0,0,0.00014822609,Low
230.0,0.5476503512264753,0.0,82.0,0,0.00086887303,Low
230.0,0.2686004239849477,4.405791759490967,82.0,0,0.0004490005,Low
230.0,0.2686004239849477,4.405791759490967,82.0,0,0.0004490005,Low
230.0,0.2312722219951776,1.5117396116256714,71.0,0,0.0002346344,Low
230.0,0.2161485192279357,15.595463752746582,71.0,0,0.001128718,Low
230.0,0.2161485192279357,15.595463752746582,71.0,0,0.001128718,Low
230.0,0.2205044751830756,3.8904237747192383,71.0,0,0.0005051189,Low
230.0,0.3324059707880798,3.02327847480774,82.0,0,0.00093325647,Low
230.0,0.3324059707880798,1.854334115982056,82.0,0,0.00022002574,Low
230.0,0.3220691447881466,3.0093464851379395,82.0,0,0.00093325647,Low
230.0,0.3400465692945054,16.880910873413086,52.0,0,0.000490214,Low
115.0,0.6642612988985948,19.080591201782227,43.0,0,0.00073516776,Low
115.0,0.2269121254991851,2.3539836406707764,22.0,0,0.0022962715,Low
230.0,0.7011936071211814,1.1972755193710327,82.0,0,0.00056978,Low
230.0,0.683448445392478,27.97870826721192,52.0,0,0.00051748205,Low
230.0,0.4998610283899146,44.76570039241088,52.0,0,0.00084529334,Low
115.0,0.3203,3.969741106033325,71.0,0,0.0006844391,Low
230.0,0.8678901795532884,28.10416412353516,42.0,0,0.00051748205,Low
230.0,0.7097066322694479,18.297859129927097,42.0,0,0.00051748205,Low
230.0,0.4879796480814076,11.800948143005373,71.0,0,0.001001407,Low
230.0,0.4148319814600232,10.511448860168455,52.0,0,0.0023559278,Low
230.0,0.3586673607496096,10.511448860168455,52.0,0,0.0006320197,Low
230.0,0.4249967418219731,19.781667709350582,52.0,0,0.0011084033,Low
230.0,0.3805906630907836,15.656951904296877,71.0,0,0.00094453985,Low
230.0,0.2865656973493891,1.5013716220855713,71.0,0,0.00023536147,Low
230.0,0.2168388161612298,1.5013716220855713,21.0,0,0.0007126491,Low
230.0,0.3634572912314212,0.9274099469184875,82.0,0,0.0009188583,Low
230.0,0.3259701492537313,4.713463306427002,82.0,0,0.00026276015,Low
230.0,0.2908630430547438,2.5359416007995605,81.0,0,0.00033549947,Low
230.0,0.2935023666876303,2.5359416007995605,81.0,0,0.00033549947,Low
230.0,0.3091646471141006,2.535949945449829,22.0,0,0.0006574566,Low
230.0,0.3010659297275957,1.854334115982056,71.0,0,0.00022002574,Low
230.0,0.2796694072575438,6.49973726272583,22.0,0,0.0025448292,Low
230.0,0.2110530896431679,18.88820075988769,71.0,0,0.0142634045,Low
230.0,0.2338328338328338,16.34311294555664,71.0,0,0.0005729448,Low
115.0,0.512546010056054,13.421334266662598,42.0,0,0.0015311015,Low
115.0,0.299492385786802,1.854334115982056,23.0,0,0.0005230924,Low
115.0,0.299492385786802,1.854334115982056,23.0,0,0.0005230924,Low
115.0,0.4334978670180688,2.209070444107056,71.0,0,0.0015243494,Low
115.0,0.2870792616720956,1.5177620649337769,21.0,0,0.00043971714,Low
115.0,0.3704931838517817,6.600601673126221,41.0,0,0.010072565,Low
115.0,0.0383546414674819,12.180970191955566,52.0,0,0.00053839316,Low
115.0,0.0343046205337182,8.778851509094238,52.0,0,0.0002676504,Low
115.0,0.3204139228598307,3.0292201042175293,52.0,0,0.002428339,Low
115.0,0.0859785783836416,28.27118682861328,71.0,0,0.0011841948,Low
115.0,0.6598714416896235,15.113682746887209,42.0,0,0.0005522502,Low
115.0,0.3067356929829497,2.574715375900269,22.0,0,0.001119327,Low
115.0,0.3299713779473899,1.854334115982056,21.0,0,0.00041107184,Low
115.0,0.3299713779473899,1.5177658796310425,21.0,0,0.00043971714,Low
115.0,0.4807201427635592,2.5742595195770264,71.0,0,0.0033117332,Low
115.0,0.4778608395629672,6.025930881500244,43.0,0,0.0018613179,Low
115.0,0.4044366461962652,1.511717438697815,71.0,0,0.0015735002,Low
115.0,0.3083659400037264,0.9274099469184875,52.0,0,0.0006363749,Low
115.0,0.4427729213254726,5.119551181793213,43.0,0,0.0027427673,Low
115.0,0.4759682002097316,11.949379920959473,52.0,0,0.0015311015,Low
115.0,-0.9285714285714286,0.0,11.0,0,0.0004140123,Low
115.0,0.8162222281068772,5.673479080200195,42.0,0,0.00032732365,Low
115.0,0.8807544405786486,31.340749740600582,42.0,0,0.00073516776,Low
115.0,0.8441220042657364,7.378685474395752,42.0,0,0.00037757747,Low
115.0,0.4525461544119449,15.554235458374023,52.0,0,0.0015311015,Low
115.0,0.8734947698870104,28.186786651611328,42.0,0,0.00073516776,Low
115.0,0.8372564839692624,7.380202293395996,42.0,0,0.00037757747,Low
115.0,0.2022290131224159,1.5075656175613403,21.0,0,0.00074118515,Low
60.0,0.3864466116529132,0.0,22.0,0,0.00031051756,Low
60.0,0.3933494042607181,2.3833134174346924,82.0,0,0.0015990204,Low
60.0,0.2755444793585437,0.9274099469184875,82.0,0,0.00042752808,Low
60.0,0.43446152240286,2.5570340156555176,82.0,0,0.0053318767,Low
115.0,0.2434341882967286,1.506616885188256,21.0,0,0.0026019895,Low
115.0,0.245849961433985,1.506616885188256,21.0,0,0.00085861416,Low
115.0,0.6413994440157312,9.26911163330078,52.0,0,0.0021010183,Low
115.0,0.0740081890967544,11.928020477294922,24.0,0,0.0083490135,Low
115.0,0.1388010014581671,11.92801284790039,23.0,0,0.018567221,Low
115.0,0.1388010014581671,11.92801284790039,23.0,0,0.018567221,Low
115.0,0.767370550635551,0.9274099469184875,42.0,0,0.0002831287,Low
115.0,0.3924091542610136,9.519020080566406,52.0,0,0.0026334443,Low
115.0,0.7504989438578001,26.469444274902344,42.0,0,0.00073516776,Low
115.0,0.529346249640477,14.30106258392334,43.0,0,0.0015311015,Low
115.0,0.1806526806526806,4.475064277648926,22.0,0,0.0014175187,Low
115.0,0.0701562850519704,7.057949066162109,24.0,0,0.0029588365,Low
115.0,0.2854691468185874,2.1933477263965964,82.0,0,0.0002952413,Low
115.0,0.3104907625946121,0.9274099469184875,82.0,0,0.0006363749,Low
115.0,0.183145305158421,14.372066497802734,71.0,0,0.0010018207,Low
115.0,0.1562985074626865,16.977018356323242,71.0,0,0.0012023499,Low
115.0,0.3671688617275074,13.892842292785645,52.0,0,0.0013831102,Low
115.0,0.1965055844299458,11.756243705749512,71.0,0,0.0010018207,Low
115.0,0.17157440125638,14.136253356933594,71.0,0,0.0010018207,Low
115.0,0.1832897028944208,12.381585121154783,71.0,0,0.0010018207,Low
115.0,0.2577097723345641,8.927678108215332,71.0,0,0.0017917192,Low
115.0,0.2444796738761182,18.629688262939453,71.0,0,0.002230055,Low
115.0,0.2702078521939954,8.193961143493652,71.0,0,0.0017917192,Low
115.0,0.269373173108152,27.625986099243164,71.0,0,0.002230055,Low
115.0,0.2697511274427926,27.625986099243164,71.0,0,0.002230055,Low
115.0,0.2272117144600366,13.42848300933838,71.0,0,0.0008012407,Low
115.0,0.238312676668841,33.40268325805664,71.0,0,0.0010665405,Low
115.0,0.238312676668841,18.38344383239746,71.0,0,0.0010665405,Low
115.0,0.293509675196662,4.627367496490479,71.0,0,0.0006844391,Low
115.0,0.2137931034482758,27.40265464782715,71.0,0,0.0024278078,Low
115.0,0.2137931034482758,27.40265464782715,71.0,0,0.0024278078,Low
115.0,0.2419657429618572,7.730465888977051,71.0,0,0.0011575607,Low
115.0,0.1911713184631555,21.202821731567383,71.0,0,0.0013334462,Low
115.0,0.2072165713861459,21.202821731567383,71.0,0,0.0013334462,Low
115.0,0.2179198117831584,4.995673179626465,71.0,0,0.0009197188,Low
115.0,0.124421250438661,5.8639221176116285,71.0,0,0.00043226007,Low
115.0,0.2176822753935778,7.393296706360873,21.0,0,0.006097831,Low
115.0,0.3588621444201313,9.827536582946776,52.0,0,0.00092197285,Low
115.0,0.400852052672347,10.807259559631348,21.0,0,0.11284766,Low
115.0,0.5291403967399662,9.264953303909753,42.0,0,0.0022843862,Low
115.0,0.3480563605476167,3.010565996170044,81.0,0,0.0018574427,Low
115.0,0.3273278125631186,0.9274099469184875,82.0,0,0.0006363749,Low
115.0,0.3273278125631186,0.9274099469184875,82.0,0,0.0006363749,Low
115.0,0.3187791537423342,1.4834860563278198,71.0,0,0.00046875907,Low
115.0,0.319873595505618,6.982550621032715,71.0,0,0.0026981106,Low
115.0,0.2863745849879566,10.701851844787598,71.0,0,0.0010125316,Low
115.0,0.244366403277729,12.706010818481444,43.0,0,0.0027270725,Low
115.0,0.2391712393510008,6.539936542510986,71.0,0,0.001917427,Low
115.0,0.1995728224891712,1.4859471321105957,22.0,0,0.0011466701,Low
115.0,0.7342066491438407,2.7802885155642585,21.0,0,0.0023363426,Low
115.0,0.5504587155963303,3.883838653564453,95.0,0,0.0019040938,Low
115.0,0.5349593495934959,4.467802047729492,71.0,0,0.0024892942,Low
115.0,0.1853188929001203,2.5092697143554688,21.0,0,0.0011475852,Low
115.0,0.7190265486725663,2.333159685134888,22.0,0,0.0011565897,Low
115.0,0.2794262662483191,2.5124406814575195,11.0,0,0.001119327,Low
115.0,0.5769908041479163,3.627793073654175,22.0,0,0.0011877958,Low
115.0,0.5523660013455932,3.883838653564453,95.0,0,0.0019040938,Low
115.0,0.5178531825238412,3.629566431045532,95.0,0,0.0019040938,Low
115.0,0.5076855511638121,1.4919661283493042,71.0,0,0.0020299493,Low
115.0,0.5400401516841401,1.4919661283493042,71.0,0,0.0020299493,Low
115.0,0.5190251181298186,2.9790260791778564,23.0,0,0.0062776464,Low
115.0,0.5133689839572193,2.510223150253296,21.0,0,0.00460592,Low
115.0,0.8230355053681427,13.648222923278809,42.0,0,0.0005522502,Low
115.0,0.5839068952571643,6.574546813964844,71.0,0,0.005250168,Low
115.0,0.2899089488712892,10.364218697884873,71.0,0,0.0010125316,Low
115.0,0.2018909090909091,1.4944758415222168,22.0,0,0.0011466701,Low
60.0,0.2565723793677205,3.5130529403686523,71.0,0,0.0013701213,Low
60.0,0.1726313891643378,3.0166049003601074,71.0,0,0.0024217672,Low
60.0,0.2288646359341912,5.098700046539307,71.0,0,0.0002658313,Low
115.0,0.1504454497461061,3.0121454016989526,82.0,0,0.00083157094,Low
115.0,0.0594682362492389,3.4180859927542424,23.0,0,0.00076742074,Low
115.0,0.0594682362492389,3.4180859927542424,23.0,0,0.00076742074,Low
60.0,-0.8721523251009429,0.0,11.0,0,0.00029427768,Low
60.0,0.8501096817018048,13.769289625543914,42.0,0,0.0005810695,Low
60.0,0.8663457143979768,1.5392357110977173,42.0,0,0.00043850348,Low
60.0,0.8113779944541722,23.608686447143555,21.0,0,0.0012049009,Low
60.0,0.6594450846036339,17.382646183186928,52.0,0,0.0005624938,Low
60.0,0.879692242812379,22.18914222717285,43.0,0,0.0005624938,Low
60.0,0.8811258117501923,13.37543487548828,42.0,0,0.0005810695,Low
60.0,0.8661480319137181,30.232356043753683,42.0,0,0.0005624938,Low
60.0,0.8022316087604073,14.56668758392334,42.0,0,0.0005810695,Low
60.0,0.8373558145904983,16.285914920837257,42.0,0,0.0005810695,Low
60.0,0.8811912724956203,20.88271861598752,42.0,0,0.0005624938,Low
60.0,0.7658718378494409,22.05635070800781,52.0,0,0.0005624938,Low
60.0,0.3987483236477425,18.800064086914062,71.0,0,0.0009142608,Low
60.0,0.9038085858667398,24.96135711669922,43.0,0,0.0005624938,Low
60.0,0.5859780691475583,4.114768028259277,81.0,0,0.0005065833,Low
60.0,0.8785363521793924,10.718955039978027,42.0,0,0.0011581326,Low
60.0,0.7170192098715054,1.2254507541656494,81.0,0,0.00052533695,Low
60.0,0.8425054704595187,11.141429901123049,42.0,0,0.0019194832,Low
60.0,0.12993546240145,4.60304594039917,95.0,0,0.00022634241,Low
60.0,0.3164332826725295,5.225620746612549,52.0,0,0.00025547246,Low
60.0,0.4547811005012674,1.5360701084136963,23.0,0,0.0009353547,Low
60.0,0.8557254902766169,11.668322563171388,52.0,0,0.0005810695,Low
60.0,0.8249313168304614,6.577918529510498,42.0,0,0.0010022976,Low
60.0,0.5039538989217919,10.242268562316896,21.0,0,0.011520376,Low
60.0,0.8192868580086431,13.76963710784912,43.0,0,0.0005810695,Low
60.0,0.7415309957495908,13.698782920837402,71.0,0,0.0005810695,Low
60.0,0.874229789686778,2.7802884578704834,42.0,0,0.0006060468,Low
60.0,0.858255204586013,13.2704439163208,42.0,0,0.0005810695,Low
60.0,0.8613880525952151,6.057504177093506,81.0,0,0.00030703095,Low
60.0,0.8462265637308966,5.614714055409464,52.0,0,0.00029054508,Low
60.0,0.7512174244965472,22.742096631821383,52.0,0,0.0005624938,Low
60.0,0.0754049125817869,4.78397274017334,24.0,0,0.00030530905,Low
60.0,0.793125953626205,24.45465660095215,43.0,0,0.0005624938,Low
60.0,0.7128454207602016,0.9274099469184875,42.0,0,0.00033522293,Low
60.0,0.6398738307591908,13.098974227905272,41.0,0,0.0009958711,Low
60.0,0.703893365464267,13.856243133544922,42.0,0,0.0005810695,Low
60.0,0.7773724761296904,0.9274099469184875,52.0,0,0.00033522293,Low
60.0,0.4996581090321376,3.8996872901916495,71.0,0,0.0013925445,Low
60.0,0.7059664493519211,8.840764999389648,52.0,0,0.0004996417,Low
60.0,0.4340725520759531,0.9274099469184875,52.0,0,0.001072219,Low
60.0,0.6941725142693179,20.11969757080078,52.0,0,0.0005624938,Low
60.0,0.4232806228411591,7.384380340576172,52.0,0,0.0022666783,Low
60.0,0.4867335725652377,3.034854962803123,42.0,0,0.011421585,Low
60.0,0.695641012476254,8.215425491333008,21.0,0,0.0007818334,Low
60.0,0.788918437382062,16.642568588256836,52.0,0,0.0005810695,Low
60.0,0.4539371427066044,1.5339362621307373,71.0,0,0.0025451195,Low
60.0,0.205024378150566,3.7781107425689697,71.0,0,0.00032866292,Low
60.0,0.7857276731327897,5.215238571166992,43.0,0,0.00029054508,Low
60.0,0.3256264450415547,8.163079873917608,21.0,0,0.00033232154,Low
60.0,0.4023484303858135,3.704791784286499,71.0,0,0.0015299625,Low
60.0,0.4052460158962055,0.0,52.0,0,0.00038945887,Low
60.0,0.1058431624962816,3.704791784286499,23.0,0,0.0005273007,Low
60.0,0.5132371321440745,0.9274099469184875,71.0,0,0.00077442476,Low
60.0,0.229848644843365,0.0,71.0,0,0.00042763815,Low
60.0,0.4729923518164436,5.594293939338504,52.0,0,0.0012772828,Low
60.0,0.4461570614974658,6.695377349853516,52.0,0,0.0054446147,Low
60.0,0.2702692142382683,10.029233932495115,52.0,0,0.00090154813,Low
115.0,0.6296668836163539,6.052324295043945,41.0,0,0.0009974611,Low
60.0,0.4864611443772945,1.5311979055404663,23.0,0,0.0008060345,Low
60.0,0.7966330861898904,3.0604116916656494,81.0,0,0.0016311698,Low
60.0,0.0356797123496058,0.9274099469184875,23.0,0,0.0004488653,Low
60.0,0.4581075876235715,13.171600341796877,52.0,0,0.0012193414,Low
60.0,0.6087521240194596,1.5256226062774658,95.0,0,0.0009010848,Low
60.0,0.8084153657452096,1.5257833003997805,81.0,0,0.00043850348,Low
60.0,0.8732574095721081,1.2113471031188965,82.0,0,0.00052533695,Low
60.0,0.478067825155018,7.3788604736328125,71.0,0,0.0032503125,Low
60.0,0.4139561541768162,0.0,21.0,0,0.004924613,Low
60.0,0.4213519364926629,1.212147235870361,82.0,0,0.0016795995,Low
60.0,0.4843381423010924,6.328207492828369,52.0,0,0.005211726,Low
60.0,0.3458851807973547,12.003276824951172,52.0,0,0.0005976366,Low
60.0,0.6223856879692383,1.526816964149475,71.0,0,0.0009010848,Low
60.0,0.5130589742161831,5.1831560134887695,71.0,0,0.0013925445,Low
60.0,0.1799523652152112,1.2131972312927246,71.0,0,0.0010610638,Low
60.0,0.5698983545284653,1.854334168853263,22.0,0,0.00045504037,Low
60.0,0.7799814870273065,6.0940656661987305,42.0,0,0.00029054508,Low
60.0,0.5664032384302045,3.704791784286499,42.0,0,0.00052364316,Low
60.0,0.8424799762681697,31.28145217895508,42.0,0,0.0005624938,Low
230.0,0.1828148676352616,3.0180411338806152,21.0,0,0.0030041845,Low
60.0,0.8550080276645672,6.598170757293701,42.0,0,0.0010022976,Low
70.0,0.2100293325832764,2.17245717536477,71.0,0,0.00079313334,Low
70.0,0.2097053726169843,6.825239519927147,71.0,0,0.008164755,Low
70.0,0.2876103777878925,5.987417221069336,71.0,0,0.0006844391,Low
70.0,0.1636401226697908,4.525591373443604,71.0,0,0.0006440897,Low
70.0,0.1436453926797866,2.1729390621185303,82.0,0,0.00018273004,Low
70.0,0.2679973295911277,3.0018327236175537,82.0,0,0.0020424721,Low
70.0,0.6669039145907473,1.854334115982056,82.0,0,0.00028096937,Low
70.0,0.1679804005112909,2.172884702682495,22.0,0,0.0010634577,Low
70.0,0.1593474488024991,14.53300666809082,52.0,0,0.0009032983,Low
70.0,0.2722087705138553,10.15743350982666,21.0,0,0.092058785,Low
70.0,0.1417179683287987,6.844113349914551,71.0,0,0.002041518,Low
70.0,0.1272238266352152,9.262373924255373,52.0,0,0.0011124287,Low
70.0,0.1242788608495043,7.869088649749756,52.0,0,0.0003152433,Low
230.0,0.2287039715445848,5.307775974273682,71.0,0,0.00026692846,Low
230.0,0.1540337976384077,2.1733622550964355,82.0,0,0.00010502329,Low
70.0,0.657801600210546,0.9274099469184875,82.0,0,0.0002831287,Low
70.0,0.1724618755078125,3.5844547748565674,71.0,0,0.0005721448,Low
115.0,0.1803961304064848,4.527482032775879,21.0,0,0.00091634435,Low
115.0,0.2031616690387329,2.4498071670532227,71.0,0,0.00080005423,Low
115.0,0.3168587629248045,5.66099214553833,71.0,0,0.0006844391,Low
115.0,0.1456508990755566,3.5862040519714355,71.0,0,0.00043226007,Low
115.0,0.1751104948435739,7.024220943450928,21.0,0,0.0146808,Low
70.0,0.2669078684538037,2.928692102432251,71.0,0,0.0026700876,Low
115.0,0.2403525989794436,9.411808013916016,71.0,0,0.0012707642,Low
70.0,0.2681902361723656,1.854334115982056,71.0,0,0.0004819448,Low
70.0,0.1864952548927597,1.4641599655151367,82.0,0,0.0012752898,Low
70.0,0.2811548695950477,4.384392738342285,22.0,0,0.0008298042,Low
70.0,0.2086874348066352,4.615247249603272,71.0,0,0.0020796896,Low
115.0,0.0611959723268716,1.854334115982056,71.0,0,0.00014445161,Low
60.0,0.8658109522248348,35.177746654027565,42.0,0,0.0005624938,Low
60.0,0.8836686658067261,20.421241064639982,42.0,0,0.0005624938,Low
60.0,0.3213035281443576,21.29679130125168,52.0,0,0.000578531,Low
60.0,0.5707976097687711,11.23814582824707,52.0,0,0.0023009214,Low
60.0,0.5053438410882004,18.019853591918945,52.0,0,0.0011803843,Low
60.0,0.5180846223839853,17.3143310546875,71.0,0,0.0011803843,Low
60.0,0.5365874435641877,9.01406955718994,52.0,0,0.0021887848,Low
60.0,0.3908814589665654,2.399151563644409,71.0,0,0.0020906576,Low
60.0,0.7357569180683668,27.686954498291016,52.0,0,0.0005624938,Low
60.0,0.4287527768962234,24.74481156112552,71.0,0,0.0014048276,Low
60.0,0.2758753366679492,4.405929088592529,21.0,0,0.0003250876,Low
60.0,0.6834508774807282,5.201692490991474,21.0,0,0.0006494729,Low
60.0,0.3292811189575337,1.512601017951965,71.0,0,0.00038590925,Low
60.0,0.4736790781582668,4.777611255645752,22.0,0,0.0005492954,Low
60.0,0.5465211147445853,3.6935532093048096,22.0,0,0.0005492954,Low
60.0,0.7863842480151078,18.484760284423828,42.0,0,0.0005624938,Low
60.0,0.6577846996925301,7.511750221252441,52.0,0,0.0004996417,Low
60.0,0.5838779528846845,0.0,82.0,0,0.0006207861,Low
60.0,0.2536596591077381,1.206632137298584,82.0,0,0.00069821504,Low
60.0,0.706988273429307,2.587296724319458,82.0,0,0.0006084861,Low
60.0,0.5347705539523568,1.2065396308898926,82.0,0,0.0012133186,Low
60.0,0.1075542621559355,1.2061262130737305,22.0,0,0.00078042364,Low
60.0,0.2999610060440632,1.2061262130737305,22.0,0,0.0005265004,Low
60.0,0.1271835115991833,0.9274099469184875,23.0,0,0.0014019501,Low
60.0,0.5213813883416386,0.0,82.0,0,0.00077442476,Low
60.0,-0.2074620635066928,0.0,82.0,0,0.00068098324,Low
60.0,0.2334162520729684,2.7802884578704834,82.0,0,0.00044367817,Low
60.0,0.6250102374170768,1.2030045986175537,82.0,0,0.00097269175,Low
60.0,0.7784090909090909,2.4018096923828125,82.0,0,0.0004386366,Low
60.0,0.3050051072522983,0.0,82.0,0,0.00042752808,Low
60.0,0.4847251256097114,1.5164815187454224,95.0,0,0.0021937254,Low
60.0,0.3538861501483825,0.9274099368611016,22.0,0,0.0003359658,Low
60.0,0.2029000927178489,0.9274099469184875,82.0,0,0.00067720783,Low
60.0,0.4710463513112743,1.521166205406189,21.0,0,0.004236489,Low
115.0,0.5494857142857142,1.520946741104126,23.0,0,0.0010705746,Low
115.0,0.1805246652211541,1.5209044218063354,21.0,0,0.00074118515,Low
115.0,0.7209354940995999,3.029841184616089,82.0,0,0.0010035846,Low
115.0,0.171283023338467,1.2065250873565674,24.0,0,0.0013246079,Low
115.0,0.6577106439405899,0.0,71.0,0,0.0002831287,Low
115.0,0.2398804766460329,0.0,24.0,0,0.0006034289,Low
115.0,0.5439148837798118,2.580031394958496,82.0,0,0.0025336756,Low
115.0,0.6073467273335653,1.5208197832107544,21.0,0,0.0013216088,Low
115.0,0.5878497776569509,1.205616116523743,23.0,0,0.0025425982,Low
115.0,0.4189260145187234,0.9274099469184875,21.0,0,0.0056222035,Low
115.0,0.2883043628410268,0.9274099469184875,82.0,0,0.0006363749,Low
115.0,0.8526201858031929,1.5189005136489868,82.0,0,0.0003005513,Low
115.0,0.223862119956048,10.339707374572754,71.0,0,0.0026381714,Low
60.0,0.2574824650639824,1.8543341688058628,71.0,0,0.0003967654,Low
60.0,0.8022889622858899,21.401996612548828,42.0,0,0.0005624938,Low
60.0,0.8222764511068503,23.305604934692383,42.0,0,0.0005624938,Low
60.0,0.682065379788442,21.388246536254883,42.0,0,0.0005624938,Low
60.0,0.4904268699824531,6.464860916137695,52.0,0,0.0046947836,Low
60.0,0.8577170882782511,27.55777168273925,52.0,0,0.0005624938,Low
115.0,0.2966153846153846,2.582824230194092,22.0,0,0.001119327,Low
60.0,0.2583955223880597,3.721558809280396,71.0,0,0.0003555272,Low
60.0,0.5812573974796352,2.573384523391724,52.0,0,0.0016999186,Low
60.0,0.1422290971261093,1.2014998197555542,71.0,0,0.001063979,Low
60.0,0.0187912646013204,5.2090911865234375,23.0,0,0.00045605825,Low
60.0,0.1478354421498234,0.9274099469184875,22.0,0,0.0032483512,Low
60.0,0.3158637713580438,0.9274099469184875,71.0,0,0.00042752808,Low
60.0,0.376270694162068,0.9274099469184875,82.0,0,0.00038945887,Low
60.0,0.4721067131493231,2.5694620609283447,82.0,0,0.0036693262,Low
60.0,0.3696988561201463,3.0261125564575195,82.0,0,0.02033965,Low
60.0,0.236127771752013,1.1959654092788696,22.0,0,0.0009706574,Low
60.0,0.3043658290416914,0.0,22.0,0,0.0003359658,Low
60.0,0.2951201747997086,2.20694899559021,82.0,0,0.00020269435,Low
60.0,0.5185516197824952,0.9274099469184875,82.0,0,0.00077442476,Low
60.0,0.7440789441417228,10.707393646240234,52.0,0,0.0011581326,Low
60.0,0.332124656997256,7.526558876037598,82.0,0,0.0008722346,Low
60.0,0.7950517935108296,1.854334115982056,82.0,0,0.00040993717,Low
60.0,0.2059032937662707,4.531610488891602,22.0,0,0.000675649,Low
60.0,0.6850605652759084,1.5143892765045166,82.0,0,0.00043850348,Low
60.0,0.4940842657529846,2.2065231800079346,82.0,0,0.00082503026,Low
60.0,0.7202669902912622,11.662493705749512,82.0,0,0.00050997664,Low
60.0,0.4637675236032207,1.5133386850357056,82.0,0,0.0025451195,Low
60.0,0.2457217261904762,0.9274099469184875,23.0,0,0.0006824996,Low
60.0,0.6581370504146106,3.696811199188232,82.0,0,0.00030703095,Low
60.0,0.7105422154706623,1.5131111145019531,82.0,0,0.00043850348,Low
60.0,0.7762957857823363,1.512601017951965,82.0,0,0.00043850348,Low
60.0,0.5575293424570626,2.3875036239624023,82.0,0,0.003278229,Low
60.0,0.5796048438495858,1.5110254287719729,82.0,0,0.0009010848,Low
60.0,0.4456591639871383,0.9274099469184875,82.0,0,0.00089867803,Low
60.0,0.7769763597849744,0.0,82.0,0,0.00033522293,Low
60.0,0.1298101376066887,0.9274099469184875,22.0,0,0.0011019291,Low
60.0,0.0336700107603285,1.513025403022766,24.0,0,0.00031824035,Low
60.0,0.0641087197044026,0.9274099469184875,23.0,0,0.0004488653,Low
60.0,0.086713487172137,0.0,82.0,0,0.00056665775,Low
60.0,0.3837286632675681,2.563866376876831,21.0,0,0.004457173,Low
60.0,0.6264085786986551,2.563875198364258,82.0,0,0.0013000489,Low
60.0,0.2217370208636584,0.0,82.0,0,0.0008091219,Low
60.0,0.0638258280610346,3.574101209640503,21.0,0,0.00029977778,Low
60.0,0.8566004577139221,4.779186248779297,42.0,0,0.00029054508,Low
60.0,0.6344024978711326,11.673884391784668,52.0,0,0.0009958711,Low
60.0,0.3574319609211444,21.890352249145508,41.0,0,0.000578531,Low
60.0,0.7407581699346405,21.14794921875,41.0,0,0.0005624938,Low
60.0,0.4830804812907844,7.6574320793151855,41.0,0,0.0010645402,Low
60.0,0.4164823540725069,7.6574320793151855,41.0,0,0.0021274642,Low
60.0,0.3656670592617199,13.093793869018556,52.0,0,0.0016955698,Low
60.0,0.2599404357594441,5.959325313568115,21.0,0,0.000634852,Low
60.0,0.3192801199800033,13.093793869018556,52.0,0,0.0005976366,Low
60.0,0.2948993550908735,3.5810446739196777,23.0,0,0.0003100605,Low
60.0,0.3151928515411488,1.511191725730896,71.0,0,0.00038590925,Low
60.0,0.2066674677699002,2.389100313186645,23.0,0,0.0017218696,Low
60.0,0.2513621774935934,3.662148952484131,71.0,0,0.0003555272,Low
60.0,0.6291538676347389,2.3839478492736816,82.0,0,0.00090392726,Low
60.0,0.7374188311688311,2.557694673538208,82.0,0,0.0006084861,Low
60.0,0.25206059850818,3.0251576900482178,71.0,0,0.002714176,Low
60.0,0.2731164044231302,2.5624096393585205,22.0,0,0.0017421186,Low
60.0,0.6566346192311282,9.547147750854492,42.0,0,0.0010545654,Low
60.0,0.2746048281172155,6.580203533172607,52.0,0,0.001201572,Low
60.0,0.8205677112852744,6.5733137130737305,43.0,0,0.0010022976,Low
60.0,0.6561991160735056,5.956197738647461,43.0,0,0.00029054508,Low
60.0,0.6839110491784243,12.76917839050293,42.0,0,0.0005810695,Low
60.0,0.6413024085637822,6.587896347045898,21.0,0,0.004479913,Low
60.0,0.8423928141494583,29.717256546020508,42.0,0,0.0005624938,Low
60.0,0.3514085998729083,7.18327522277832,52.0,0,0.0019524661,Low
60.0,0.6342451874366768,16.183456420898438,42.0,0,0.0009958711,Low
60.0,0.8696777581873428,16.284324645996094,42.0,0,0.0005810695,Low
60.0,0.9114645582421622,22.395267113109824,42.0,0,0.0005624938,Low
60.0,0.906592419615592,11.535738945007324,42.0,0,0.0005810695,Low
60.0,0.8841601938596682,16.51981544494629,42.0,0,0.0005810695,Low
60.0,0.8043132684203826,3.704791784286499,42.0,0,0.00029054508,Low
60.0,0.5404698059944313,14.922551155090332,52.0,0,0.0012193414,Low
60.0,0.6172895232059596,2.569169521331787,42.0,0,0.0016999186,Low
60.0,0.8818082468654156,10.695942878723145,42.0,0,0.0011581326,Low
60.0,0.3132563216562812,2.206533432006836,71.0,0,0.0002651289,Low
60.0,-0.9685019963523438,0.0,11.0,0,0.00029427768,Low
60.0,0.4560968829103892,15.386483192443848,52.0,0,0.0012193414,Low
60.0,0.4839845970951568,12.780826568603516,52.0,0,0.0012193414,Low
60.0,0.2700645719504575,35.305633544921875,52.0,0,0.0010918587,Low
60.0,0.404349727129925,13.920260429382324,42.0,0,0.0009444422,Low
60.0,0.6409940186224333,12.28669261932373,42.0,0,0.0009958711,Low
60.0,0.3866520712892963,21.106493428114263,71.0,0,0.0009142608,Low
60.0,0.302349194627775,19.995922088623047,71.0,0,0.000578531,Low
60.0,0.4976369539308757,1.5075911283493042,82.0,0,0.0021937254,Low
60.0,0.6734537607462323,2.7802884578704834,52.0,0,0.0006060468,Low
60.0,0.6273859320159624,3.6524739265441895,82.0,0,0.0005065833,Low
60.0,0.6778939537959251,5.128510475158691,22.0,0,0.00027139593,Low
60.0,0.3208004851425106,1.5073144435882568,21.0,0,0.00031392218,Low
60.0,0.427271578415266,10.867159843444824,71.0,0,0.0034944837,Low
60.0,0.4922491956712489,16.148839950561523,43.0,0,0.0012193414,Low
60.0,0.5005747441020307,25.778461456298828,71.0,0,0.0011803843,Low
60.0,0.3310755363353349,4.391040325164795,22.0,0,0.0003250876,Low
60.0,0.4177188524482245,3.704791784286499,23.0,0,0.00088470156,Low
115.0,0.3552765227137403,1.502181887626648,22.0,0,0.00043971714,Low
115.0,0.2979454451044586,2.1993682384490967,23.0,0,0.00059753185,Low
60.0,0.5572137600547664,2.1995270252227783,71.0,0,0.0016081717,Low
60.0,0.5025591275549459,4.806588172912598,71.0,0,0.0013925445,Low
60.0,0.0728696859770144,3.704791784286499,24.0,0,0.00034298497,Low
60.0,0.1801158257655992,3.0207152366638184,23.0,0,0.0059894617,Low
60.0,0.7292066270631978,1.854334115982056,81.0,0,0.00040993717,Low
60.0,0.0377878417559245,2.360329389572144,24.0,0,0.00052151125,Low
60.0,0.2945237094911441,0.9274099469184875,23.0,0,0.00042752808,Low
60.0,0.2302085820779301,1.180670142173767,23.0,0,0.0012349813,Low
60.0,0.402931036777723,3.704791784286499,71.0,0,0.0015299625,Low
115.0,0.0895870065050534,2.7802884578704834,23.0,0,0.0011361641,Low
115.0,0.6813486845903977,21.665658950805664,21.0,0,0.032819007,Low
115.0,0.5212569316081331,2.198410749435425,23.0,0,0.0007065695,Low
60.0,0.6957685517398485,4.496944427490234,22.0,0,0.00027139593,Low
60.0,0.4130610922054772,5.816172122955322,71.0,0,0.0027820624,Low
60.0,0.3741176470588235,4.495800495147705,22.0,0,0.0009864278,Low
60.0,0.4097206552642267,1.181053638458252,81.0,0,0.00061031216,Low
60.0,0.2047169811320754,9.268142700195312,71.0,0,0.0012444248,Low
60.0,0.8295695468410181,4.77426815032959,22.0,0,0.00027139593,Low
60.0,0.8053097345132744,4.77426815032959,23.0,0,0.0002588503,Low
60.0,0.2262142381902861,2.53509521484375,22.0,0,0.0024070437,Low
60.0,0.644953200101189,14.222189903259276,52.0,0,0.0009958711,Low
60.0,0.369038270247631,20.06024169921875,52.0,0,0.0016414226,Low
60.0,0.6163271677202842,2.1967785358428955,22.0,0,0.00031007646,Low
60.0,0.3789701269831603,11.912405014038086,71.0,0,0.0009444422,Low
60.0,0.4237385687791776,16.59868621826172,71.0,0,0.0018306664,Low
60.0,0.8851983231215736,8.629477500915527,42.0,0,0.0004996417,Low
60.0,0.8661606137884909,26.40699577331543,42.0,0,0.0005624938,Low
60.0,0.2452692761519076,22.43880081176757,71.0,0,0.0010918587,Low
60.0,0.7697384417659523,22.77691078186035,42.0,0,0.0005624938,Low
60.0,0.3220733125267732,0.0,23.0,0,0.00042752808,Low
60.0,0.0176238313686777,4.773263931274414,24.0,0,0.00061378686,Low
60.0,0.4766466645611819,16.295421600341797,71.0,0,0.0012193414,Low
60.0,0.0194084244427494,1.854334115982056,24.0,0,0.0006031038,Low
60.0,0.1318134475176483,11.812697410583496,23.0,0,0.0016987894,Low
60.0,0.2896478121664887,1.1815460920333862,71.0,0,0.00066995516,Low
60.0,0.720370873259107,3.0035324096679688,82.0,0,0.0016311698,Low
60.0,0.7328491355490644,3.003539562225342,82.0,0,0.0016311698,Low
60.0,0.2362394535958216,1.1835732460021973,82.0,0,0.00067012757,Low
60.0,0.2194428060923567,3.648427724838257,82.0,0,0.0004304935,Low
60.0,0.0740034805668351,2.3676018714904785,23.0,0,0.0043773274,Low
60.0,0.232504524157763,3.6676559448242174,82.0,0,0.00022748453,Low
60.0,0.2227213888677377,3.007151365280152,82.0,0,0.0026682536,Low
60.0,0.1603674540682415,3.007151365280152,82.0,0,0.0053567146,Low
60.0,0.2215507265012215,1.1855764389038086,82.0,0,0.0012676548,Low
60.0,0.2032242865692928,1.1855764389038086,82.0,0,0.0010610638,Low
60.0,0.6891402674880729,1.5032058954238892,82.0,0,0.00043850348,Low
60.0,0.2590313198162121,2.199167966842652,21.0,0,0.00054600736,Low
60.0,0.7825816124445285,1.1823790073394775,82.0,0,0.00052533695,Low
60.0,0.4570406947045802,1.184311032295227,82.0,0,0.0014078913,Low
60.0,0.5080684596577018,3.0095555782318115,82.0,0,0.008754955,Low
60.0,0.051763159816018,7.09372615814209,24.0,0,0.0015195243,Low
60.0,0.6041513804047064,1.5063811540603638,21.0,0,0.0021846064,Low
115.0,0.0085981813270909,5.196457862854004,24.0,0,0.001203752,Low
115.0,0.5134487350199733,0.9274099469184875,82.0,0,0.0009886821,Low
115.0,0.3096438659943504,3.021993637084961,82.0,0,0.0018574427,Low
60.0,0.4975509151843258,3.645280599594116,21.0,0,0.0016490567,Low
60.0,0.135489533052838,3.704791784286499,23.0,0,0.0005630393,Low
115.0,0.2233609484359377,1.854334115982056,21.0,0,0.0010372492,Low
60.0,0.5678770292526076,6.022032260894775,82.0,0,0.0005065833,Low
60.0,0.5929739214393807,2.2042667865753174,82.0,0,0.0003386119,Low
60.0,0.2860776199837777,2.203380584716797,22.0,0,0.0002528592,Low
60.0,0.3685635915419603,3.657280206680298,82.0,0,0.0032391795,Low
60.0,0.2566766519905091,2.5518782138824463,82.0,0,0.0007469335,Low
60.0,0.4279443021504119,2.384620189666748,82.0,0,0.0037118278,Low
60.0,0.3189737478247327,3.655946731567383,82.0,0,0.0002471473,Low
60.0,0.5679558011049723,1.854334115982056,82.0,0,0.00084240915,Low
60.0,0.3473210766698351,2.2032952308654785,82.0,0,0.00020269435,Low
60.0,0.4354791857529105,1.1908493041992188,82.0,0,0.0016795995,Low
60.0,0.3318637972040141,17.939640045166016,22.0,0,0.0005792522,Low
60.0,0.2479895390650539,2.552593469619751,82.0,0,0.0007469335,Low
60.0,0.6011486950113091,7.294039726257324,52.0,0,0.00091850467,Low
60.0,0.3684149142614628,0.0,23.0,0,0.00109514,Low
60.0,0.3340276744532063,1.854334115982056,21.0,0,0.00029346935,Low
60.0,0.0485206483328769,1.5083903074264526,21.0,0,0.00023049927,Low
60.0,0.4575454778375608,2.5526540279388428,23.0,0,0.0022863976,Low
60.0,0.0662329679336133,0.0,23.0,0,0.0004488653,Low
60.0,0.1757586089328332,3.0144519805908203,21.0,0,0.004954439,Low
60.0,0.1208771293947082,0.9274099469184875,23.0,0,0.0014019501,Low
60.0,0.4457216965389228,6.011974811553955,23.0,0,0.00060799305,Low
60.0,0.6147943523634132,7.349445819854736,22.0,0,0.000600725,Low
60.0,0.3094546627944498,8.335649490356445,22.0,0,0.00033232154,Low
60.0,0.4282234316461356,4.7770514488220215,41.0,0,0.0018580324,Low
60.0,0.3805937636148627,7.370177745819092,71.0,0,0.0035704004,Low
60.0,0.3133408071748879,3.024153470993042,23.0,0,0.002994474,Low
60.0,0.0959882869692533,14.565521240234377,22.0,0,0.0015061136,Low
115.0,0.6739087537558838,10.58119773864746,42.0,0,0.00091485557,Low
115.0,0.7343890188968948,23.63238525390625,42.0,0,0.00073516776,Low
115.0,0.3572876055124434,19.741230010986328,42.0,0,0.0011822489,Low
60.0,0.5921993141346115,10.75823974609375,22.0,0,0.009593374,Low
115.0,0.6670953700039571,4.400718688964844,71.0,0,0.00041677448,Low
115.0,0.5397562325618173,23.30634307861328,42.0,0,0.0020375738,Low
60.0,0.3509648013602235,3.01544451713562,52.0,0,0.0024684456,Low
60.0,0.517725764253481,3.683509349822998,22.0,0,0.0005492954,Low
60.0,0.4446315391164506,1.189647197723389,22.0,0,0.0011227508,Low
115.0,0.7201890317617321,6.532109260559082,22.0,0,0.018440701,Low
230.0,0.3743760399334442,1.1851876974105835,71.0,0,0.0007808715,Low
230.0,0.2741392899021549,5.547544956207275,71.0,0,0.0005872586,Low
230.0,0.7335207747578881,3.022641181945801,95.0,0,0.0009724295,Low
230.0,0.2584935963431207,4.776041507720947,21.0,0,0.002630947,Low
230.0,0.1019713642825957,3.651987075805664,71.0,0,0.00031712488,Low
60.0,0.6182159578788079,4.511502265930176,22.0,0,0.00048913853,Low
60.0,0.4783927217589082,3.889404535293579,21.0,0,0.0016490567,Low
60.0,0.4953005678480517,7.742910861968994,42.0,0,0.0010645402,Low
60.0,0.3558303162784343,17.240840911865234,71.0,0,0.000578531,Low
60.0,0.5227122773181748,6.024952411651611,71.0,0,0.0013925445,Low
60.0,0.3098541444325862,5.819381237030029,23.0,0,0.0003100605,Low
60.0,0.4174960712414877,7.571044445037842,52.0,0,0.0021274642,Low
60.0,0.294,5.115260124206543,71.0,0,0.00032327004,Low
60.0,0.3291183702142606,5.11507511138916,71.0,0,0.00032327004,Low
60.0,0.4052525691914523,4.709792137145996,22.0,0,0.00050967047,Low
60.0,0.7166297967217684,24.1833553314209,43.0,0,0.0005624938,Low
60.0,0.6101446621497895,4.499834060668945,41.0,0,0.00052364316,Low
60.0,0.7354804859345361,0.9274099469184875,71.0,0,0.00033522293,Low
60.0,0.2408514741430685,1.179953932762146,71.0,0,0.00067012757,Low
60.0,0.2845657568238213,8.057480812072754,21.0,0,0.00033232154,Low
60.0,0.3422260265829708,10.387299537658691,52.0,0,0.00081979076,Low
60.0,0.292921992863273,4.387322902679443,71.0,0,0.00032327004,Low
60.0,0.2803489217349164,3.01998257637024,52.0,0,0.0024684456,Low
60.0,0.5288781892827203,29.01583671569824,52.0,0,0.0011803843,Low
60.0,0.6554549502746029,1.854334115982056,82.0,0,0.00040993717,Low
60.0,-0.020956785662668,1.854334115982056,24.0,0,0.0006031038,Low
60.0,0.5556023293341753,12.418888092041016,41.0,0,0.0012193414,Low
60.0,0.2472749922142635,4.50020694732666,21.0,0,0.000634852,Low
60.0,0.1962119503945885,4.810829162597656,21.0,0,0.00043665353,Low
60.0,0.7863775065261837,36.42207877841884,42.0,0,0.0005624938,Low
60.0,0.6150729837116095,9.002845764160156,42.0,0,0.00091850467,Low
60.0,0.2533362768989536,17.13239288330078,71.0,0,0.0010918587,Low
60.0,0.6341234363848091,17.5716495513916,42.0,0,0.00096404686,Low
115.0,-0.1152904349582208,0.0,11.0,0,0.0004140123,Low
115.0,0.3812055815631703,7.074877262115479,52.0,0,0.0097623905,Low
115.0,0.5701879098959329,7.96458625793457,43.0,0,0.0009765816,Low
115.0,0.6335008375209381,9.517392946670851,42.0,0,0.002567725,Low
115.0,0.8471859759281707,18.754114151000977,42.0,0,0.00073516776,Low
115.0,0.452033768227168,7.924099922180176,52.0,0,0.001166404,Low
115.0,0.616049226571223,3.638541221618652,42.0,0,0.0009974611,Low
115.0,0.4569279861066834,25.45858764648437,43.0,0,0.0020375738,Low
115.0,0.3423829689824882,0.0,71.0,0,0.0006363749,Low
115.0,0.1750923350712299,4.486945629119873,52.0,0,0.0004276021,Low
115.0,0.8044635945434934,20.07682609558105,42.0,0,0.00073516776,Low
115.0,0.2476059997637888,16.90943717956543,41.0,0,0.002230055,Low
115.0,0.8587137859721548,7.023497581481934,42.0,0,0.0012522795,Low
115.0,0.5527210225766381,8.693493843078613,22.0,0,0.004991192,Low
115.0,0.2445320739144389,3.001598596572876,71.0,0,0.0026700876,Low
60.0,0.605859872611465,2.522397518157959,82.0,0,0.0013000489,Low
60.0,0.7895677971267755,0.9274099469184875,82.0,0,0.00033522293,Low
60.0,0.5796638033304865,0.9274099469184875,82.0,0,0.0006207861,Low
60.0,0.2894352182871634,0.9274099469184875,22.0,0,0.0003359658,Low
230.0,0.2083761359146582,2.345926284790039,71.0,0,0.0014166698,Low
60.0,0.195546102839985,4.478967189788818,71.0,0,0.00032866292,Low
60.0,0.4679860716316088,1.854334115982056,82.0,0,0.0023796447,Low
60.0,0.3531894073756956,2.1972572803497314,82.0,0,0.00020269435,Low
60.0,0.5947396266344191,1.5001754760742188,82.0,0,0.0009010848,Low
60.0,0.4968684759916493,1.1787817478179932,82.0,0,0.0012133186,Low
60.0,0.3436373003606388,1.5002496242523191,23.0,0,0.00036130147,Low
60.0,0.6991973668612232,6.021917819976807,90.0,0,0.00030703095,Low
60.0,0.1848076689722121,3.019272565841675,24.0,0,0.003047396,Low
60.0,0.0123303468464472,4.706380844116211,82.0,0,0.00035745522,Low
60.0,-0.0176345674452959,3.532965421676636,24.0,0,0.003190238,Low
60.0,0.4483894790660683,2.1968915462493896,82.0,0,0.0009573952,Low
60.0,0.6420612813370472,0.0,71.0,0,0.0006207861,Low
60.0,0.5238404678742589,2.3570501804351807,82.0,0,0.0022006365,Low
60.0,0.4545206041139889,1.178571105003357,82.0,0,0.0014078913,Low
60.0,0.2791412968426338,1.1783246994018557,82.0,0,0.00066995516,Low
60.0,0.5745604019182462,4.793844223022461,82.0,0,0.0005065833,Low
60.0,0.2883658862064782,2.531755208969116,82.0,0,0.0006791879,Low
60.0,0.827093994074872,0.9274099469184875,82.0,0,0.00033522293,Low
60.0,0.5042778785282763,1.498515486717224,82.0,0,0.0021937254,Low
60.0,0.4084534731323722,3.704791784286499,22.0,0,0.00050967047,Low
60.0,0.8128242373936502,0.9274099469184875,22.0,0,0.00029050492,Low
60.0,0.2711909443588245,2.9951446056365967,23.0,0,0.005832958,Low
60.0,0.6194331983805668,1.4987293481826782,22.0,0,0.00048674812,Low
60.0,0.4222599830076465,2.196249008178711,21.0,0,0.003928678,Low
60.0,0.2875754687003495,1.1771405935287476,23.0,0,0.00066995516,Low
60.0,0.3227692888134314,3.018376588821411,23.0,0,0.002994474,Low
60.0,0.3829421866056096,1.4979519844055176,22.0,0,0.0003185454,Low
60.0,0.3350348027842227,1.4980463981628418,23.0,0,0.00036130147,Low
60.0,0.2710327455919396,2.528707504272461,23.0,0,0.002103517,Low
60.0,0.3702702702702702,1.49800443649292,82.0,0,0.0042192005,Low
60.0,0.8616548694166464,1.4980673789978027,82.0,0,0.00043850348,Low
60.0,0.333945796968305,3.885997295379639,23.0,0,0.0003100605,Low
60.0,0.8135839767259707,3.704791784286499,23.0,0,0.0002588503,Low
60.0,0.1940993788819875,2.1956353187561035,23.0,0,0.0009213278,Low
60.0,0.2745961820851689,4.384879112243652,23.0,0,0.0006055145,Low
60.0,0.0717579782327984,6.872628688812256,23.0,0,0.0019595174,Low
60.0,0.2710654814072868,0.0,23.0,0,0.0006824996,Low
60.0,0.0581125058112505,3.980745553970337,24.0,0,0.00034298497,Low
60.0,0.1767241379310345,3.0181655883789062,23.0,0,0.0059894617,Low
60.0,0.393628981886321,1.4976584911346436,24.0,0,0.0013072174,Low
60.0,0.0322441496818721,3.0180585384368896,24.0,0,0.0018478718,Low
60.0,0.0669676448457486,7.257018566131592,24.0,0,0.0004031601,Low
60.0,0.2679900744416873,5.547544956207275,21.0,0,0.000634852,Low
60.0,0.076120570811133,0.9274099469184875,24.0,0,0.00063698785,Low
60.0,0.1712935820946995,8.381536483764648,23.0,0,0.0007309981,Low
60.0,0.1011673151750972,2.350931406021118,23.0,0,0.0010877278,Low
60.0,-0.0155286109338438,9.493945121765137,24.0,0,0.0018673687,Low
60.0,0.1344155974137757,3.6425297260284415,23.0,0,0.0005630393,Low
60.0,0.4361245674740484,1.497913479804993,21.0,0,0.005051325,Low
60.0,0.4046442687747035,4.783443450927734,82.0,0,0.0011700245,Low
60.0,0.2233485137848293,2.5258982181549072,22.0,0,0.0024070437,Low
60.0,0.7475096173854583,4.627367496490479,21.0,0,0.0006494729,Low
60.0,0.1889710827168796,1.496700406074524,22.0,0,0.00093611336,Low
60.0,-0.3826638477801268,9.267070770263672,11.0,0,0.0017684409,Low
60.0,0.0511116204446481,3.704791784286499,23.0,0,0.00044245058,Low
60.0,0.1351667641895845,5.101831436157227,21.0,0,0.00038149644,Low
60.0,0.1453986587183308,2.194331169128418,22.0,0,0.00044728024,Low
60.0,0.2300469483568075,2.9894981384277344,22.0,0,0.0049326066,Low
60.0,0.3892067419205195,1.4955110549926758,82.0,0,0.0013072174,Low
60.0,0.1178310740354535,6.465991497039795,23.0,0,0.0028796075,Low
60.0,0.2228486042246824,1.854334115982056,82.0,0,0.0007205307,Low
60.0,0.2844602935125497,2.193857431411743,82.0,0,0.00020269435,Low
60.0,0.2527151888474631,4.7751569747924805,82.0,0,0.00027181077,Low
115.0,0.1098630136986302,2.9891457557678223,23.0,0,0.013120338,Low
115.0,0.1878766394895427,2.988159418106079,23.0,0,0.005942618,Low
60.0,0.1012049779416606,1.854334115982056,24.0,0,0.0005515232,Low
115.0,-0.1854399541415878,8.683894157409668,11.0,0,0.0015076344,Low
115.0,0.0878386302333763,2.346313953399658,23.0,0,0.0015330316,Low
60.0,0.2369718846916468,1.1727721691131592,23.0,0,0.0012349813,Low
60.0,0.1305355676824262,4.627367496490479,82.0,0,0.00022634241,Low
60.0,0.3065032822757111,8.682320594787598,82.0,0,0.0008722346,Low
60.0,0.2646659629015231,2.520695924758911,82.0,0,0.0007469335,Low
115.0,-0.0025529742149604,5.547544956207275,24.0,0,0.001203752,Low
60.0,0.3543493718890732,0.0,82.0,0,0.00042752808,Low
115.0,0.7364811478777535,2.5204756259918213,82.0,0,0.00037422703,Low
115.0,0.3335749667754017,2.987663507461548,22.0,0,0.004338623,Low
115.0,0.6262023621088518,1.854334115982056,82.0,0,0.0008776856,Low
115.0,0.2121287746443724,8.709546089172363,71.0,0,0.004941363,Low
115.0,0.0865051903114187,1.4945859909057615,23.0,0,0.0010313818,Low
115.0,0.4002911208151383,2.5220863819122314,82.0,0,0.0022416958,Low
115.0,0.3605236656596173,8.366408348083496,71.0,0,0.001629367,Low
115.0,0.042809536016406,3.635165214538574,24.0,0,0.0007245084,Low
115.0,0.042479294683409,2.521546125411988,24.0,0,0.0005450454,Low
115.0,0.0761433570652829,1.854334115982056,24.0,0,0.00072886155,Low
115.0,0.0509731232622798,3.016993522644043,24.0,0,0.0015392401,Low
115.0,0.1894890510948904,7.527320384979248,24.0,0,0.0005346027,Low
115.0,0.1638472692121798,0.0,23.0,0,0.23065405,Low
115.0,0.1112735245751872,1.1732169389724731,24.0,0,0.0015566807,Low
115.0,0.2063217146568521,5.668677806854248,23.0,0,0.0013520619,Low
115.0,0.2908387990229078,8.711273193359375,24.0,0,0.00061649457,Low
115.0,0.063479188900747,3.885024070739746,23.0,0,0.000715983,Low
115.0,0.025909447788537,10.282780647277832,24.0,0,0.0010664479,Low
115.0,0.2412135776509462,3.884987115859986,23.0,0,0.0012009215,Low
115.0,0.126042841037204,2.5208756923675537,24.0,0,0.0011708557,Low
115.0,0.1042821158690176,5.182648181915283,23.0,0,0.0010619487,Low
115.0,0.0832400149309443,1.854334115982056,24.0,0,0.00072886155,Low
115.0,0.0697887970615243,1.4948168992996216,24.0,0,0.0002725072,Low
115.0,0.1007182928747444,12.360735893249512,23.0,0,0.018230293,Low
115.0,0.0742904841402337,6.568537712097168,23.0,0,0.15039892,Low
115.0,0.2287581699346405,6.016716003417969,24.0,0,0.00081078784,Low
60.0,0.4167614713689799,11.227755546569824,23.0,0,0.024666898,Low
230.0,0.4401567091087169,7.340702533721924,52.0,0,0.0018963406,Low
230.0,0.6968030250945342,16.28276824951172,22.0,0,0.0024333945,Low
230.0,0.6245380635624538,7.468830507342233,43.0,0,0.0014260813,Low
60.0,0.3119077049855789,8.369112968444824,23.0,0,0.00035172905,Low
60.0,0.5986000218746582,22.981081008911133,43.0,0,0.00096404686,Low
60.0,0.6602092212320806,15.98827838897705,43.0,0,0.0005810695,Low
60.0,0.7715048836052265,14.021992683410645,43.0,0,0.0005810695,Low
60.0,0.7264227422580122,23.209318161010746,43.0,0,0.0005624938,Low
60.0,0.6146259321626173,4.758986473083496,21.0,0,0.0015146241,Low
60.0,0.4098877289738034,1.1700817346572876,22.0,0,0.00048662678,Low
60.0,0.4020838899278653,10.083536148071287,22.0,0,0.004916551,Low
60.0,0.6123027114528531,1.1680809259414673,21.0,0,0.0033340394,Low
60.0,0.346081611746628,1.1680896282196045,23.0,0,0.00066995516,Low
60.0,0.7008014247551202,3.883565902709961,21.0,0,0.0006494729,Low
60.0,0.3515301902398676,1.1684236526489258,23.0,0,0.00066995516,Low
60.0,0.2191172629929485,2.512537240982056,23.0,0,0.0029059777,Low
60.0,0.6373067965276308,1.4912930727005005,22.0,0,0.00048674812,Low
60.0,0.7486378496185979,1.4911640882492063,22.0,0,0.00026852815,Low
60.0,0.7805083319306514,3.014878749847412,21.0,0,0.0050524543,Low
60.0,0.5142624286878565,2.190969228744507,22.0,0,0.0004035585,Low
60.0,0.4433333333333333,3.619210958480835,71.0,0,0.0016158121,Low
60.0,0.5740120465295387,0.0,23.0,0,0.0006037741,Low
60.0,0.4980327189894388,2.9945292472839355,71.0,0,0.011421585,Low
60.0,0.3511812966504226,3.98238205909729,71.0,0,0.00032327004,Low
60.0,0.7859902570132707,21.11797142028809,43.0,0,0.0005624938,Low
60.0,0.4718059157034237,10.95275592803955,71.0,0,0.0029371683,Low
60.0,0.3494271685761047,4.773458957672119,22.0,0,0.0003250876,Low
60.0,0.4778694673668417,8.607741355895996,21.0,0,0.0016856983,Low
115.0,0.3193290362662111,8.607172012329102,11.0,0,0.0031095908,Low
115.0,0.594630326451744,12.233044624328612,22.0,0,0.03384657,Low
115.0,0.2802599512591389,17.21534538269043,71.0,0,0.0011822489,Low
60.0,-0.4350710900473933,0.0,11.0,0,0.00029427768,Low
60.0,0.2547555555555555,4.788197994232178,71.0,0,0.0003555272,Low
60.0,0.6085510170693135,3.0185534954071045,21.0,0,0.016463017,Low
60.0,0.3429493262478649,3.983431816101074,22.0,0,0.0003250876,Low
60.0,0.4479929680632874,2.1961557865142822,21.0,0,0.0027024765,Low
60.0,0.1356619001373028,1.4986242055892944,22.0,0,0.0016051847,Low
60.0,0.1639206925439821,0.0,23.0,0,0.027891226,Low
60.0,0.6390008058017727,2.529113531112671,23.0,0,0.0015147107,Low
60.0,0.7878828768047497,1.854334115982056,22.0,0,0.00025103212,Low
230.0,0.0625685096680843,2.994326591491699,23.0,0,0.0020161595,Low
60.0,0.0209377764671188,2.3533060550689697,24.0,0,0.0012485803,Low
60.0,0.0998402000972695,0.9274099469184875,23.0,0,0.0010134832,Low
60.0,0.3287785833798103,1.4982317686080933,23.0,0,0.00036130147,Low
60.0,0.0725439167208848,1.4984489679336548,23.0,0,0.00041053278,Low
60.0,0.2181257847277708,2.528724193572998,23.0,0,0.0029059777,Low
115.0,0.010713126285034,0.0,24.0,0,0.00059950846,Low
115.0,0.171714325961403,0.0,24.0,0,0.0008454915,Low
60.0,0.3128741978274119,2.994815826416016,82.0,0,0.0018881363,Low
115.0,-0.0107157657924338,0.9274099469184875,24.0,0,0.00059950846,Low
60.0,0.0035587188612099,3.647162675857544,24.0,0,0.00061378686,Low
115.0,0.3220518796142508,2.994676113128662,23.0,0,0.0037532288,Low
115.0,0.1715705005731753,1.1770379543304443,23.0,0,0.0050527537,Low
60.0,0.2114633087277464,2.351962089538574,22.0,0,0.005939354,Low
60.0,0.5736679916037694,3.018390417098999,22.0,0,0.0048600826,Low
60.0,0.5249074563722897,3.639841079711914,23.0,0,0.0005239095,Low
60.0,0.0985697719366061,2.195136070251465,22.0,0,0.00034919282,Low
60.0,0.2661870503597122,1.854334115982056,71.0,0,0.0003967654,Low
60.0,0.0416550942420242,1.854334115982056,23.0,0,0.00038378796,Low
60.0,0.8049808728237958,1.4974839687347412,95.0,0,0.00043850348,Low
60.0,0.0840917364397524,2.1945011615753174,23.0,0,0.00044435833,Low
115.0,0.6169133192389006,3.519221544265747,23.0,0,0.0024407732,Low
115.0,0.7878882125560936,3.9754464626312256,22.0,0,0.001191525,Low
115.0,0.0330188679245282,2.5232994556427,24.0,0,0.0005450454,Low
115.0,0.1910352187833511,3.88528084754944,23.0,0,0.0013520619,Low
115.0,0.0672991402312481,1.1736270189285278,23.0,0,0.00073658157,Low
115.0,0.072992700729927,5.920541286468506,24.0,0,0.0052514058,Low
115.0,0.0468431771894093,1.854334115982056,24.0,0,0.000254752,Low
115.0,0.5565556555655565,0.9274099469184875,22.0,0,0.0016605209,Low
60.0,0.1303910052022151,2.987477779388428,23.0,0,0.004621593,Low
60.0,0.5342338146250583,0.0,21.0,0,0.0033332251,Low
60.0,0.4237338044758539,5.097935676574707,23.0,0,0.00088470156,Low
60.0,0.3184035521880379,2.986124515533448,23.0,0,0.002994474,Low
60.0,0.3351458230350964,1.1721479892730713,22.0,0,0.0005265004,Low
60.0,0.2396282226459856,2.9861655235290527,23.0,0,0.004267412,Low
60.0,0.3934162986752307,0.0,21.0,0,0.0013854747,Low
115.0,0.4012675866408954,4.762847423553467,71.0,0,0.0033288652,Low
60.0,0.4707541910452132,11.052240371704102,52.0,0,0.0041067884,Low
60.0,0.2848834476216419,2.7802884578704834,23.0,0,0.00094230217,Low
60.0,0.2064391586344174,1.854334115982056,24.0,0,0.0005651825,Low
60.0,0.3818730547958124,2.517836093902588,71.0,0,0.0030052685,Low
60.0,0.5997080380767009,2.193186044692993,22.0,0,0.00031007646,Low
60.0,0.2274271157656382,10.930258750915527,71.0,0,0.0013082324,Low
60.0,0.0568605518269947,0.0,23.0,0,0.0004488653,Low
60.0,0.2463506006975842,6.568647384643555,71.0,0,0.0015200648,Low
60.0,0.2714223844583308,12.873600959777832,71.0,0,0.0011278974,Low
60.0,0.3314786773250696,14.794919967651367,21.0,0,0.00058415113,Low
60.0,0.315156462585034,11.050322532653809,71.0,0,0.0011472125,Low
60.0,0.1959487696354383,6.017348766326904,71.0,0,0.00032866292,Low
60.0,0.2107813446396123,13.836676597595217,71.0,0,0.013282809,Low
230.0,0.2667651323188661,26.22018051147461,22.0,0,0.0027273449,Low
60.0,0.2360943168077388,16.394174575805664,71.0,0,0.00062422303,Low
60.0,0.1732209737827715,3.634363412857056,71.0,0,0.00032866292,Low
115.0,0.147359230003858,8.196856498718262,71.0,0,0.0024969357,Low
115.0,0.2296164055342839,17.131742477416992,71.0,0,0.0010665405,Low
115.0,0.1854353981421688,13.607782363891602,71.0,0,0.0010018207,Low
115.0,0.2094924302456521,14.982611656188965,71.0,0,0.0036373981,Low
115.0,0.2120072302500286,2.343113899230957,71.0,0,0.0025775405,Low
115.0,0.6495776886139553,14.16956907995486,22.0,0,0.39715078,Medium
60.0,0.8627906976744186,2.1908195170027485,22.0,0,0.00014857927,Low
60.0,0.1701315231226134,1.854334115982056,23.0,0,0.001113506,Low
60.0,0.1911962868692917,3.615988969802856,22.0,0,0.000675649,Low
115.0,0.0182110337439742,2.190192222595215,23.0,0,0.00038671744,Low
115.0,0.5919732441471572,1.4899427890777588,23.0,0,0.0008227088,Low
60.0,0.6477338527135864,1.4895381927490234,21.0,0,0.0021846064,Low
60.0,0.4101953311100524,20.318580627441406,71.0,0,0.0009142608,Low
60.0,0.912079642868038,15.386483485048837,42.0,0,0.0005810695,Low
60.0,0.5119005328596803,13.737552642822266,52.0,0,0.0012193414,Low
60.0,0.7393553521687226,13.391217231750488,23.0,0,0.0010411211,Low
60.0,0.5202801283921797,19.026979446411133,52.0,0,0.0011803843,Low
60.0,0.5911117207324601,9.26900577545166,71.0,0,0.0017879613,Low
60.0,0.7626847782660807,12.911187171936035,71.0,0,0.0005810695,Low
60.0,0.6659459459459459,16.24017906188965,43.0,0,0.0005810695,Low
60.0,0.477533351370476,15.691347122192385,71.0,0,0.0012193414,Low
60.0,0.5315834400341444,10.075215339660645,52.0,0,0.0029371683,Low
60.0,0.3836596385542169,1.1650303602218628,23.0,0,0.00061922404,Low
60.0,0.1691237066202729,2.9755759239196777,22.0,0,0.00692122,Low
60.0,0.463884430176565,2.506641864776612,23.0,0,0.0022863976,Low
60.0,0.0985600873212801,4.743009567260742,24.0,0,0.00030530905,Low
115.0,0.0218300046446818,4.656169891357422,24.0,0,0.001203752,Low
115.0,0.3701762744163888,13.84607982635498,21.0,0,0.0161192,Low
115.0,0.2547792839763643,5.415371417999268,23.0,0,0.0015449397,Low
115.0,0.1919790168372958,3.014368057250977,23.0,0,0.005942618,Low
115.0,0.1142129073659376,6.544846534729004,24.0,0,0.0034833034,Low
115.0,0.0966100168859417,3.614830493927002,23.0,0,0.0010619487,Low
115.0,0.339952624893673,5.415767669677734,23.0,0,0.00079146476,Low
115.0,0.2305273937850768,0.9274099469184875,23.0,0,0.0021336125,Low
115.0,0.1607966305789388,2.509317636489868,24.0,0,0.007312048,Low
115.0,0.2154945468221135,4.463387489318848,23.0,0,0.0069279945,Low
115.0,0.2010672137987528,4.745828628540039,23.0,0,0.0013520619,Low
115.0,0.8559393208163891,18.64144515991211,43.0,0,0.00073516776,Low
115.0,0.4796544905817462,2.187207221984864,71.0,0,0.0010340598,Low
60.0,0.4655985253978944,1.1602792739868164,82.0,0,0.0014078913,Low
60.0,0.1281061519903498,2.497177124023437,23.0,0,0.0018877157,Low
60.0,0.0599479414300794,1.1597721576690674,24.0,0,0.0003700033,Low
60.0,0.0845656192236598,2.49674654006958,23.0,0,0.0013648304,Low
60.0,0.6514335360556038,1.159346103668213,52.0,0,0.00097269175,Low
60.0,0.5085390784714579,7.383838176727295,21.0,0,0.0016856983,Low
60.0,0.6152490305685653,1.4842802286148071,71.0,0,0.0009010848,Low
60.0,0.2666511085180864,7.375619411468506,22.0,0,0.0006489735,Low
60.0,0.4032978575315422,2.1853795051574707,81.0,0,0.0005992554,Low
60.0,0.1940850277264325,0.9274099469184875,23.0,0,0.0011939621,Low
60.0,0.2200194347316926,2.184959650039673,23.0,0,0.0012266326,Low
60.0,0.2819775445895922,2.311885356903076,22.0,0,0.0007112788,Low
115.0,0.6029141704548875,1.854334115982056,82.0,0,0.0008776856,Low
60.0,0.0607259590572854,2.3329524993896484,24.0,0,0.00052151125,Low
60.0,0.3314878892733564,1.490347981452942,24.0,0,0.00036130147,Low
60.0,0.0262681159420289,1.4903851747512815,24.0,0,0.00064512214,Low
60.0,0.0482374768089053,2.978857517242432,24.0,0,0.0018478718,Low
60.0,0.1977446637132501,3.8832528591156006,24.0,0,0.0003270167,Low
115.0,0.0990150336962156,3.495943784713745,24.0,0,0.0012297684,Low
60.0,0.1186295503211991,1.4905002117156982,23.0,0,0.0020419464,Low
115.0,0.0364771606966809,0.0,24.0,0,0.00031845432,Low
115.0,0.0542462817488095,0.0,24.0,0,0.00031845432,Low
115.0,0.353962338777957,0.0,21.0,0,0.0010536872,Low
115.0,0.0167477568351052,1.4859139919281006,23.0,0,0.00029200912,Low
230.0,0.381385384432278,3.704791833623834,81.0,0,0.0012800577,Low
230.0,0.4387317909168808,2.185344219207764,82.0,0,0.00058550894,Low
60.0,0.46,1.4921364784240725,82.0,0,0.0025451195,Low
60.0,0.252067693090724,2.9791951179504395,82.0,0,0.002076218,Low
60.0,0.8230738942118389,0.0,82.0,0,0.00033522293,Low
60.0,0.3522147955137646,4.460005283355713,82.0,0,0.0002471473,Low
60.0,0.5077846021996858,2.189807653427124,82.0,0,0.00082503026,Low
115.0,0.2010468268062435,2.5114996433258057,71.0,0,0.00067817856,Low
115.0,0.2195694716242661,3.0148351192474365,71.0,0,0.0026489808,Low
115.0,0.1228515253377307,4.750592231750488,22.0,0,0.0010241244,Low
60.0,0.710780827762765,0.0,82.0,0,0.00033522293,Low
115.0,0.2106561420818944,13.849857330322266,71.0,0,0.024242697,Low
115.0,0.2747778182007172,10.570480346679688,71.0,0,0.0010125316,Low
115.0,0.0364756039791568,4.470764636993408,82.0,0,0.00023721921,Low
60.0,0.7315068493150685,2.7802884578704834,82.0,0,0.0005318997,Low
70.0,0.4062877871825877,15.54716682434082,52.0,0,0.001444198,Low
70.0,0.5793467110193089,15.489123344421388,42.0,0,0.0014081153,Low
70.0,0.257311545932421,9.471933364868164,71.0,0,0.0010139105,Low
70.0,0.2594495121337693,14.608604431152344,71.0,0,0.0016758187,Low
115.0,0.1932938489816378,2.7802884578704834,71.0,0,0.00059282547,Low
60.0,-0.1332988540163867,5.667937278747559,11.0,0,0.00030899904,Low
60.0,0.2937487414055982,2.191688060760498,71.0,0,0.0002651289,Low
60.0,0.2658759945954061,3.498476266860962,71.0,0,0.0013701213,Low
60.0,0.7420171344339335,2.512843370437622,82.0,0,0.0006084861,Low
115.0,0.3723169396097818,1.854334115982056,82.0,0,0.002349565,Low
115.0,0.0159944596510899,2.3325815200805664,24.0,0,0.0014295058,Low
115.0,0.2052842511503636,1.854334115982056,24.0,0,0.0008517668,Low
115.0,0.0931596091205211,2.7802884578704834,24.0,0,0.00085886254,Low
115.0,0.2629859998121593,3.496356725692749,21.0,0,0.004272898,Low
115.0,0.1236523359510182,2.1904215812683105,23.0,0,0.00069116824,Low
115.0,0.5163705770077816,2.330386161804199,82.0,0,0.0021091728,Low
60.0,0.3887577585453273,2.327333927154541,82.0,0,0.0015990204,Low
60.0,0.3502862468379709,2.1896567344665527,82.0,0,0.00020269435,Low
115.0,0.2309685352304415,3.0139646530151367,22.0,0,0.005340935,Low
115.0,0.542554072573903,5.009173393249512,82.0,0,0.0019040938,Low
60.0,0.5216381836866746,1.4885201172083395,95.0,0,0.0021937254,Low
60.0,0.7518394485321078,1.4869468212127686,82.0,0,0.00043850348,Low
60.0,0.1617152056197863,1.162503004074097,71.0,0,0.0030272983,Low
60.0,0.2141357004844445,3.881848573684693,71.0,0,0.0011380933,Low
60.0,-0.0208376315246544,1.4866008758544922,23.0,0,0.00047934498,Low
60.0,0.1144558675765083,5.399636268615723,22.0,0,0.0005903201,Low
60.0,0.6812819557226522,2.319396495819092,82.0,0,0.0004386366,Low
60.0,0.8221162790697674,1.486278772354126,82.0,0,0.00043850348,Low
60.0,0.3189239046060841,2.4983062744140625,82.0,0,0.0006791879,Low
60.0,0.2028781539850808,7.92987585067749,71.0,0,0.0011596803,Low
230.0,0.1921105477834731,1.1613848209381104,82.0,0,0.0011488119,Low
230.0,0.2091593480641838,2.322129964828491,71.0,0,0.0014166698,Low
230.0,0.4874134675896791,1.485867619514465,82.0,0,0.0010200187,Low
70.0,0.1903320007327506,4.639444351196289,95.0,0,0.00050372625,Low
60.0,0.1555181331569134,0.9274099469184875,82.0,0,0.0004243153,Low
115.0,0.2232827514802471,4.3744635581970215,21.0,0,0.0016308089,Low
60.0,0.340215467471713,2.3302571773529053,22.0,0,0.0007112788,Low
60.0,0.0383847348568893,2.188449144363404,82.0,0,0.00013591704,Low
60.0,0.4353022340360773,3.479000806808472,82.0,0,0.0053993864,Low
60.0,0.3704891017470678,0.9274099469184875,82.0,0,0.0011688459,Low
60.0,0.1478271124476679,1.15779447555542,82.0,0,0.0019143432,Low
70.0,0.3683378631045317,1.1599622964859009,82.0,0,0.0015029616,Low
115.0,0.5496785052336653,1.4873565435409546,82.0,0,0.0020299493,Low
115.0,0.1738086087421228,2.7802884578704834,71.0,0,0.00059282547,Low
115.0,0.1349952922965873,2.324705123901367,21.0,0,0.000978002,Low
115.0,0.275441223174992,3.882021188735962,81.0,0,0.0005233138,Low
70.0,0.1725418456626448,4.367710113525391,21.0,0,0.00091634435,Low
70.0,0.1638847321390397,1.160021424293518,21.0,0,0.20627572,Low
70.0,0.0997699161506508,3.6181960105896,24.0,0,0.0008027462,Low
70.0,0.1646371654183245,2.7802884578704834,21.0,0,0.002375574,Low
60.0,0.231903132403264,0.0,71.0,0,0.00042763815,Low
60.0,0.3552104410798027,1.854334115982056,82.0,0,0.00036076797,Low
60.0,0.3458984024412134,0.9274099469184875,21.0,0,0.00037146706,Low
70.0,0.608004174712603,1.854334115982056,82.0,0,0.0008776856,Low
70.0,0.5879433675972301,3.0114760398864746,82.0,0,0.003255566,Low
70.0,0.5556958827986864,3.9360501766204834,82.0,0,0.0019040938,Low
115.0,0.2764046385551831,18.89192771911621,52.0,0,0.0011822489,Low
115.0,0.2705823101232862,13.152195930480955,71.0,0,0.0016758187,Low
60.0,0.5813115617592838,15.863093376159668,42.0,0,0.0009958711,Low
60.0,0.3626335142707056,4.371443748474121,52.0,0,0.00025547246,Low
60.0,0.6250916669672142,10.090530395507812,42.0,0,0.0023996262,Low
60.0,0.1996257117028531,41.834957122802734,52.0,0,0.00066538894,Low
60.0,0.1823160617175142,6.464860916137695,71.0,0,0.0014053293,Low
60.0,0.0989140698772425,0.9274099469184875,82.0,0,0.00056665775,Low
60.0,0.0982839313572542,3.9310879707336426,23.0,0,0.0005273007,Low
60.0,0.1104485702669738,1.1559252738952637,82.0,0,0.001063979,Low
60.0,0.0984741194937388,1.854334115982056,82.0,0,0.00049062463,Low
230.0,0.2127508746351502,0.0,82.0,0,0.0009734237,Low
115.0,0.3368130165222273,1.4839812517166138,82.0,0,0.00046875907,Low
60.0,0.2940314902965946,2.185696601867676,82.0,0,0.00020269435,Low
60.0,0.1372125090495908,3.466416120529175,82.0,0,0.00074275694,Low
60.0,0.1168439677581423,3.5839784145355225,22.0,0,0.0005903201,Low
60.0,0.2918229259678155,0.9274099469184875,23.0,0,0.00042752808,Low
60.0,0.6414783618152857,1.4818997383117676,82.0,0,0.0009010848,Low
60.0,0.2970036796916068,1.481662392616272,82.0,0,0.00038590925,Low
60.0,0.2029690299462503,2.4945359230041504,71.0,0,0.0036216923,Low
60.0,0.4406349462148987,0.0,82.0,0,0.001072219,Low
115.0,0.290147634829768,1.4826979637145996,71.0,0,0.00046875907,Low
60.0,0.2444360219971647,1.4824695587158203,23.0,0,0.0046876078,Low
115.0,0.1220338323178447,3.590408563613892,22.0,0,0.0010241244,Low
60.0,0.2535833015423184,2.963119506835937,21.0,0,0.007447759,Low
60.0,0.0825579233472922,1.4824663400650024,23.0,0,0.0010186946,Low
115.0,0.0690318343526915,2.1850478649139404,23.0,0,0.0003018694,Low
115.0,0.2920488650293782,2.490915060043335,23.0,0,0.005609151,Low
115.0,0.05907508094569,1.4830114841461182,24.0,0,0.0002725072,Low
115.0,0.1922649844193764,2.1850016117095947,22.0,0,0.0010634577,Low
115.0,-0.0100725710541006,1.482274055480957,82.0,0,0.00029093592,Low
115.0,-0.0276212808721868,2.184992790222168,82.0,0,0.00023765386,Low
60.0,0.7899405234864075,1.4818346500396729,82.0,0,0.00043850348,Low
60.0,0.3316406577481826,1.4819159507751465,82.0,0,0.00038590925,Low
60.0,0.133989423783519,1.854334115982056,23.0,0,0.0019091234,Low
115.0,0.19233934169279,0.0,23.0,0,0.003229513,Low
60.0,0.4064896755162241,0.0,52.0,0,0.00038945887,Low
60.0,0.2576823094814611,16.391626358032227,71.0,0,0.0011278974,Low
60.0,0.2195773193279427,2.960070371627808,82.0,0,0.0026682536,Low
60.0,0.1493927799035102,1.4814221858978271,82.0,0,0.0004197379,Low
60.0,0.4634577950805167,2.7802884578704834,82.0,0,0.0032087243,Low
60.0,0.1252631061759937,1.4800184965133667,82.0,0,0.0010524918,Low
60.0,0.5779134217357749,0.9274099469184875,82.0,0,0.0006207861,Low
60.0,0.0942994139584443,3.610666275024414,82.0,0,0.00021197103,Low
60.0,0.1784623683042899,1.154258131980896,82.0,0,0.0010610638,Low
60.0,0.3842033426901187,2.184048891067505,82.0,0,0.0005992554,Low
115.0,0.1607806979826501,4.704709529876709,82.0,0,0.0012683801,Low
115.0,0.1204623808558101,2.1846399307250977,82.0,0,0.0001973927,Low
115.0,0.4244109920353613,1.480179786682129,82.0,0,0.0033053663,Low
115.0,0.4139078265612217,0.0,23.0,0,0.0027272578,Low
115.0,0.7978556743339923,2.959979772567749,82.0,0,0.0010035846,Low
115.0,0.1575401866199337,2.959146976470948,82.0,0,0.0010017977,Low
115.0,0.35095246267376,1.480489730834961,82.0,0,0.00046875907,Low
60.0,0.3457470747074708,1.152027606964111,82.0,0,0.00066995516,Low
60.0,0.195713141025641,2.4839513301849365,82.0,0,0.003189762,Low
60.0,0.5652135231316726,0.9274099469184875,82.0,0,0.0006207861,Low
60.0,0.0367313686596769,5.367115497589111,82.0,0,0.00019972361,Low
60.0,0.064283877603497,1.854334115982056,23.0,0,0.00038378796,Low
60.0,0.5902083088148758,2.480985641479492,82.0,0,0.005395675,Low
60.0,0.2468241136774704,3.445255279541016,81.0,0,0.0010477469,Low
60.0,0.6612049124601596,1.4768636226654053,82.0,0,0.005246777,Low
60.0,0.1752189618486812,0.9274099469184875,82.0,0,0.00067720783,Low
115.0,0.1490296594653973,2.182900667190552,82.0,0,0.0003705844,Low
60.0,0.1601597603594608,1.854334115982056,71.0,0,0.0004727611,Low
60.0,0.1532024408798822,1.854334115982056,71.0,0,0.00039239362,Low
60.0,0.0899570221805068,2.180995225906372,82.0,0,0.00014115457,Low
60.0,0.1050639487420527,1.1482856273651123,22.0,0,0.00078042364,Low
60.0,0.0985081695477148,1.1482409238815308,23.0,0,0.0009929958,Low
60.0,0.2095818520399526,9.692352294921877,71.0,0,0.004299492,Low
60.0,0.1925827172463943,4.766857147216797,71.0,0,0.00032866292,Low
60.0,0.1806918635606692,7.345913887023926,71.0,0,0.0011596803,Low
60.0,0.16426478502661,2.297332525253296,21.0,0,0.002413231,Low
60.0,0.2270796902323257,1.1489447355270386,71.0,0,0.00067012757,Low
60.0,0.2521453350374292,5.045054363681822,52.0,0,0.00028096643,Low
60.0,0.176826237331539,1.854334115982056,22.0,0,0.0008751587,Low
60.0,0.1345496009122006,3.8782708644866943,22.0,0,0.0005903201,Low
60.0,0.8791438727405653,2.483958959579468,82.0,0,0.002530962,Low
115.0,0.6844286007577596,1.1505743265151978,82.0,0,0.00044371138,Low
60.0,0.2164250590714605,4.434243202209473,82.0,0,0.0004304935,Low
60.0,0.4444536740152509,3.5819976329803467,82.0,0,0.0012357009,Low
115.0,0.2427504285516075,3.462973117828369,22.0,0,0.0026996352,Low
115.0,0.2314185701898859,1.854334115982056,23.0,0,0.001018792,Low
115.0,0.0933106901589601,3.611960649490357,23.0,0,0.0010619487,Low
60.0,0.787296985299979,1.854334115982056,21.0,0,0.00087110413,Low
60.0,0.1239454899415963,13.6255521774292,23.0,0,0.0016987894,Low
60.0,0.7400574005740057,1.854334115982056,21.0,0,0.00087110413,Low
60.0,0.7047576700755892,4.435702323913574,23.0,0,0.0002588503,Low
60.0,0.3564497889549196,4.967087745666504,22.0,0,0.0003250876,Low
60.0,0.8941209729955627,25.265893936157227,42.0,0,0.0005624938,Low
60.0,0.4405832320777643,9.408750534057615,71.0,0,0.0031826515,Low
60.0,0.6330478589420655,1.481860637664795,82.0,0,0.0009010848,Low
60.0,0.425808356710468,4.768069744110107,23.0,0,0.00088470156,Low
60.0,0.810239961267286,10.049012184143066,21.0,0,0.0042551504,Low
60.0,0.1473563624550465,0.0,23.0,0,0.0041303593,Low
60.0,0.0836581709145427,5.380941867828369,24.0,0,0.00030530905,Low
60.0,0.2357770582793709,3.586228847503662,23.0,0,0.0005448792,Low
60.0,0.0556478405315614,3.010345458984375,24.0,0,0.0018478718,Low
60.0,0.0836334457361749,1.1557461023330688,23.0,0,0.0009929958,Low
60.0,0.180766688697951,1.4814318418502808,82.0,0,0.0006224648,Low
60.0,0.0712611089907856,5.3807148933410645,82.0,0,0.00019972361,Low
60.0,0.3962986598596043,2.4882266521453857,82.0,0,0.0095119225,Low
60.0,0.4339881616196276,2.960270881652832,82.0,0,0.01470074,Low
60.0,0.2710442580271912,1.4805413484573364,21.0,0,0.0006130531,Low
60.0,0.1680430190128672,2.959050178527832,22.0,0,0.00692122,Low
60.0,0.3963657851972226,0.9274099469184875,81.0,0,0.00038945887,Low
60.0,0.3982926554097251,1.153475642204285,82.0,0,0.00061031216,Low
60.0,0.118448936946172,2.484020233154297,22.0,0,0.0064830277,Low
60.0,0.4158580809565813,1.479448676109314,82.0,0,0.003593116,Low
60.0,0.134723249173197,2.956324577331543,24.0,0,0.0026805382,Low
60.0,0.4687735139202408,4.428488731384277,82.0,0,0.0012357009,Low
60.0,0.3405144617736272,0.9274099469184875,82.0,0,0.00042752808,Low
60.0,0.24574147232488,1.4780420064926147,23.0,0,0.0030304575,Low
60.0,0.3999420793512887,0.0,90.0,0,0.00038945887,Low
60.0,0.3279658550780871,0.0,82.0,0,0.00042752808,Low
60.0,0.30348614314955,2.4788382053375244,82.0,0,0.002824409,Low
60.0,0.6927142317855796,27.80032157897949,52.0,0,0.0005624938,Low
60.0,0.2410048967426017,0.9274099469184875,82.0,0,0.00042763815,Low
60.0,0.1005883008130903,2.1815168857574463,82.0,0,0.00014115457,Low
60.0,0.2655809084564735,6.518922328948975,21.0,0,0.0018809921,Low
60.0,0.6382748863928662,9.208659172058104,23.0,0,0.0113730375,Low
60.0,0.0624182341483268,3.704791784286499,23.0,0,0.00044245058,Low
60.0,0.3683040226399838,3.8777613639831534,71.0,0,0.004232964,Low
60.0,0.1855345188525156,3.0075862407684326,82.0,0,0.002132636,Low
60.0,0.2448689927813237,1.854334168853263,71.0,0,0.0003967654,Low
60.0,0.2322940326244063,5.547544894682542,71.0,0,0.0002658313,Low
60.0,0.3176024362223964,7.7187275886535645,71.0,0,0.0011406672,Low
60.0,0.2743495351594185,16.2812442779541,71.0,0,0.0011278974,Low
60.0,0.1707336396767548,1.4738211631774902,22.0,0,0.0029552463,Low
60.0,0.3521171220723069,1.478428840637207,23.0,0,0.00036130147,Low
60.0,0.3875213152026584,0.9274099469184875,82.0,0,0.00038945887,Low
60.0,0.0452633179583354,2.479323148727417,22.0,0,0.0029065858,Low
60.0,0.2561392520681646,3.008136749267578,22.0,0,0.0067405347,Low
60.0,0.0568815099847408,1.854334115982056,23.0,0,0.00038378796,Low
60.0,0.1145159707303242,1.854334115982056,22.0,0,0.0015007291,Low
60.0,0.0887997416240289,3.605320692062378,22.0,0,0.00055285083,Low
60.0,0.2643667378523803,0.9274099469184875,82.0,0,0.00044556652,Low
60.0,0.1011715536980637,1.1480460166931152,82.0,0,0.0005551978,Low
60.0,0.2037501775652256,2.4689056873321533,71.0,0,0.0036216923,Low
60.0,0.21455938697318,1.1440130472183228,71.0,0,0.0014084894,Low
60.0,0.1517853457172341,5.775368690490723,71.0,0,0.00020537217,Low
60.0,0.1639425810119386,12.013347625732422,71.0,0,0.00077378226,Low
60.0,0.1383456235973068,10.690900802612305,71.0,0,0.0007470314,Low
60.0,0.1683952433706418,2.7802884578704834,82.0,0,0.00067070103,Low
60.0,0.2468201577845757,2.181736469268799,82.0,0,0.0002229227,Low
60.0,0.0446365973358261,1.149838089942932,82.0,0,0.0003291414,Low
60.0,0.1387619815461793,2.4779529571533203,21.0,0,0.004640187,Low
60.0,0.5802080050425465,0.0,82.0,0,0.0006207861,Low
60.0,0.2691926205118032,2.1813299655914307,22.0,0,0.00049383345,Low
60.0,0.2420368847317283,1.854334115982056,21.0,0,0.0005409069,Low
60.0,0.419244961680386,1.147040605545044,82.0,0,0.0016795995,Low
60.0,0.1209545733334395,2.478732109069824,24.0,0,0.0045418777,Low
60.0,0.1874862110047213,0.9274099469184875,21.0,0,0.00067059655,Low
60.0,0.2045511005117504,2.4852755069732666,22.0,0,0.0074138036,Low
60.0,0.307737977439145,2.4861652851104736,82.0,0,0.002824409,Low
60.0,0.5088578342733262,3.88962197303772,82.0,0,0.0010648998,Low
60.0,0.4897680763983629,3.5931315422058105,82.0,0,0.0010648998,Low
230.0,0.0536188285259246,2.176257610321045,71.0,0,0.00014277751,Low
60.0,0.1121749838436385,1.4689009189605713,23.0,0,0.0018120989,Low
60.0,0.8498973226393893,10.106667518615724,42.0,0,0.0011581326,Low
115.0,0.2770419426048565,1.4637902975082395,71.0,0,0.004640112,Low
115.0,0.2720648944953738,2.7802884578704834,23.0,0,0.0023057833,Low
60.0,0.7733791153302364,13.823501556946084,43.0,0,0.0005810695,Low
60.0,0.4045759237715361,22.467737197875977,71.0,0,0.0009142608,Low
60.0,0.5842132594772372,9.341242790222168,52.0,0,0.0017879613,Low
60.0,0.3878887070376432,4.903214931488037,71.0,0,0.0015299625,Low
60.0,0.8220459952418715,9.976475715637209,90.0,0,0.0010165089,Low
60.0,0.2440816244963416,30.068233489990234,52.0,0,0.0020576408,Low
60.0,0.0943782100443886,2.27225661277771,22.0,0,0.0009006908,Low
60.0,0.2986040177051413,7.71337366104126,71.0,0,0.0011406672,Low
115.0,0.2313218390804597,1.4630500078201294,23.0,0,0.0014814057,Low
115.0,0.1275268280509109,1.4627386331558228,21.0,0,0.0004011444,Low
115.0,0.2310942120828052,2.259268283843994,21.0,0,0.0018769599,Low
115.0,0.3890540343477626,2.170457601547241,71.0,0,0.0009147361,Low
115.0,0.5065309163148746,10.408413887023926,71.0,0,0.0030653558,Low
115.0,0.5589820306380272,4.627367496490479,42.0,0,0.0027732172,Low
115.0,0.3448329590064566,3.576540470123291,21.0,0,0.0008298042,Low
115.0,0.3784768727612521,5.007502555847168,42.0,0,0.0024896185,Low
115.0,0.5068179962439782,0.0,82.0,0,0.0009886821,Low
115.0,0.4978531558608844,1.854334115982056,82.0,0,0.0018979054,Low
60.0,0.4502926019739716,5.659912109375,52.0,0,0.0012772828,Low
60.0,0.4522848377200065,8.621352195739746,52.0,0,0.0012352837,Low
115.0,0.4506734619585001,0.9274099469184875,71.0,0,0.0011472725,Low
115.0,0.4885519995009046,1.459742784500122,23.0,0,0.024396643,Low
115.0,0.6574130317009506,7.12840747833252,52.0,0,0.0017657258,Low
115.0,0.3151803948264124,0.0,81.0,0,0.0006363749,Low
115.0,0.5773738243565075,23.919600371192537,43.0,0,0.0018739812,Low
70.0,0.1625487646293888,14.886192321777344,71.0,0,0.0011277345,Low
70.0,0.1516657289900656,2.1770262718200684,82.0,0,0.00015114134,Low
70.0,0.1813590449954086,7.301008701324463,71.0,0,0.0013622534,Low
70.0,0.2636666625671803,4.765076160430908,71.0,0,0.0007527077,Low
70.0,0.2705882352941177,3.548226356506348,71.0,0,0.0013478359,Low
70.0,0.20270688897815,1.1427381038665771,82.0,0,0.0013638078,Low
70.0,0.1619169797489233,13.509310722351074,71.0,0,0.0011277345,Low
70.0,0.1919368120715851,5.334060192108154,71.0,0,0.0005721448,Low
60.0,0.2507606350611274,4.563878059387207,52.0,0,0.00028096643,Low
70.0,0.21332526265727,0.0,82.0,0,0.0011556344,Low
70.0,0.1390429855528197,1.4714189767837524,82.0,0,0.00053108425,Low
70.0,0.1980568429281367,1.4708226919174194,71.0,0,0.0012752898,Low
70.0,0.2466770658557047,2.4617319107055664,71.0,0,0.001133583,Low
70.0,0.1281742274253249,1.4699424505233765,21.0,0,0.0004011444,Low
70.0,0.163935389133627,2.176427125930786,71.0,0,0.0007355963,Low
70.0,0.2402088772845952,0.0,71.0,0,0.00054975186,Low
115.0,0.2142185519807039,2.1754465103149414,71.0,0,0.00079313334,Low
70.0,0.1915786576765626,1.854334115982056,71.0,0,0.00055915077,Low
115.0,0.1873284054910242,2.456270933151245,71.0,0,0.00080005423,Low
115.0,0.2390970631904773,2.9343574047088623,82.0,0,0.0011993216,Low
115.0,0.1189040519944642,0.9274099469184875,21.0,0,0.0018405644,Low
70.0,0.1765804076129233,0.9274099469184875,71.0,0,0.000870525,Low
70.0,0.0572270834308174,1.1393601894378662,71.0,0,0.0002775529,Low
115.0,0.1653475320189955,0.9274099469184875,71.0,0,0.000870525,Low
70.0,0.1699242547600465,5.741530418395996,52.0,0,0.0004276021,Low
70.0,0.1396883872142628,1.4669698476791382,24.0,0,0.0005970018,Low
70.0,0.1894150417827298,1.854334115982056,71.0,0,0.00055915077,Low
70.0,0.0902685333402691,1.138745903968811,21.0,0,0.001303402,Low
70.0,0.1824352548036758,3.591114521026612,71.0,0,0.0005721448,Low
115.0,0.1476934253541591,3.874493598937988,71.0,0,0.0008764162,Low
70.0,0.0719888597352834,4.624327182769775,82.0,0,0.00023721921,Low
70.0,0.2256175778514035,5.724347858474316,21.0,0,0.0016308089,Low
115.0,0.3078265399140513,10.260489341292828,71.0,0,0.0010125316,Low
115.0,0.1943997425168973,0.9274099469184875,71.0,0,0.000870525,Low
115.0,0.1864580137056356,1.1368212699890137,71.0,0,0.0013638078,Low
115.0,0.1548042704626334,4.763578414916992,71.0,0,0.0004307837,Low
115.0,0.1892876272094268,5.736112117767334,22.0,0,0.0014175187,Low
115.0,0.136039495337356,1.854334115982056,22.0,0,0.0015199141,Low
115.0,0.442910365987289,1.4685009717941284,82.0,0,0.037701495,Low
115.0,0.4646208848502904,1.4685009717941284,82.0,0,0.033999197,Low
70.0,0.2208541746825702,2.1769306659698486,22.0,0,0.0015455863,Low
115.0,0.0562382276437348,1.854334115982056,82.0,0,0.00014445161,Low
115.0,0.127789046653144,2.780288515528756,21.0,0,0.0007247156,Low
115.0,0.133076181292189,0.9274099469184875,23.0,0,0.0036188764,Low
115.0,0.191502027756074,2.9314332008361816,71.0,0,0.0018853337,Low
115.0,0.4925644522371583,1.4673242568969729,82.0,0,0.029433222,Low
115.0,0.0814803401353993,2.933180332183838,82.0,0,0.0008532863,Low
115.0,0.8466033601168736,1.4676792621612549,82.0,0,0.004750344,Low
115.0,0.5549872122762148,0.9274099469184875,82.0,0,0.0009886821,Low
70.0,0.6129855679549694,1.4692617654800415,82.0,0,0.01767229,Low
70.0,0.1638064025121873,0.9274099469184875,82.0,0,0.05523736,Low
115.0,0.1944720440791256,1.854334115982056,82.0,0,0.00055915077,Low
115.0,0.0171442418367965,2.275831460952759,23.0,0,0.0008139748,Low
115.0,0.1620895780992809,0.9274099469184875,82.0,0,0.0020943854,Low
70.0,0.2218683112299831,1.4684216976165771,82.0,0,0.0017235038,Low
115.0,0.1910560886042097,2.7802884578704834,71.0,0,0.00059282547,Low
115.0,0.1634311944152242,2.9355623722076416,21.0,0,0.010482788,Low
115.0,0.6095052078236738,1.4694271087646484,82.0,0,0.01767229,Low
115.0,0.1786615678776291,5.662062644958496,71.0,0,0.0005721448,Low
115.0,0.2358852847454857,11.577646255493164,71.0,0,0.0008012407,Low
115.0,0.1896142190187566,20.69847297668457,71.0,0,0.0013334462,Low
115.0,0.185339071078795,11.591161727905272,71.0,0,0.0010018207,Low
115.0,0.1864276708874637,11.275934219360352,71.0,0,0.0010581239,Low
115.0,0.1296941873062524,3.704791784286499,71.0,0,0.00043226007,Low
115.0,0.1635488216975506,3.590861558914185,71.0,0,0.0006440897,Low
115.0,0.048144613724157,1.854334115982056,23.0,0,0.00025175288,Low
115.0,0.0670688149853163,3.408597946166992,22.0,0,0.0008875309,Low
115.0,0.1203177975150445,4.394534111022949,23.0,0,0.0009768156,Low
115.0,0.2372859388823459,3.003247261047364,24.0,0,0.0031232403,Low
115.0,0.1798633784124864,2.9328291416168213,24.0,0,0.00371759,Low
115.0,0.042213695023777,5.321142196655273,22.0,0,0.0007506687,Low
115.0,0.2806430128912772,2.275274515151977,22.0,0,0.0013203758,Low
70.0,0.1404657700539884,3.879391670227051,71.0,0,0.00043226007,Low
115.0,0.1541507089167825,3.533485651016236,24.0,0,0.0014437118,Low
115.0,0.0860943346402279,2.933980941772461,21.0,0,0.0024094975,Low
115.0,0.1230859310218784,5.661657333374023,23.0,0,0.0009768156,Low
115.0,0.1553428656736223,5.99078369140625,21.0,0,0.00095122244,Low
115.0,0.1042041142400639,2.456125974655152,23.0,0,0.0015330316,Low
70.0,0.4556598564329099,3.589599132537842,23.0,0,0.0014761622,Low
70.0,0.1687054711654792,1.4676215648651123,24.0,0,0.001238631,Low
115.0,0.2353408916021135,3.8746066093444815,31.0,0,0.0003632992,Low
70.0,4.40725410201981e-05,2.1747729778289795,24.0,0,0.0006793749,Low
115.0,0.2147727455038424,2.174744367599488,23.0,0,0.003543249,Low
115.0,0.2009920942489536,2.4536163806915283,21.0,0,0.001353704,Low
70.0,0.2215948489351164,7.29449987411499,24.0,0,0.00097119616,Low
70.0,0.2130758466274838,1.854334115982056,23.0,0,0.0028961748,Low
70.0,0.2022324310340064,1.4661543369293213,82.0,0,0.0012752898,Low
70.0,0.4812870835235052,5.7368669509887695,23.0,0,0.0012721664,Low
70.0,0.109017632841614,4.531999588012695,21.0,0,0.0023072318,Low
70.0,0.2102205096779782,2.929537534713745,82.0,0,0.0070174485,Low
70.0,0.175636760951452,0.9274099469184875,24.0,0,0.0008454915,Low
70.0,0.3951876804619826,1.1337940692901611,22.0,0,0.0017026698,Low
70.0,0.1172696139346988,2.172579526901245,82.0,0,0.0001973927,Low
70.0,0.4829697904317053,2.9267258644104004,82.0,0,0.0070204064,Low
115.0,0.3448999193152929,1.854334115982056,82.0,0,0.00043822263,Low
70.0,0.2559349593495935,2.17466688156128,81.0,0,0.0003247026,Low
70.0,0.2176590098681482,6.471491813659668,71.0,0,0.0036230898,Low
70.0,0.1786793875811663,5.302851676940918,22.0,0,0.0014175187,Low
70.0,0.2474499352449453,1.4633736610412598,71.0,0,0.0051009217,Low
70.0,0.2046961985779116,0.9274099469184875,71.0,0,0.000870525,Low
70.0,0.2245194303812601,22.90070533752441,71.0,0,0.0020168205,Low
70.0,0.4969093747462078,2.26023680729544,52.0,0,0.0027572303,Low
70.0,0.1790802808551528,5.72972297668457,71.0,0,0.0005721448,Low
70.0,0.3400104329681794,2.4549384117126465,22.0,0,0.0013203758,Low
70.0,0.0754348190296539,9.682926440119264,52.0,0,0.0010918893,Low
115.0,0.0536595712120622,11.365788459777832,71.0,0,0.00055322325,Low
115.0,0.0363225509478176,3.0171422958374023,24.0,0,0.0015392401,Low
115.0,0.049568276303166,1.1736578941345217,24.0,0,0.0003120123,Low
115.0,0.3939490955658716,4.38250732421875,82.0,0,0.0025467977,Low
115.0,0.3628494603852812,4.38250732421875,82.0,0,0.0034857988,Low
230.0,0.0767276422764228,7.551164266016777,23.0,0,0.0013840781,Low
230.0,0.0799598527935764,3.6483374113051497,23.0,0,0.0015837529,Low
230.0,0.1086365402045837,0.0,23.0,0,0.019246448,Low
230.0,0.0491782287789128,4.70561408996582,82.0,0,0.0002534933,Low
500.0,0.1477795197914281,0.9274099469184875,82.0,0,0.0016948985,Low
230.0,0.1413773292058619,5.978628158569336,71.0,0,0.0002842441,Low
230.0,0.2869648495368639,4.795172214508057,82.0,0,0.00026276015,Low
230.0,0.0705138095972843,3.8868234157562256,82.0,0,0.0002534933,Low
115.0,0.4502427861807222,1.1805168105749946,52.0,0,0.0017970924,Low
230.0,0.1164905771362638,15.578494588726706,52.0,0,0.00064793346,Low
115.0,0.5821940194992068,3.6492161750793457,22.0,0,0.0011877958,Low
115.0,0.5351974609524838,5.810418128967285,52.0,0,0.0018613179,Low
115.0,0.1201872263324777,2.3701202869415283,24.0,0,0.0013811482,Low
115.0,0.0910651446227791,3.0072951316833496,23.0,0,0.0032215042,Low
230.0,0.0703312084057176,21.27617033789323,71.0,0,0.000598842,Low
230.0,0.4998624530753375,13.838774405461312,52.0,0,0.001001407,Low
230.0,0.4291756585935585,5.997581254915078,71.0,0,0.001844136,Low
115.0,0.0910047343503419,9.195145327246015,22.0,0,0.043465786,Low
230.0,0.0221574177316522,3.034702777862549,23.0,0,0.0018748199,Low
230.0,0.0407472350263989,1.2025039196014404,23.0,0,0.0024937205,Low
230.0,0.0213756730560279,1.854334168853263,31.0,0,0.00031698917,Low
60.0,0.7107782584342793,2.449842691421509,22.0,0,0.00041802428,Low
230.0,0.2066391359593392,1.48858380317688,52.0,0,0.00034499838,Low
115.0,0.0395368169289329,0.9274099469184875,31.0,0,0.00028328368,Low
115.0,0.2110488409526159,3.616974115371704,71.0,0,0.0020796896,Low
115.0,0.1071198826647453,2.179330436274012,82.0,0,0.00016560918,Low
230.0,0.1609762885978423,6.017240524291992,71.0,0,0.0010248843,Low
60.0,0.7091380363015704,1.5362130403518677,22.0,0,0.00026852815,Low
60.0,0.6861686421731978,3.704791833718337,81.0,0,0.00030703095,Low
115.0,0.3002819434654741,1.533669114112854,52.0,0,0.00046875907,Low
115.0,0.3761969305709626,1.854334115982056,52.0,0,0.0014711035,Low
230.0,0.0492823348204149,12.510174792627568,23.0,0,0.0012615109,Low
60.0,0.2521020615774286,9.498662414715533,22.0,0,0.008635981,Low
60.0,0.0554257994969457,12.400680314575183,23.0,0,0.000969322,Low
60.0,0.2285293033542204,4.084410667419434,42.0,0,0.00021007749,Low
60.0,0.1422029438953281,2.7802884578704834,52.0,0,0.00065615895,Low
115.0,0.0243256335886288,8.555039405822754,42.0,0,0.0003714651,Low
230.0,0.047539816826635,1.518397331237793,21.0,0,0.00021057243,Low
60.0,0.0961064399801269,4.586287471275089,24.0,0,0.00030530905,Low
115.0,0.0778490794126482,4.627367496490479,23.0,0,0.0010619487,Low
115.0,0.3229398663697104,36.63332748413086,21.0,0,0.010259607,Low
230.0,-0.5345268542199488,6.674257278442383,11.0,0,0.003134976,Low
60.0,0.3130586955493545,2.577843833894218,21.0,0,0.000986825,Low
230.0,0.0855943483157571,9.520283917099707,31.0,0,0.0009158707,Low
115.0,0.4665658206345861,32.417026635445794,52.0,0,0.0020375738,Low
115.0,0.2339530332681017,32.417026635445794,52.0,0,0.0010665405,Low
230.0,0.8795683954054995,30.347283350799728,52.0,0,0.00051748205,Low
230.0,0.8061877168006736,30.347283350799728,52.0,0,0.00051748205,Low
60.0,0.6014597347422316,15.790011779623695,42.0,0,0.0009958711,Low
115.0,0.387986399697771,28.26090231506366,71.0,0,0.0019219788,Low
60.0,0.3643392982355032,9.195145327246015,52.0,0,0.004005415,Low
60.0,0.484201537147737,2.5704469320389065,52.0,0,0.0041337796,Low
230.0,0.2648544402608137,3.711623191833496,71.0,0,0.0005872586,Low
230.0,0.3305434944906945,1.1995481252670288,71.0,0,0.00076801586,Low
60.0,0.2957283680175246,1.1951920953612734,22.0,0,0.0005265004,Low
60.0,0.1432578395069322,1.854334115982056,23.0,0,0.0019091234,Low
60.0,0.4433002374537088,2.5710599837549646,22.0,0,0.0018936367,Low
60.0,0.7925172769878466,0.0,82.0,0,0.00033522293,Low
60.0,0.0545552463872183,3.716883897781372,23.0,0,0.00044245058,Low
230.0,0.0139322148216844,2.573500394821167,24.0,0,0.0007755318,Low
60.0,0.3916783543712015,1.511832356452942,82.0,0,0.0013072174,Low
60.0,0.618039197749674,0.9274099469184875,82.0,0,0.0006207861,Low
60.0,0.0488761249413537,1.511817455291748,23.0,0,0.00041053278,Low
60.0,0.1677706456971893,0.0,23.0,0,0.0011939621,Low
60.0,0.483765416561792,3.0270233154296875,42.0,0,0.011421585,Low
60.0,0.2519832684263666,9.538167953491213,52.0,0,0.0008209074,Low
60.0,0.1936034759822394,6.593452453613281,31.0,0,0.0011108493,Low
60.0,0.2071772827927575,3.7036890983581534,71.0,0,0.00032866292,Low
60.0,0.4062658029715607,30.49962043762207,52.0,0,0.0009142608,Low
60.0,0.1856526769748606,9.84819793701172,71.0,0,0.00074450026,Low
60.0,0.5058254437312956,9.578596115112305,52.0,0,0.0026749352,Low
60.0,0.7916129354725845,13.674522721332243,42.0,0,0.0005810695,Low
115.0,0.1347117352339284,16.611330032348633,23.0,0,0.04366962,Low
115.0,0.5903514244125598,10.15068531036377,42.0,0,0.0028194778,Low
230.0,0.0598575700678647,17.990389136426174,24.0,0,0.00078512856,Low
60.0,0.1412237330037082,10.886292716586253,52.0,0,0.0007470314,Low
115.0,0.6238185255198487,3.6898604548989615,90.0,0,0.0010204051,Low
115.0,0.0287615661607183,2.379798173904419,52.0,0,0.0013351128,Low
230.0,0.7818986472324793,15.22023868560791,43.0,0,0.00061309076,Low
115.0,0.0974849476746304,16.47503662109375,52.0,0,0.001651048,Low
60.0,0.601806305943069,2.3719052878543656,82.0,0,0.00090392726,Low
60.0,0.2032184856612338,7.08105993270874,23.0,0,0.0027526596,Low
60.0,0.2304256155522995,3.0237460136413574,22.0,0,0.0049326066,Low
60.0,0.1414648817543705,1.508785367012024,21.0,0,0.0011472999,Low
60.0,0.1169328668893356,0.0,21.0,0,0.00078748656,Low
60.0,0.3301656495204882,5.102145045976834,71.0,0,0.00032327004,Low
115.0,0.410126096140306,0.9274099469184875,22.0,0,0.0010869555,Low
115.0,0.0346646826067841,2.543928623199463,24.0,0,0.0005450454,Low
230.0,0.3897878762471702,0.9274099469184875,22.0,0,0.00189315,Low
115.0,0.0678023091148678,1.5076931904352164,22.0,0,0.00021161683,Low
60.0,0.3529752822703693,1.5065588451343723,23.0,0,0.00036130147,Low
230.0,0.2251869112739193,37.984954782545785,42.0,0,0.0009149489,Low
115.0,0.1350865460139999,3.0200512409210205,24.0,0,0.002869529,Low
115.0,0.7017641971149005,2.196481227874756,22.0,0,0.0004112853,Low
115.0,0.361038961038961,9.389058113098145,71.0,0,0.00092197285,Low
60.0,0.0858416203811487,1.4994179010391235,23.0,0,0.0010186946,Low
60.0,0.3563076923076923,5.9440507888793945,23.0,0,0.0003100605,Low
230.0,0.0609146654420703,20.177967071533203,23.0,0,0.0009951583,Low
60.0,0.2131923318363996,1.498767971992493,24.0,0,0.001031419,Low
60.0,0.0494037478705281,3.648505449295044,24.0,0,0.00034298497,Low
60.0,0.3973376361436063,0.0,22.0,0,0.00031051756,Low
60.0,0.0453194650817236,4.7906174659729,23.0,0,0.00044245058,Low
60.0,0.0594040614917441,1.4984278678894043,22.0,0,0.0003226093,Low
60.0,0.2814400627820286,3.886382341384888,22.0,0,0.0003250876,Low
60.0,0.4140707035351768,1.4985049962997437,23.0,0,0.0011159702,Low
60.0,0.1125252211702623,6.873147010803223,23.0,0,0.0028796075,Low
115.0,0.0976643670517829,10.632554054260254,23.0,0,0.020505216,Low
115.0,0.0571184995737425,9.37156581878662,24.0,0,0.0013586249,Low
115.0,0.1047960308710033,3.018503189086914,23.0,0,0.0032215042,Low
230.0,0.0305088857888033,3.982959985733032,23.0,0,0.005062988,Low
230.0,0.0265324794144556,3.0184946060180664,23.0,0,0.0018748199,Low
60.0,0.0302233902759526,2.1959049701690674,24.0,0,0.00083127146,Low
60.0,0.0655012088525199,1.4983333349227903,23.0,0,0.00041053278,Low
60.0,0.4927342465753424,3.648257255554199,22.0,0,0.0005492954,Low
60.0,0.3075229832966463,1.503316879272461,82.0,0,0.00038590925,Low
60.0,0.2444028262535115,0.9274099469184875,71.0,0,0.0024645494,Low
60.0,0.2332855467222729,2.540977954864502,71.0,0,0.00059310044,Low
60.0,0.3101675747918166,0.0,21.0,0,0.00037146706,Low
230.0,0.3538205980066445,1.5033133029937744,95.0,0,0.00023536147,Low
230.0,0.4964355152300713,3.0045952796936035,82.0,0,0.0035364456,Low
115.0,0.1098724407760746,3.0209193229675293,21.0,0,0.009837879,Low
60.0,0.2895992366412214,2.3656105995178223,71.0,0,0.00070784974,Low
60.0,0.2531805543853737,1.50326669216156,71.0,0,0.00042441423,Low
60.0,0.1451796624210417,1.5033347606658936,21.0,0,0.0011472999,Low
60.0,0.2653259811871554,2.535371780395508,52.0,0,0.0009768431,Low
60.0,0.292894280762565,2.359816074371338,21.0,0,0.0007864079,Low
60.0,0.2856321839080459,1.5012545585632324,21.0,0,0.00031392218,Low
60.0,0.014972731779871,1.5012439489364624,71.0,0,0.0005738944,Low
60.0,0.285425439166002,0.9274099469184875,21.0,0,0.00037146706,Low
230.0,0.1924539198228981,3.651689291000366,71.0,0,0.000330019,Low
230.0,0.2646991535117822,10.292866706848145,82.0,0,0.0008256048,Low
60.0,0.0282433883301562,3.640265941619873,24.0,0,0.0018087812,Low
230.0,0.0464408611324403,5.809228897094727,24.0,0,0.0010554031,Low
230.0,0.0493336287210102,2.994745969772339,24.0,0,0.0010489164,Low
60.0,0.1689201463680481,11.290217399597168,24.0,0,0.00093023636,Low
60.0,0.0540412077124966,0.9274099469184875,24.0,0,0.00037764208,Low
60.0,0.0454025181228538,0.0,23.0,0,0.0004488653,Low
60.0,0.2753570014772474,0.9274099469184875,23.0,0,0.00042752808,Low
60.0,0.4016322959252946,2.531955003738404,23.0,0,0.001209262,Low
60.0,0.6429298067141404,5.46052360534668,95.0,0,0.0005065833,Low
115.0,0.4413348259502105,7.2596435546875,11.0,0,0.0154352235,Low
60.0,0.8623704920639127,17.313478469848633,42.0,0,0.0005624938,Low
60.0,0.8268622414492363,20.27608871459961,42.0,0,0.0005624938,Low
230.0,0.3158373126112171,14.674074587443348,52.0,0,0.00058078713,Low
115.0,0.8156854561524108,20.261199951171875,42.0,0,0.00073516776,Low
115.0,0.8186163367853424,21.85566711425781,42.0,0,0.00073516776,Low
60.0,0.1267756731633726,2.351624250411988,22.0,0,0.0012459785,Low
60.0,0.2938271604938272,8.231386184692383,23.0,0,0.00035172905,Low
115.0,0.0439509124530698,5.969563961029053,24.0,0,0.0007245084,Low
115.0,0.1238852476630493,1.4975014925003052,24.0,0,0.0015636502,Low
60.0,0.4086979189294868,3.5241665840148926,23.0,0,0.001978339,Low
60.0,0.22659064606613,3.642953395843506,23.0,0,0.0005448792,Low
60.0,0.2264169857850311,3.704791784286499,24.0,0,0.00029893414,Low
60.0,0.239325271473698,2.350283622741699,24.0,0,0.0009496784,Low
60.0,0.0908756393430559,1.4970831871032717,23.0,0,0.0010186946,Low
60.0,0.2443911628703545,2.7802884578704834,24.0,0,0.0066959867,Low
60.0,0.2910629751829006,2.52571702003479,23.0,0,0.0010779174,Low
60.0,0.0676707782188018,2.194977045059204,23.0,0,0.00031958148,Low
60.0,0.1502373842617456,2.9917359352111816,23.0,0,0.0045579956,Low
60.0,0.5746966381539687,5.855342864990234,21.0,0,0.0015146241,Low
60.0,0.3591381602580483,6.574296474456787,23.0,0,0.0013258695,Low
60.0,0.3338830103980578,8.039118766784668,23.0,0,0.00035172905,Low
60.0,0.1359379059888453,0.9274099469184875,24.0,0,0.00088127184,Low
60.0,0.3807527329415068,4.68989896774292,23.0,0,0.000486115,Low
60.0,0.1160503641871027,1.4966726303100586,24.0,0,0.0011830493,Low
60.0,0.650194202482735,2.990861654281616,23.0,0,0.004204625,Low
60.0,0.0677587490692479,0.9274099469184875,24.0,0,0.00037764208,Low
60.0,0.222739981360671,1.1741701364517212,23.0,0,0.0023349905,Low
60.0,0.0245445993329342,0.0,23.0,0,0.0005240993,Low
60.0,0.0187932739861523,3.635932683944702,24.0,0,0.00061378686,Low
60.0,-0.4171656686626746,3.885354995727539,11.0,0,0.00030899904,Low
60.0,0.2541296060991105,3.974839210510254,23.0,0,0.0006055145,Low
60.0,0.2484993997599039,3.5172665119171143,23.0,0,0.002949055,Low
60.0,0.0479908151549942,2.1940858364105225,24.0,0,0.0002477305,Low
60.0,0.1582635186595582,14.11598014831543,22.0,0,0.0031803774,Low
115.0,0.2686001483068303,2.993384838104248,23.0,0,0.007305665,Low
60.0,0.446611442785027,0.9274099469184875,23.0,0,0.0009117967,Low
60.0,0.4352263496049036,2.992639541625977,22.0,0,0.010624225,Low
60.0,0.0862514247401945,3.522095203399658,24.0,0,0.0009895401,Low
60.0,0.5874910688681401,3.885740756988525,22.0,0,0.00048913853,Low
60.0,0.0002184564491465,3.885867595672608,23.0,0,0.00045605825,Low
60.0,0.5844503413395024,3.6420419216156006,21.0,0,0.0015146241,Low
60.0,-0.024229733772061,0.0,24.0,0,0.0007654918,Low
60.0,0.0858143607705779,3.632352828979492,24.0,0,0.00030530905,Low
60.0,0.2450048496605237,7.426262378692627,24.0,0,0.0004535176,Low
115.0,0.0987844877484082,4.627367496490479,23.0,0,0.0010619487,Low
115.0,0.4087117701575533,2.1924829483032227,21.0,0,0.00084251066,Low
115.0,0.413727959697733,2.1924829483032227,22.0,0,0.000818745,Low
115.0,0.7792256142963514,1.4932911396026611,21.0,0,0.0013804296,Low
60.0,0.2178571428571428,1.4924399852752686,23.0,0,0.0015412685,Low
115.0,0.1592294562301877,2.7802884578704834,23.0,0,0.0019450735,Low
230.0,0.5293455840990062,13.55788230895996,22.0,0,0.003873799,Low
115.0,0.0734063103670315,2.5141096115112305,24.0,0,0.0039550504,Low
115.0,0.3207453416149068,4.467771530151367,23.0,0,0.00079146476,Low
60.0,0.1667440780306549,6.462671756744385,23.0,0,0.0030564114,Low
60.0,0.2535847574150461,2.9873263835906982,24.0,0,0.0038581057,Low
60.0,0.0622448979591836,3.633512020111084,24.0,0,0.00034298497,Low
60.0,0.2973374613003096,3.0163514614105225,23.0,0,0.002994474,Low
60.0,0.1320957761635727,1.4945411682128906,24.0,0,0.0011830493,Low
60.0,0.1602847796805849,1.4946238994598389,23.0,0,0.006989252,Low
60.0,0.3863636363636363,0.9274099469184875,23.0,0,0.000395147,Low
60.0,0.6473273730264409,0.9274099469184875,23.0,0,0.0006037741,Low
60.0,0.2438997214484679,3.6339406967163086,23.0,0,0.004025266,Low
60.0,0.3264874660223497,0.9274099469184875,23.0,0,0.00042752808,Low
60.0,0.130486712451478,14.996878623962402,23.0,0,0.0016987894,Low
60.0,0.2233169129720854,0.9274099469184875,23.0,0,0.0014909599,Low
60.0,0.1894178596609546,2.519439458847046,23.0,0,0.0021601738,Low
60.0,0.3976587442355445,1.1710387468338013,23.0,0,0.00061922404,Low
60.0,0.5671319614332998,3.0162224769592285,23.0,0,0.004204625,Low
115.0,0.1745562130177514,2.984262466430664,24.0,0,0.00371759,Low
230.0,0.0372845634419933,1.173362374305725,24.0,0,0.0005433912,Low
230.0,0.4479215319943951,11.090349197387695,21.0,0,0.044459388,Low
230.0,0.2466132556445739,9.350229263305664,52.0,0,0.0018203452,Low
230.0,0.1904406273338312,12.703354835510254,71.0,0,0.000628203,Low
60.0,0.2067855814480003,9.35290241241455,52.0,0,0.0012444248,Low
60.0,0.2724756585775713,2.1944468021392822,82.0,0,0.0002229227,Low
230.0,0.2475098278002784,8.157590866088867,71.0,0,0.0019997766,Low
60.0,0.2040568845772241,6.908438682556152,71.0,0,0.0014053293,Low
230.0,0.1996712709801814,3.8850927352905273,71.0,0,0.000330019,Low
60.0,0.2716595898455145,2.7802884578704834,21.0,0,0.0016837944,Low
60.0,0.1727539635936582,11.549715042114258,24.0,0,0.00077862863,Low
60.0,0.3775280416925815,19.496686935424805,52.0,0,0.0009142608,Low
115.0,0.3117080587937151,0.9274099469184875,22.0,0,0.0010536872,Low
115.0,0.3175869773380146,0.9274099469184875,24.0,0,0.0006363749,Low
60.0,0.4419639038576682,2.193692684173584,71.0,0,0.0018212821,Low
115.0,0.0518153547918097,1.4942108492192154,23.0,0,0.00026929885,Low
230.0,0.1402113805176532,10.35334014892578,71.0,0,0.000543941,Low
115.0,0.3753310104529616,6.125778198242188,71.0,0,0.0033288652,Low
115.0,0.102319236016371,13.168010711669922,24.0,0,0.0018286243,Low
60.0,0.0166966850021905,4.785471439361572,24.0,0,0.00061378686,Low
60.0,0.1012012506170808,2.351659774780273,24.0,0,0.00062994706,Low
115.0,0.2668385433451498,2.526805639266968,23.0,0,0.0026371113,Low
60.0,0.1262703420790434,3.88595986366272,24.0,0,0.0003260063,Low
60.0,0.1309041835357624,5.969287872314453,21.0,0,0.00038149644,Low
115.0,0.1100583090379008,4.773097038269043,24.0,0,0.00073837716,Low
60.0,0.1386228591401608,4.781556606292725,24.0,0,0.0003260063,Low
60.0,0.057660626029654,1.854334115982056,24.0,0,0.00029750628,Low
60.0,0.1090221722693369,1.4957774877548218,24.0,0,0.0035492242,Low
60.0,0.0909739564752051,1.4957947731018066,23.0,0,0.0010186946,Low
115.0,0.000860756141164,3.969984769821167,24.0,0,0.001203752,Low
115.0,0.5307256792740622,1.4945963621139526,82.0,0,0.0020299493,Low
115.0,0.22962143574267,3.632838010787964,24.0,0,0.00081078784,Low
115.0,0.1870395562072682,1.8543341688295631,82.0,0,0.00055915077,Low
115.0,0.1981635886406947,4.383039495267641,52.0,0,0.0004276021,Low
115.0,0.1139710495580858,9.494565552816026,22.0,0,0.053918637,Low
60.0,0.8015020219526285,14.97866916656494,43.0,0,0.0005810695,Low
60.0,0.1618659189395871,1.4917110204696655,23.0,0,0.006989252,Low
60.0,0.1149221004039238,1.1686277389526367,23.0,0,0.0019022097,Low
60.0,0.4380860006466214,0.927409936849242,23.0,0,0.0010878682,Low
115.0,0.4114149821640904,0.0,23.0,0,0.0013829053,Low
115.0,0.0141110065851364,1.4905948638916016,23.0,0,0.00029200912,Low
60.0,0.4471035940803383,10.660861015319824,23.0,0,0.008730074,Low
60.0,0.2034218334553581,3.883632183074951,22.0,0,0.000675649,Low
60.0,0.1953900709219858,0.9274099469184875,23.0,0,0.0011939621,Low
230.0,0.2054227465590396,1.491714358329773,24.0,0,0.00033507243,Low
115.0,0.1635192179515663,4.751334190368652,23.0,0,0.002097445,Low
115.0,0.1740620332132502,1.1678296327590942,24.0,0,0.0013246079,Low
115.0,0.0731420409192119,0.9274099469184875,23.0,0,0.0071993074,Low
115.0,0.4651598141856756,3.619661569595337,81.0,0,0.002209197,Low
60.0,0.0410958904109589,1.4903345108032229,24.0,0,0.00031824035,Low
60.0,0.0763636363636363,2.509742021560669,24.0,0,0.0007905211,Low
60.0,0.1160756131854397,0.9274099469184875,23.0,0,0.0014019501,Low
115.0,0.0374408650596981,4.650200008630167,24.0,0,0.0007245084,Low
60.0,0.2235507198824039,3.621490860112256,82.0,0,0.0004304935,Low
230.0,0.1612811387900356,22.33672523498535,71.0,0,0.0016459799,Low
230.0,0.1788671310290445,3.4816402174099683,71.0,0,0.0005488236,Low
60.0,0.2453263072982415,2.1904308442251783,71.0,0,0.00029158627,Low
60.0,0.2467471697795052,2.974298198062757,21.0,0,0.007447759,Low
60.0,0.1498718073540389,2.1883247280957296,21.0,0,0.0003151697,Low
115.0,0.1775432461125335,29.089048502813213,52.0,0,0.0013334462,Low
60.0,0.3213225765999247,3.599097490310669,22.0,0,0.0003250876,Low
60.0,0.2475707283515349,1.48555326461792,23.0,0,0.0007055481,Low
60.0,0.1796587802808935,1.854334115982056,23.0,0,0.001113506,Low
60.0,0.0983381232037985,2.4987616539001465,23.0,0,0.0013648304,Low
60.0,0.3244817144188213,0.0,23.0,0,0.00042752808,Low
60.0,0.1791035471604014,2.498565435409546,23.0,0,0.0021601738,Low
115.0,0.0650085022537719,7.843118190765381,23.0,0,0.0027808193,Low
60.0,0.8495097286507117,12.664602279663086,21.0,0,0.0015375621,Low
60.0,0.6839597220252446,1.4856458902359009,22.0,0,0.00026852815,Low
60.0,0.0792400920238123,1.4854639768600464,24.0,0,0.00058995,Low
60.0,0.0146012729314863,3.881482124328613,24.0,0,0.00061378686,Low
60.0,0.581570773554208,5.398279666900635,23.0,0,0.00046653175,Low
60.0,0.2374055254280712,3.4707510471343994,23.0,0,0.0021558602,Low
115.0,0.1271890933274218,0.9274099469184875,22.0,0,0.0028457795,Low
115.0,0.1437191659869656,2.185565710067749,22.0,0,0.0005431737,Low
60.0,0.7135453005083225,0.0,95.0,0,0.00033522293,Low
60.0,0.4243871123059021,4.974329948425293,82.0,0,0.002267445,Low
115.0,0.213748013952554,15.373217582702637,22.0,0,0.08131354,Low
60.0,0.468215994531784,6.045210838317871,23.0,0,0.00060799305,Low
60.0,0.3274905054046158,2.960859775543213,23.0,0,0.002994474,Low
60.0,0.362763915547025,3.5833537578582764,21.0,0,0.0003250876,Low
60.0,0.4848,5.062659740447998,22.0,0,0.0005492954,Low
60.0,0.2266089778258518,2.4956986435474926,82.0,0,0.00050756836,Low
115.0,0.0181661336298975,0.9274099469184875,23.0,0,0.0008151477,Low
500.0,0.1006717130387343,1.1568562984466553,23.0,0,0.0054743476,Low
60.0,-0.0619333165147604,0.0,23.0,0,0.0005240993,Low
60.0,0.026525375922747,1.854334115982056,24.0,0,0.0006031038,Low
115.0,0.0735244703168563,1.159072219508383,24.0,0,0.0022416082,Low
115.0,0.2914817778424384,5.374784617014751,82.0,0,0.0005233138,Low
60.0,0.0321858382311783,1.1553962230682373,24.0,0,0.0003700033,Low
60.0,0.0616597294100881,0.9274099469184875,24.0,0,0.00037764208,Low
115.0,0.071136673225367,2.186500072479248,82.0,0,0.000106829684,Low
115.0,0.2983166687761042,2.4926912784576416,82.0,0,0.0027785378,Low
60.0,0.0929845757104326,1.1566975116729736,82.0,0,0.0005551978,Low
60.0,0.1496482692367287,2.9632108211517334,23.0,0,0.0045579956,Low
60.0,0.085977781111576,2.1849750208086074,23.0,0,0.00044435833,Low
115.0,0.0810895184578162,2.307538747787476,23.0,0,0.0015330316,Low
60.0,0.2993289456704091,0.9274099368611016,21.0,0,0.00037146706,Low
230.0,0.4291053142985275,32.87656021118164,52.0,0,0.000878506,Low
60.0,0.0811904424707144,1.480858325958252,23.0,0,0.0010186946,Low
60.0,0.103635600768489,1.4770193099975586,23.0,0,0.000903923,Low
60.0,0.0451866404715127,1.476473331451416,22.0,0,0.00028623996,Low
60.0,0.0279212569983746,0.0,24.0,0,0.0012477172,Low
60.0,0.2830490405117271,3.008323907852173,22.0,0,0.003461936,Low
60.0,0.4041105945681428,2.480119466781616,21.0,0,0.018316481,Low
60.0,0.0871138996138996,1.1507545709609983,24.0,0,0.00062410644,Low
60.0,0.0508241082410824,2.181736469268799,24.0,0,0.0002477305,Low
60.0,0.0549388189395283,0.0,23.0,0,0.0004488653,Low
70.0,0.0835744069588811,3.540121078491211,82.0,0,0.00052259053,Low
115.0,0.0627908140291188,2.1762783527374268,82.0,0,0.000106829684,Low
115.0,0.5532918575237574,2.1759462356567383,82.0,0,0.0007906947,Low
115.0,0.1325071496663489,0.9274099469184875,82.0,0,0.001020583,Low
115.0,0.139419722915338,2.461211681365967,23.0,0,0.0018267723,Low
115.0,0.0541054105410541,2.461226407080776,23.0,0,0.0006354437,Low
60.0,0.1724061326561781,2.2803688049316406,22.0,0,0.0014259462,Low
115.0,0.0623035681271954,0.9274099368729608,21.0,0,0.00038181755,Low
70.0,0.1153881743314518,5.027445793151856,21.0,0,0.0006619456,Low
70.0,0.1406334993095945,3.589312791824341,22.0,0,0.0010241244,Low
70.0,0.1147373788883222,3.704791784286499,21.0,0,0.0006619456,Low
70.0,0.2452830188679245,7.147383689880371,71.0,0,0.012126194,Low
115.0,0.0452865536915609,1.1350297927856443,71.0,0,0.0002775529,Low
115.0,0.1895000569411228,0.0,71.0,0,0.000870525,Low
115.0,0.032326556611285,0.9274099469184875,24.0,0,0.00031845432,Low
115.0,0.1529376237291547,7.152617454528809,21.0,0,0.01656711,Low
115.0,0.0047863729147603,3.874690294265747,71.0,0,0.000493063,Low
115.0,0.076463560334528,5.547544956207275,23.0,0,0.0010619487,Low
115.0,0.0585936021388627,4.763920783996582,22.0,0,0.0007506687,Low
70.0,0.1972180647915454,9.113359451293944,52.0,0,0.0012638194,Low
70.0,0.2666596261484845,7.016199111938477,71.0,0,0.0029666359,Low
70.0,0.1946257063382376,5.14830207824707,71.0,0,0.0005721448,Low
70.0,0.2686725885149505,3.520242214202881,82.0,0,0.0010307,Low
70.0,0.4029788563691282,1.854334115982056,82.0,0,0.0014711035,Low
70.0,0.0254749424059296,1.854334115982056,24.0,0,0.00047961215,Low
115.0,0.087307993195167,6.2959885597229,21.0,0,0.015323022,Low
70.0,0.1749313270157865,2.4513919353485107,71.0,0,0.00080005423,Low
70.0,0.0998006086682757,2.269557237625122,21.0,0,0.0008206297,Low
70.0,0.1810939880763684,2.1750733852386475,71.0,0,0.00042790506,Low
70.0,0.0868608170535675,2.9301505088806152,23.0,0,0.0032215042,Low
115.0,0.1459074733096085,1.463186524374586,52.0,0,0.00053108425,Low
60.0,0.4363334365586555,6.275658904809558,82.0,0,0.008488955,Low
115.0,0.2342289631996639,1.4595327962172815,23.0,0,0.0050528953,Low
60.0,-0.020545404671496,1.5374983549118042,24.0,0,0.00064512214,Low
230.0,0.217393249787803,11.883977890014648,71.0,0,0.0010839119,Low
115.0,0.2011616693454525,1.854334115982056,23.0,0,0.0013639085,Low
115.0,0.6246799526417394,5.318567276000977,22.0,0,0.0011877958,Low
115.0,0.677276561741282,3.532264471054077,22.0,0,0.0023140449,Low
230.0,0.2042172319115601,5.661543846130371,21.0,0,0.0011012539,Low
115.0,0.1120361455183691,0.9274099469184875,22.0,0,0.0028457795,Low
115.0,0.0400600238329925,3.0032663345336914,22.0,0,0.0017590106,Low
115.0,0.0686339723045292,3.0032663345336914,52.0,0,0.00067373284,Low
115.0,0.2224988416018094,7.294281482696533,23.0,0,0.008475452,Low
115.0,0.0696387408615231,0.9274099469184875,23.0,0,0.0007517826,Low
115.0,0.0696387408615231,8.369269371032715,23.0,0,0.0027808193,Low
115.0,0.0553186056597279,5.847886562347412,22.0,0,0.0007506687,Low
115.0,0.56766650479997,1.854334115982056,22.0,0,0.00060445414,Low
60.0,0.2537200979468826,0.9274099469184875,23.0,0,0.0006824996,Low
60.0,0.2799490770210057,3.983951330184937,21.0,0,0.0003250876,Low
60.0,0.0730967386229037,2.1801367740660087,24.0,0,0.0010379609,Low
230.0,0.2849423312013889,10.031803131103516,82.0,0,0.00048322868,Low
230.0,0.2849719393057576,5.670187950134277,71.0,0,0.00034368984,Low
60.0,0.2315621112493336,3.0066425584000385,82.0,0,0.001411467,Low
60.0,0.357843834447447,5.193009376525879,71.0,0,0.00032327004,Low
60.0,0.0872030627417157,1.497069239616394,23.0,0,0.0010186946,Low
60.0,0.1437799136153157,0.9274099368729608,82.0,0,0.0007839914,Low
60.0,0.0757291945410756,3.634431838989258,23.0,0,0.0005273007,Low
115.0,0.0964534305601591,0.0,24.0,0,0.00082897954,Low
60.0,0.121584448927196,3.599794387817383,23.0,0,0.0005630393,Low
230.0,0.129448580341037,1.4889664372529046,71.0,0,0.00058345083,Low
60.0,0.1408801119577049,10.374351501464844,23.0,0,0.0020134116,Low
70.0,0.4186975418345621,21.47067467580719,21.0,0,0.023976615,Low
70.0,0.1825439815359978,4.347834248310866,82.0,0,0.00050372625,Low
115.0,0.4492025658662998,10.162265435013047,41.0,0,0.0030653558,Low
60.0,0.3191374844417532,10.096575736999512,71.0,0,0.00081979076,Low
115.0,0.4574401616445725,22.1325836837004,42.0,0,0.0020375738,Low
115.0,0.5121114141724319,16.477498103101816,42.0,0,0.002839905,Low
60.0,0.2366713388361107,12.977774620056152,71.0,0,0.00062422303,Low
60.0,0.3636750761535484,6.164763450622559,21.0,0,0.0024429266,Low
60.0,0.5357049623846026,33.398651123046875,71.0,0,0.0011803843,Low
60.0,0.0935332708528584,5.669351100921631,24.0,0,0.00030530905,Low
60.0,0.1652960992706691,2.5278220176696777,23.0,0,0.0051071276,Low
60.0,0.4203686914475672,0.9274099469184875,24.0,0,0.001072219,Low
60.0,0.3037084242260839,6.55985179416343,71.0,0,0.0013822957,Low
60.0,0.6430564580864645,1.4788002967834473,82.0,0,0.0009010848,Low
60.0,0.202928870292887,3.018065452575684,24.0,0,0.003047396,Low
230.0,0.1639894021084616,22.084592819213867,71.0,0,0.0005969176,Low
230.0,0.1753290583867701,23.603628158569336,71.0,0,0.0005302391,Low
230.0,0.1836887113036334,11.581328392028809,71.0,0,0.000628203,Low
230.0,-0.254140044334333,0.0,11.0,0,0.001317491,Low
230.0,0.6941358715405578,1.2264217138290403,42.0,0,0.00056978,Low
60.0,0.0795517178026823,1.16679584980011,24.0,0,0.00062410644,Low
60.0,0.3492010873168468,13.089155197143556,81.0,0,0.00045693616,Low
60.0,0.4900814835627986,6.174095627470086,42.0,0,0.0011007405,Low
60.0,0.8652902352343883,4.115757230114745,42.0,0,0.00029054508,Low
230.0,0.531821191358561,8.377123832702637,42.0,0,0.0014678122,Low
230.0,0.5063841242197011,4.786245346069336,42.0,0,0.002570698,Low
60.0,0.2588708644754312,2.22302794456482,81.0,0,0.0002229227,Low
60.0,0.3310459673447232,2.4524710178375244,81.0,0,0.0005412166,Low
60.0,0.2795577948442009,2.620028018951416,52.0,0,0.0008882636,Low
60.0,0.4405528495787316,4.103604773692617,42.0,0,0.0018580324,Low
230.0,0.8557944311979033,4.878378391265869,43.0,0,0.0005650936,Low
230.0,0.4235407621804147,1.5379459857940674,81.0,0,0.001661953,Low
230.0,0.5522473682700858,3.794174489575972,71.0,0,0.0014273871,Low
60.0,0.2986074351095009,8.631409645080566,71.0,0,0.0011406672,Low
115.0,0.6255028546940017,7.476572513580322,52.0,0,0.0009765816,Low
60.0,0.038372738995041,1.2207303047180176,23.0,0,0.00043978656,Low
115.0,0.5079651914549306,9.042938232421877,42.0,0,0.0022843862,Low
115.0,0.77828729136483,33.49086380004883,42.0,0,0.00073516776,Low
60.0,0.46905621065028,3.701222563916199,52.0,0,0.0012772828,Low
60.0,0.5250603055481105,39.073863483908376,52.0,0,0.0011803843,Low
60.0,0.8240144657581996,20.01011507401351,42.0,0,0.0005624938,Low
60.0,0.8575557050298698,6.109857082366943,42.0,0,0.00029054508,Low
60.0,-0.2736598149850384,0.0,11.0,0,0.00029427768,Low
60.0,0.4628315278296601,3.070530414581299,22.0,0,0.0073236004,Low
115.0,0.6672821794835374,12.359254769004869,42.0,0,0.0005522502,Low
115.0,0.8695978284163154,9.225920424238366,42.0,0,0.00068140094,Low
60.0,0.5991295730422154,10.983091354370115,22.0,0,0.009593374,Low
60.0,0.6177938607436986,14.367223739624023,21.0,0,0.0032085595,Low
34.5,0.3576556805656236,1.854334168853263,22.0,0,0.00026542027,Low
115.0,0.4853858784893268,2.461153268814087,82.0,0,0.0021091728,Low
60.0,0.4868915105339049,4.776047229766846,23.0,0,0.0005239095,Low
115.0,0.6166534907829307,3.665729999542236,21.0,0,0.0024265298,Low
230.0,0.1850065488720981,3.642333984375,82.0,0,0.0002905462,Low
115.0,0.0883711786100462,4.627367505860409,22.0,0,0.001113376,Low
115.0,0.4823724595603484,1.195705851620504,81.0,0,0.0015488149,Low
230.0,0.1392007845060064,1.1490629020659204,82.0,0,0.0012782381,Low
60.0,0.2834592828173781,3.74267315864563,52.0,0,0.00025547246,Low
60.0,0.5310851656492621,9.025534382432935,52.0,0,0.0021887848,Low
60.0,0.1024697904479739,4.627367496490479,22.0,0,0.00055285083,Low
60.0,0.0223225699583364,2.58505654335022,24.0,0,0.0015665964,Low
60.0,0.2963669325287469,0.9274099469184875,52.0,0,0.00042752808,Low
60.0,0.2888221164421529,3.89535927772522,52.0,0,0.00025547246,Low
60.0,0.3129697071763889,0.9274099469184875,71.0,0,0.00042752808,Low
60.0,0.3259088230045907,16.50753402709961,52.0,0,0.0005976366,Low
60.0,0.3953070394408388,1.2146981760159317,71.0,0,0.00061031216,Low
60.0,0.2247289405212657,6.464860916137695,52.0,0,0.0016995352,Low
60.0,0.2063696758610848,2.595283688549122,71.0,0,0.0008714408,Low
60.0,0.2763549877022234,10.547346107159685,71.0,0,0.00081979076,Low
115.0,0.6815822780977296,2.219099283218384,71.0,0,0.00013287636,Low
115.0,0.1918383676735347,0.9274099469184875,23.0,0,0.003229513,Low
115.0,0.2394766234851133,4.587737083435059,71.0,0,0.00048611636,Low
115.0,0.6009759568952371,2.219510316848755,21.0,0,0.0008723243,Low
115.0,0.1087194608256108,4.433632373809815,22.0,0,0.003566406,Low
115.0,0.5649667791758141,3.776754856109619,52.0,0,0.0027732172,Low
115.0,0.7684576848682029,3.7744452953338623,52.0,0,0.00032732365,Low
115.0,0.5622670927260284,3.704791784286499,71.0,0,0.0037077093,Low
115.0,0.2604870697600636,1.854334115982056,21.0,0,0.0008027018,Low
115.0,0.5565907748835378,3.6954967975616455,31.0,0,0.0018613179,Low
115.0,0.0820482018400204,2.21947979927063,24.0,0,0.00047348588,Low
115.0,0.4373392564881926,4.591102600097656,22.0,0,0.0019658706,Low
115.0,0.4809909315173205,1.854334115982056,23.0,0,0.0010008734,Low
115.0,0.2433689954764127,2.21982479095459,23.0,0,0.0066830977,Low
115.0,0.1244713209775121,3.035861015319824,23.0,0,0.0037935511,Low
115.0,0.2841872734044367,1.221125602722168,23.0,0,0.002099677,Low
115.0,0.0615286975727477,2.2197635173797607,24.0,0,0.0003054654,Low
115.0,0.6650333832202336,5.889307498931885,21.0,0,0.0022915343,Low
115.0,0.4369467039874545,4.101085186004639,52.0,0,0.0027427673,Low
115.0,0.3885995474300492,12.138019561767578,21.0,0,0.016820166,Low
115.0,0.5002850552783668,7.347118377685547,71.0,0,0.003922138,Low
115.0,0.4728519660986492,5.678505420684815,21.0,0,0.003273801,Low
115.0,0.1086038397783943,9.845941543579102,23.0,0,0.23343219,Low
115.0,0.1309854421311447,2.6081223487854004,22.0,0,0.0012825289,Low
115.0,0.2774510980439217,2.6086690425872803,23.0,0,0.0013517039,Low
115.0,0.2774510980439217,2.6086690425872803,23.0,0,0.0013517039,Low
66.0,0.243843490757071,4.832130432128906,95.0,0,0.040721394,Low
66.0,0.3260658994270329,2.1649415493011475,23.0,0,0.035354443,Low
66.0,0.116938700075871,0.0,23.0,0,0.014250009,Low
66.0,0.07508067407673,2.1647591590881348,23.0,0,0.119382404,Low
66.0,0.0746570397111913,2.1652281284332275,23.0,0,0.0785934,Low
66.0,0.1609277850540298,3.565585136413574,23.0,0,0.8580307,High
66.0,0.0668211105480344,1.854334115982056,22.0,0,0.009233824,Low
66.0,0.5237499130676682,3.869076728820801,22.0,0,0.033577565,Low
66.0,0.0714285714285714,3.828652858734131,23.0,0,0.004294249,Low
66.0,0.4390285326086957,2.420038938522339,23.0,0,0.53272885,Medium
66.0,0.0864100439563525,1.4526323080062866,22.0,0,0.008158575,Low
66.0,0.3496808443405169,3.475872039794922,22.0,0,0.17411067,Low
66.0,0.1066626829997012,1.1176612377166748,23.0,0,0.010359969,Low
66.0,0.0545282328374916,1.1175118684768677,23.0,0,0.0029928074,Low
66.0,0.4063516811279826,3.704791784286499,71.0,0,0.09773661,Low
66.0,0.0675097056601151,4.34855842590332,24.0,0,0.0033317618,Low
66.0,0.1821074643149377,2.4184043407440186,23.0,0,0.20594525,Low
66.0,0.2241789623988576,1.4522336721420288,22.0,0,0.045400646,Low
66.0,0.2007147686660871,1.4522757530212402,23.0,0,0.021050869,Low
66.0,0.4530606689577733,0.9274099469184875,23.0,0,0.0118422685,Low
66.0,0.1144067796610169,2.7802884578704834,23.0,0,0.13384154,Low
66.0,0.0393914287866234,2.420821189880371,24.0,0,0.016339116,Low
220.0,0.1078936078936079,5.662849543044773,52.0,0,0.0014635391,Low
220.0,0.1238705916642378,2.176974320927094,52.0,0,0.0004489096,Low
220.0,0.161569949434144,3.8742802381194448,52.0,0,0.0046334662,Low
115.0,0.1252569181734235,3.610624140508533,52.0,0,0.00032304574,Low
500.0,0.074390834274649,2.8961828446959976,52.0,0,0.0016698644,Low
220.0,0.0591134816994666,27.968591396326023,52.0,0,0.002163104,Low
66.0,0.0655381086105287,2.2321554984423138,52.0,0,0.0018240554,Low
66.0,0.0583125203605168,3.346129721667137,52.0,0,0.01422853,Low
220.0,0.4349707154840039,1.453644037246704,22.0,0,0.123462945,Low
220.0,0.2305365246018329,4.99201774597168,71.0,0,0.0009546398,Low
220.0,0.3273659931193027,5.134775638580322,52.0,0,0.001635976,Low
220.0,0.2103405276769454,2.1649699211120605,71.0,0,0.0015571002,Low
220.0,0.0266350108330414,1.4534237384796145,23.0,0,0.03172712,Low
220.0,0.2756534214958518,20.54122543334961,52.0,0,0.0021837302,Low
115.0,0.2746896923907178,5.794775485992432,52.0,0,0.0005625745,Low
220.0,0.1119368928874111,1.128419151430417,52.0,0,0.0033040484,Low
220.0,0.1880206113672465,2.168180227279663,52.0,0,0.00084037025,Low
220.0,0.1929933343667648,3.8418378829956055,21.0,0,0.040680364,Low
220.0,0.1929933343667648,3.8418378829956055,21.0,0,0.040680364,Low
220.0,0.1828548697208779,12.890816688537598,52.0,0,0.0031888855,Low
115.0,0.1834196891191709,1.140850006109949,52.0,0,0.0013638078,Low
500.0,0.1221315804918128,0.0,21.0,0,0.0033021492,Low
220.0,0.1386929013879227,2.434255838394165,52.0,0,0.0011869504,Low
220.0,0.0674871727187237,2.172429124093329,31.0,0,0.0003457323,Low
220.0,0.0679611650485437,4.521374894449319,31.0,0,0.0017526245,Low
500.0,0.330536689306166,12.320982933044434,71.0,0,0.00058078713,Low
220.0,0.3144814891223884,4.350165843963623,52.0,0,0.001635976,Low
55.0,0.110718250215845,8.69803908490513,71.0,0,0.0011960838,Low
115.0,0.1268814275011918,7.136504417996323,52.0,0,0.0021518972,Low
33.0,0.1327317473338802,4.762678976614119,52.0,0,0.00022370604,Low
220.0,0.60996526994077,29.44699876178368,52.0,0,0.0031468647,Low
500.0,0.0803005862218199,4.37790584564209,52.0,0,0.00042229125,Low
500.0,0.0750880142924701,6.84105110168457,31.0,0,0.002164015,Low
115.0,0.2055912167408601,5.706755144798057,52.0,0,0.0004276021,Low
115.0,0.2564920843501658,10.992984815350752,52.0,0,0.0015580308,Low
220.0,0.1793811926326667,8.644872665405273,71.0,0,0.0062376494,Low
220.0,0.1711472178525304,3.589628934860229,71.0,0,0.0011234896,Low
220.0,0.1995717344753747,2.467547655105591,21.0,0,0.1104878,Low
220.0,0.2634341961356179,3.0057477951049805,82.0,0,0.0056812665,Low
220.0,0.1658495706703695,3.004422187805176,71.0,0,0.003697447,Low
220.0,0.1390775212603714,1.4649043083190918,82.0,0,0.001042902,Low
220.0,0.127580506841994,1.4649043083190918,82.0,0,0.001042902,Low
220.0,0.1427712257456762,2.449391841888428,82.0,0,0.00094923656,Low
220.0,0.2344853092986398,4.337388222361091,71.0,0,0.0009546398,Low
220.0,0.2332974137931034,13.44607162475586,71.0,0,0.0025515398,Low
220.0,0.2188813818090669,11.534454345703123,71.0,0,0.0048185615,Low
220.0,0.2313123249541027,19.015789031982425,71.0,0,0.0021542902,Low
220.0,0.448558940900741,23.035703659057617,52.0,0,0.0037608715,Low
220.0,0.6418034145532902,17.210668563842773,71.0,0,0.0031468647,Low
220.0,0.3351099797144107,16.83076031496135,71.0,0,0.0021837302,Low
220.0,0.3516417298101209,1.854334115982056,71.0,0,0.0007869948,Low
220.0,0.4163121209378111,3.880374670028688,71.0,0,0.0077699157,Low
220.0,0.6415802791608849,2.948326797706286,82.0,0,0.005307642,Low
220.0,0.4725165768110553,1.4751399143207344,82.0,0,0.16093846,Low
500.0,0.1262788054149013,1.8543341688295631,52.0,0,0.0005454471,Low
500.0,0.147968932231569,2.249136214585026,52.0,0,0.0007448877,Low
220.0,0.0019406469463632,3.564751456923025,24.0,0,0.0035622804,Low
220.0,0.0027428453138746,3.564751456923025,24.0,0,0.0035622804,Low
115.0,0.3259139394339684,0.9274099469184875,71.0,0,0.0006363749,Low
115.0,0.1359864606657999,26.777106882402425,52.0,0,0.0012064679,Low
115.0,0.1636885038905658,1.8543341688295631,21.0,0,0.0025800953,Low
115.0,0.1529284164859002,4.627367496490479,52.0,0,0.00026720625,Low
115.0,0.0923769712409623,5.279153347015381,21.0,0,0.0007196564,Low
115.0,0.0850595995833815,3.575368404388428,52.0,0,0.00035122022,Low
115.0,0.0865910549037091,7.69623225087412,52.0,0,0.0003094185,Low
115.0,0.0662148717141296,0.927409936849242,21.0,0,0.00038181755,Low
220.0,0.0832163294713017,2.9956440925598145,52.0,0,0.0024939873,Low
115.0,0.1275290962842478,5.819193363189697,52.0,0,0.00032304574,Low
220.0,0.1945812807881773,12.276676177978516,52.0,0,0.0031888855,Low
220.0,0.4360120785439014,27.219362258911133,71.0,0,0.003908193,Low
220.0,-0.0045625867883356,0.0,24.0,0,0.0015829026,Low
220.0,-0.0056088293830287,3.566005229949951,23.0,0,0.026159354,Low
220.0,0.2366366165085961,1.1186763048171997,81.0,0,0.0020565835,Low
220.0,0.1670659732367206,2.166184902191162,23.0,0,0.03395446,Low
220.0,0.2889002771134647,4.326395988464356,22.0,0,0.033918712,Low
220.0,0.2743881249069156,4.326395988464356,22.0,0,0.09631547,Low
115.0,0.1171381704604183,2.1682016849517822,52.0,0,0.0002468718,Low
115.0,0.1094764330507384,5.898107528686523,52.0,0,0.0011269345,Low
220.0,0.0932003150433184,1.1186763048171997,21.0,0,0.046777863,Low
115.0,0.2544440818874402,3.704791784286499,52.0,0,0.0005625745,Low
115.0,0.5194551886012762,2.7802884578704834,23.0,0,0.0019799185,Low
115.0,0.4549843313288727,5.891880035400391,21.0,0,0.003273801,Low
115.0,0.0318403603152759,2.4222607612609863,23.0,0,0.021961886,Low
115.0,-0.0281880803625864,3.869360208511353,24.0,0,0.001203752,Low
115.0,0.1760812200903439,3.831699132919312,22.0,0,0.0014175187,Low
115.0,0.0804471321238776,6.44926089651826,52.0,0,0.0018425972,Low
115.0,0.1203859060402684,1.1308717727661133,52.0,0,0.0013849476,Low
115.0,0.1724488069047216,2.924058198928833,52.0,0,0.0018853337,Low
115.0,0.0495079950799508,5.547544956207275,31.0,0,0.00031697587,Low
115.0,0.1357696876528544,6.847763242848638,52.0,0,0.0015263299,Low
115.0,0.1153457260636229,1.4942933964725689,52.0,0,0.0008871373,Low
220.0,0.2059556583641487,14.641727447509766,71.0,0,0.0031888855,Low
220.0,0.2427035398822568,12.76917839050293,71.0,0,0.0025515398,Low
220.0,0.2550380018291336,10.439393043518066,71.0,0,0.006847794,Low
220.0,0.2477776494260439,11.023148536682127,71.0,0,0.009559747,Low
220.0,0.263764942373922,14.561124801635742,71.0,0,0.007551564,Low
220.0,0.2634054972339591,14.563496589660645,71.0,0,0.007551564,Low
220.0,0.2397342892577428,6.56044864654541,52.0,0,0.01163551,Low
69.0,0.6332078352904007,8.00540542602539,22.0,0,0.008740496,Low
500.0,0.0143307059046327,2.4219765663146973,24.0,0,0.00091488654,Low
69.0,0.3688511565614147,2.905035734176636,23.0,0,0.008853211,Low
69.0,0.3265602194979773,3.8304903507232666,52.0,0,0.0005747774,Low
69.0,0.5461365464484463,9.028786659240724,21.0,0,0.40301138,Medium
69.0,0.0392192797580866,3.83032751083374,23.0,0,0.0009314323,Low
69.0,-0.0137201345173142,1.854334115982056,23.0,0,0.00043884866,Low
69.0,-0.0307076962776595,0.9274099469184875,22.0,0,0.0010296367,Low
69.0,0.3530877201977147,5.8751373291015625,23.0,0,0.0008892738,Low
69.0,-0.001227042431919,3.830346822738648,22.0,0,0.0009347903,Low
66.0,0.4319656401352462,9.303667068481444,52.0,0,0.1581805,Low
500.0,0.2396562062762343,4.984096098595191,23.0,0,0.0013739766,Low
500.0,0.3335807050092764,2.7802884578704834,23.0,0,0.0006941007,Low
220.0,0.5710067906702097,14.584662437438965,22.0,0,0.47121823,Medium
220.0,0.3745290128108515,8.598613739013672,52.0,0,0.009996993,Low
220.0,0.2193006304941676,2.165135622024536,23.0,0,0.048622217,Low
220.0,0.266783043192774,3.560389995574951,23.0,0,0.12030704,Low
220.0,0.3546831530139103,1.1141860485076904,23.0,0,0.05724556,Low
220.0,0.2343584305408271,2.1643106937408447,22.0,0,0.021489369,Low
220.0,0.3491698595146871,0.9274099469184875,22.0,0,0.02954099,Low
220.0,0.6598288347597103,2.996124029159546,22.0,0,0.034811206,Low
220.0,0.1007771062045145,1.4524890184402466,24.0,0,0.0023095082,Low
220.0,0.3529800205783435,1.854334115982056,23.0,0,0.012262505,Low
69.0,0.2166308927577709,1.119027614593506,23.0,0,0.010096614,Low
69.0,0.3446228945068852,7.269826889038086,23.0,0,0.004807626,Low
69.0,0.2694028093855451,3.3541128635406494,22.0,0,0.011681476,Low
69.0,0.5826878883309218,2.165494441986084,22.0,0,0.0006650745,Low
69.0,0.179384203480589,4.759639263153076,21.0,0,0.0011920138,Low
69.0,0.4580769032965902,2.165473699569702,22.0,0,0.0010043388,Low
69.0,0.2794516180455922,4.561115741729736,23.0,0,0.0008892738,Low
220.0,0.3459899098432397,6.471580982208252,52.0,0,0.014932763,Low
220.0,0.0660430893417779,1.854334115982056,24.0,0,0.000659071,Low
69.0,0.272465812893423,9.293307304382324,81.0,0,0.0012582858,Low
69.0,0.3120119003346969,2.2349679470062256,23.0,0,0.0008294967,Low
69.0,0.448210922787194,5.868989944458008,21.0,0,0.0062412294,Low
66.0,0.3387857211584721,3.826163291931152,23.0,0,0.007927846,Low
220.0,0.1968328445747801,1.4517966508865356,23.0,0,0.13813972,Low
66.0,0.0662076024752245,2.4186394214630127,23.0,0,0.020980107,Low
69.0,0.1005412755275475,5.7901291847229,24.0,0,0.0010442765,Low
66.0,0.1647984404372346,2.164708375930786,23.0,0,0.70532376,High
220.0,0.4857185472443881,1.4513970613479614,22.0,0,0.08492874,Low
220.0,0.511164274322169,0.9274099469184875,23.0,0,0.06413254,Low
220.0,-7.531821947732581e-05,1.4513858556747437,24.0,0,0.0015509224,Low
220.0,0.7175275113348979,2.416902542114258,21.0,0,0.011490652,Low
69.0,0.6017305845989314,2.416808843612671,22.0,0,0.0018694192,Low
220.0,0.815637127043705,4.55069637298584,21.0,0,0.020897213,Low
220.0,0.8290085495725215,4.55069637298584,21.0,0,0.020897213,Low
220.0,0.1361700968687868,1.115639328956604,23.0,0,0.13465808,Low
69.0,0.684504295899092,6.671478271484375,21.0,0,0.06468915,Low
220.0,0.4088441469456597,3.466168165206909,23.0,0,0.06507001,Low
220.0,0.0275499775849908,1.4500285387039185,24.0,0,0.0015509224,Low
220.0,0.0098185843706933,2.413773775100708,24.0,0,0.0031002718,Low
220.0,0.0774806829346008,3.8679680824279785,23.0,0,0.055317666,Low
220.0,0.0215146957607893,0.9274099469184875,24.0,0,0.0015829026,Low
220.0,0.6061247760221534,12.080167770385742,22.0,0,0.47121823,Medium
220.0,0.1142725637055943,4.346097946166992,23.0,0,0.04325123,Low
220.0,-0.0134989051196053,2.7802884578704834,24.0,0,0.002298615,Low
220.0,0.0059880239520958,1.4510177373886108,24.0,0,0.0015509224,Low
66.0,0.0465194918119897,2.8999485969543457,24.0,0,0.018901039,Low
66.0,0.0290433958432062,4.823744297027588,23.0,0,0.10584012,Low
66.0,0.0680572269019922,2.9001986980438232,23.0,0,0.024251774,Low
220.0,0.1665213805850019,1.4509592056274414,23.0,0,0.13813972,Low
66.0,0.2099166836008941,3.5627565383911133,23.0,0,0.889842,High
220.0,0.0111873965548948,2.901563882827759,23.0,0,0.050670914,Low
69.0,0.0275534837259635,4.347639560699463,24.0,0,0.0015657479,Low
69.0,0.0241131013742375,3.5639290809631348,24.0,0,0.004541694,Low
69.0,0.0559537880040823,2.9956374168396,24.0,0,0.0024725806,Low
69.0,0.0284653465346534,2.9956374168396,24.0,0,0.11771,Low
69.0,0.0489661025789351,2.901525020599365,24.0,0,0.00263626,Low
69.0,0.1070234113712374,11.79595184326172,23.0,0,0.026776949,Low
220.0,0.071700816002865,1.45140540599823,23.0,0,0.036636405,Low
69.0,0.0490971955436035,7.82576322555542,23.0,0,0.00521597,Low
69.0,0.0924324324324324,11.033018112182615,23.0,0,0.121760376,Low
69.0,0.0752627613343176,7.1002583503723145,24.0,0,0.0044443924,Low
69.0,0.3472298409215579,5.702876567840576,24.0,0,0.0010939613,Low
220.0,0.2475430380581755,3.473227262496948,22.0,0,0.13657914,Low
220.0,0.278575225943647,11.20681381225586,21.0,0,0.9226178,High
220.0,0.5289464221503056,5.657427787780762,23.0,0,0.05696697,Low
69.0,0.3470010905125409,2.7802884578704834,22.0,0,0.0013581663,Low
69.0,0.3321549839527419,0.9274099469184875,22.0,0,0.0014624748,Low
69.0,0.3951231967317758,2.163959264755249,22.0,0,0.0009085369,Low
69.0,0.3743717988794575,2.163959264755249,22.0,0,0.0009085369,Low
69.0,0.4027988840753929,1.116196870803833,22.0,0,0.0028426042,Low
220.0,0.0447959087034757,0.9274099469184875,24.0,0,0.0010020421,Low
69.0,0.2951256664127951,6.467303276062012,23.0,0,0.0204366,Low
69.0,0.1350205183927083,4.98455810546875,24.0,0,0.0009605588,Low
69.0,0.3672129892337729,5.861169815063477,23.0,0,0.0020055796,Low
69.0,0.2892537643117476,5.861169815063477,22.0,0,0.0009323468,Low
69.0,0.022137026960178,19.771623611450195,23.0,0,0.0073537375,Low
115.0,0.1289837475353956,2.467325210571289,52.0,0,0.0006044812,Low
220.0,0.0481223922114047,6.422290325164795,82.0,0,0.0071906247,Low
220.0,0.2062199185486857,16.12913703918457,52.0,0,0.0031888855,Low
220.0,0.1926108168967099,17.09791374206543,52.0,0,0.0026926782,Low
115.0,0.1477010841610944,6.88736629486084,52.0,0,0.003091186,Low
230.0,0.6293059264654313,26.72357749938965,71.0,0,0.0008869306,Low
220.0,0.0063441712926249,5.568070888519287,24.0,0,0.005570215,Low
220.0,0.0446838572942423,0.0,24.0,0,0.0010020421,Low
69.0,0.24853228962818,1.4516037702560425,22.0,0,0.0036523272,Low
69.0,0.0302312122798798,2.232960700988769,24.0,0,0.0020018572,Low
69.0,0.0302312122798798,4.459158897399902,23.0,0,0.0027052332,Low
220.0,0.4734023275480208,2.417713165283203,23.0,0,0.05236959,Low
220.0,0.0100398844725622,0.9274099469184875,24.0,0,0.0015829026,Low
220.0,0.5782818891781332,0.9274099469184875,23.0,0,0.050015226,Low
69.0,0.006989693164317,5.974881649017334,24.0,0,0.0015657479,Low
69.0,0.0139089737859227,5.974881649017334,24.0,0,0.0015657479,Low
69.0,0.2845953002610966,3.347052574157715,22.0,0,0.0060141594,Low
220.0,0.505736659989073,2.417277574539185,23.0,0,0.07866088,Low
220.0,0.03296480373263,5.133739948272705,24.0,0,0.00399858,Low
220.0,0.0099823840281855,2.901301622390747,24.0,0,0.007053535,Low
220.0,0.4464085925262922,2.1642470359802246,23.0,0,0.030524509,Low
220.0,0.1883178456286743,2.4182164669036865,23.0,0,0.061685275,Low
69.0,0.1808660309520087,5.790151596069336,23.0,0,0.0017585794,Low
69.0,0.148854961832061,7.830134391784668,23.0,0,0.028369758,Low
220.0,0.044109919322432,4.322940349578857,24.0,0,0.00399858,Low
220.0,0.2178561380474537,4.3229289054870605,23.0,0,0.09520384,Low
220.0,0.1918433056077274,1.4519282579421997,23.0,0,0.13813972,Low
220.0,0.6642480211081794,4.828048229217529,23.0,0,0.015647057,Low
220.0,0.3707400413631866,3.5643060207366943,23.0,0,0.077335,Low
69.0,0.4959752321981424,3.475083827972412,23.0,0,0.0035709806,Low
69.0,0.2904431033319667,4.322727680206299,24.0,0,0.0010939613,Low
69.0,0.1912272055199605,2.7802884578704834,23.0,0,0.003009429,Low
69.0,0.1004298554122704,1.451861023902893,23.0,0,0.0041162423,Low
220.0,0.4167221113328898,1.4549909830093384,22.0,0,0.8470092,High
220.0,0.2430898684017416,1.454377293586731,23.0,1,0.9807342,High
220.0,0.1766412767500906,12.177371978759766,52.0,0,0.0031888855,Low
220.0,0.6893941876085319,11.485180854797363,52.0,0,0.005346062,Low
220.0,0.3018727520773905,11.047306060791016,52.0,0,0.0056157,Low
220.0,0.6635292651000436,13.176525115966797,21.0,0,0.17327268,Low
220.0,0.7399306558011081,4.574277877807617,90.0,0,0.0007020399,Low
220.0,0.4506876227897839,24.56243705749512,52.0,0,0.0037608715,Low
220.0,0.278946940765418,15.094026565551758,22.0,0,0.21667784,Low
220.0,0.5024092515258591,14.61252498626709,52.0,0,0.0044530514,Low
220.0,0.7750738745002607,19.51447486877441,52.0,0,0.001207934,Low
220.0,-0.000870272726312,2.4283032417297363,23.0,0,0.022833792,Low
220.0,0.0433463793570967,2.1673455238342285,23.0,0,0.010213777,Low
220.0,0.0916929112227763,2.9977798461914062,22.0,0,0.10357006,Low
220.0,0.3114953690954155,3.489781618118286,21.0,0,0.04952763,Low
220.0,0.0557498906864888,5.899599075317383,24.0,0,0.00399858,Low
220.0,0.0406393646339803,4.853782653808594,23.0,0,0.04977735,Low
69.0,0.3498696461824953,25.398418426513672,52.0,0,0.0009591221,Low
220.0,0.2492814067519585,18.109424591064453,71.0,0,0.0063808463,Low
220.0,0.5816192498029722,17.825748443603516,52.0,0,0.0031468647,Low
220.0,0.346223204589095,13.277864456176758,52.0,0,0.002586392,Low
220.0,0.2950394261760409,18.179357528686523,52.0,0,0.0021837302,Low
220.0,0.5066680905327563,10.624411582946776,52.0,0,0.018556498,Low
220.0,0.2845538959267689,16.56191062927246,71.0,0,0.002586392,Low
220.0,0.2572528767247006,12.748641967773438,21.0,0,0.67024684,High
220.0,0.056017074854242,3.367541790008545,23.0,0,0.049486183,Low
69.0,0.0600823045267489,3.844611883163452,23.0,0,0.0009314323,Low
69.0,0.3076461123575135,4.3633222579956055,21.0,0,0.0009323468,Low
500.0,0.4522012849812427,9.641731262207031,22.0,0,0.058949154,Low
500.0,0.0758942383207596,6.560304641723633,22.0,0,0.005251565,Low
500.0,0.017680997580495,8.291375160217285,23.0,0,0.0012761968,Low
500.0,0.2493766514085817,15.103514671325684,52.0,0,0.0017023123,Low
500.0,0.268000260637258,12.18628978729248,52.0,0,0.0017023123,Low
220.0,0.5581469853270968,4.860846519470215,52.0,0,0.008031816,Low
500.0,0.3802798610434726,18.035993576049805,52.0,0,0.0007972851,Low
500.0,0.4646443811907283,2.260152816772461,71.0,0,0.0016081824,Low
500.0,0.0418401744993059,3.589885868014114,23.0,0,0.0020286147,Low
500.0,0.1571018094276617,4.902883357949864,82.0,0,0.00019866742,Low
500.0,0.1673252157084106,4.902883357949864,82.0,0,0.0002905462,Low
500.0,0.1571018094276617,4.395267956662546,82.0,0,0.00019866742,Low
500.0,0.2171446349810582,8.939019203186035,71.0,0,0.0017204088,Low
500.0,0.4887568624501767,2.7802884578704834,52.0,0,0.0014557677,Low
220.0,0.2315818518664512,7.890142440795898,71.0,0,0.0053042695,Low
220.0,0.2059174792599947,2.4465951919555664,52.0,0,0.0015706784,Low
220.0,0.1841387060523359,3.871956157716984,81.0,0,0.000989205,Low
220.0,0.2354413845651464,7.934604167938232,71.0,0,0.0053042695,Low
220.0,0.2684432310522879,5.660763263702393,52.0,0,0.0027928145,Low
66.0,0.4101714358549487,23.87596893310547,52.0,0,0.0056490023,Low
66.0,0.1972520012159286,1.457353591918945,22.0,0,0.15610152,Low
66.0,0.1327547703574153,2.247888326644897,23.0,0,0.123094924,Low
66.0,0.3517572154245742,6.480573654174805,52.0,0,0.019365238,Low
220.0,0.1558259745853974,4.995197296142578,52.0,0,0.0011263855,Low
220.0,0.1487963681978376,4.760099411010742,82.0,0,0.0013760509,Low
220.0,0.7306369052613912,14.836942672729492,52.0,0,0.0014309264,Low
220.0,0.646087785252837,17.267099380493164,52.0,0,0.0031468647,Low
220.0,0.1704873405786099,3.487344264984131,22.0,0,0.08293046,Low
66.0,0.261132608768801,11.472959518432615,52.0,0,0.0168765,Low
220.0,0.3944129553503983,3.842930316925049,23.0,0,0.069829375,Low
66.0,0.32514787035395,9.261122703552246,71.0,0,0.04488162,Low
66.0,0.7804304453847118,12.952506065368652,52.0,0,0.0015953144,Low
66.0,0.3854637717795316,10.33314037322998,71.0,0,0.01683956,Low
66.0,0.4137129595954348,15.408483505249023,52.0,0,0.012107206,Low
66.0,0.3985628440559733,8.022465705871582,21.0,0,0.10279488,Low
66.0,0.3993736940288057,18.605941772460938,22.0,0,0.0084997015,Low
69.0,0.4011513199604392,26.063459396362305,52.0,0,0.0018765669,Low
69.0,0.3079878608581257,3.4827685356140137,81.0,0,0.0013009122,Low
69.0,0.7501228525869246,5.712358951568604,82.0,0,0.00046147697,Low
69.0,0.3269813181347672,0.9274099469184875,21.0,0,0.0016168208,Low
69.0,0.686304514614486,15.441377639770508,52.0,0,0.0007932879,Low
66.0,0.3575697520249034,12.082383155822754,71.0,0,0.0026779848,Low
220.0,0.3265056450767241,17.387483596801758,71.0,0,0.0021837302,Low
66.0,0.3582478942788469,23.024158477783203,71.0,0,0.002261096,Low
66.0,0.7958338097704358,20.68296241760254,42.0,0,0.0013467387,Low
66.0,0.4361481278902094,33.05139923095703,71.0,0,0.008658091,Low
66.0,0.5651113747199156,24.46333122253418,71.0,0,0.006400609,Low
66.0,0.6814691530044146,16.779319763183594,52.0,0,0.0013467387,Low
66.0,0.6940246176211379,16.129438400268555,52.0,0,0.0015953144,Low
66.0,0.6914737510676975,10.655258178710938,52.0,0,0.0033490097,Low
66.0,0.5946588842025305,24.183990478515625,21.0,0,0.014034973,Low
66.0,0.6621052190827112,12.321057319641112,52.0,0,0.0015953144,Low
66.0,0.596368699770851,2.4317638874053955,52.0,0,0.01791727,Low
66.0,0.3628371628371628,8.362997055053711,52.0,0,0.1779218,Low
220.0,0.4658008132548401,11.934087753295898,52.0,0,0.0044530514,Low
66.0,0.7821996031156768,13.378887176513672,52.0,0,0.0015953144,Low
66.0,0.45950631847999,21.243194580078125,52.0,0,0.00673179,Low
66.0,0.3571762505843852,6.707118034362793,71.0,0,0.025746396,Low
220.0,0.2621522303523594,19.893199920654297,52.0,0,0.0063808463,Low
220.0,0.4318749024114921,21.78424072265625,43.0,0,0.003908193,Low
220.0,0.3394444444444444,4.760846614837647,52.0,0,0.001635976,Low
220.0,0.0491283676703644,1.4522336721420288,23.0,0,0.029735217,Low
220.0,0.0731129414419497,6.41567325592041,23.0,1,0.9790303,High
69.0,0.1624252775405636,2.1642489433288574,23.0,0,0.011058082,Low
69.0,0.0137809553414153,0.0,24.0,0,0.000963579,Low
69.0,0.0183808265710511,0.9274099469184875,24.0,0,0.000963579,Low
230.0,0.0233728874505573,1.451095700263977,24.0,0,0.0009605881,Low
69.0,0.2589481908296304,4.345540523529053,22.0,0,0.0018196972,Low
220.0,0.7015641054914945,0.9274099469184875,21.0,0,0.02046829,Low
220.0,0.0362868344504868,2.16398549079895,23.0,0,0.040637966,Low
220.0,0.015772422128109,5.657362937927246,23.0,0,0.040388282,Low
69.0,0.4466950191018524,3.8249361515045166,23.0,0,0.001861845,Low
69.0,0.0126680958877411,3.868213176727295,24.0,0,0.0015657479,Low
69.0,0.5591927627000697,1.4516987800598145,22.0,0,0.0060252263,Low
69.0,0.432075648347533,3.5651657581329346,23.0,0,0.014486905,Low
69.0,0.0251019483461712,4.559279441833496,24.0,0,0.0015657479,Low
161.0,0.064545732639951,3.817471350254565,52.0,0,0.0004652778,Low
115.0,0.3272799840351226,4.554681301116943,71.0,0,0.0006844391,Low
115.0,0.0823541763270019,2.417713165283203,52.0,0,0.0005071824,Low
115.0,0.1047476199203264,2.9026317596435547,22.0,0,0.00298268,Low
115.0,0.1280476747312668,3.868767261505127,52.0,0,0.00032304574,Low
220.0,0.0271430374952657,0.9274099469184875,24.0,0,0.0015829026,Low
66.0,0.1015560843107115,2.9964139461517334,52.0,0,0.022356834,Low
66.0,0.0055634196925305,5.135703086853027,52.0,0,0.0010327642,Low
220.0,0.0372507211839959,3.5668928623199463,24.0,0,0.0024855803,Low
220.0,0.3303996315816404,9.030424118041992,22.0,0,0.8507039,High
220.0,0.0769303264365287,2.2403652667999268,24.0,0,0.0028534743,Low
220.0,0.4919663351185921,2.166175365447998,23.0,1,0.020270756,Low
220.0,0.1606324002463897,3.5660600662231445,23.0,0,0.26465583,Low
69.0,0.3497311292571201,2.1650452613830566,23.0,0,0.0008294967,Low
220.0,0.1054805499044448,2.780288515528756,52.0,0,0.0008791676,Low
115.0,0.0905893457655465,8.609343145091502,31.0,0,0.0003094185,Low
115.0,0.1132911989434959,2.998344659805298,21.0,0,0.0028377655,Low
115.0,0.1440915071559281,1.124601125717163,52.0,0,0.0013849476,Low
115.0,0.16483692603574,5.002820491790772,22.0,0,0.0021989096,Low
115.0,0.1793617516887957,2.249136209487915,23.0,0,0.0026628773,Low
500.0,0.3251669085631349,2.996913433074951,22.0,0,0.0025517617,Low
500.0,0.394589952769429,33.43600082397461,52.0,0,0.0007972851,Low
500.0,0.6307956033210232,30.19537734985352,52.0,0,0.0008869306,Low
500.0,0.2329772310348548,38.83385467529297,52.0,0,0.0004835941,Low
500.0,0.0264385692068429,3.8694024085998535,23.0,0,0.001824012,Low
500.0,0.3458088462728116,2.7802884578704834,52.0,0,0.00038358278,Low
500.0,0.1710835722861083,14.678431510925291,71.0,0,0.000628203,Low
500.0,0.2814183904050061,7.105906963348389,21.0,0,0.0025448292,Low
220.0,0.0632513200763959,1.854334115982056,24.0,0,0.000659071,Low
220.0,0.0673826433396847,0.9274099469184875,81.0,0,0.00089144224,Low
220.0,-0.0151017728168089,5.705753326416016,24.0,0,0.005570215,Low
220.0,-0.0075813714872028,5.705753326416016,24.0,0,0.005570215,Low
500.0,0.2549882406494196,4.347873210906982,23.0,0,0.0025095982,Low
500.0,0.3507849199020356,11.610971450805664,22.0,0,0.00097320986,Low
500.0,0.2798278324141307,2.2355220317840576,23.0,0,0.0003508954,Low
220.0,0.0165218659499552,0.0,24.0,0,0.0015829026,Low
220.0,0.1708564962857283,8.594695091247559,24.0,0,0.0043672393,Low
220.0,0.1099091646648955,7.83044958114624,23.0,0,0.2875443,Low
220.0,0.0204645540108798,2.9953205585479736,23.0,0,0.04146865,Low
220.0,0.53125,2.1639649868011475,22.0,0,0.01901632,Low
220.0,0.3930703046275483,1.854334115982056,81.0,0,0.0026397514,Low
220.0,0.3716625133499466,35.394710540771484,52.0,0,0.0033980943,Low
220.0,0.3154622243078367,19.03008460998535,52.0,0,0.0021837302,Low
220.0,0.5129740518962076,15.889514923095703,52.0,0,0.004051112,Low
220.0,0.1078627481150946,10.698673248291016,22.0,0,0.3554544,Medium
220.0,0.5084768037849914,10.645323753356934,71.0,0,0.018556498,Low
220.0,0.3041709053916582,2.905740737915039,22.0,0,0.09879602,Low
220.0,0.0679663269827204,5.258630752563477,24.0,0,0.00399858,Low
220.0,0.2421617820959442,19.771072387695312,71.0,0,0.0021542902,Low
220.0,0.364333366523947,19.931421279907227,52.0,0,0.0033980943,Low
220.0,0.6584779653671124,21.617021560668945,52.0,0,0.001207934,Low
220.0,-0.0041436464088397,3.704791784286499,24.0,0,0.005570215,Low
220.0,-0.0044974480772146,2.420814275741577,24.0,0,0.0031002718,Low
500.0,0.2694294570083802,2.1634266520369763,21.0,0,0.0007323875,Low
220.0,0.092489181444227,5.13447380065918,31.0,0,0.0014635391,Low
220.0,0.015113842287343,4.323370456695557,24.0,0,0.005570215,Low
220.0,0.0780559380319651,1.1170388460159302,52.0,0,0.002054894,Low
220.0,0.0519440124416796,4.561429023742676,22.0,0,0.052064974,Low
220.0,0.0851807842471566,5.256121635437012,22.0,0,0.057844408,Low
220.0,0.1009092834354654,1.854334115982056,52.0,0,0.00096705416,Low
220.0,0.1116578655522668,6.839179992675781,52.0,0,0.012380723,Low
115.0,0.1136292753924524,0.9274099469184875,52.0,0,0.001020583,Low
220.0,0.7298921554896294,27.042591094970703,71.0,0,0.001207934,Low
220.0,0.3774788154101511,25.94053649902344,52.0,0,0.0035478617,Low
220.0,0.0258666383971164,1.854334115982056,22.0,0,0.0061168415,Low
220.0,0.3705676457160249,2.9968202114105225,22.0,0,0.16129076,Low
220.0,0.3810440493715321,2.1660232543945312,22.0,0,0.011996262,Low
220.0,0.1416257883672039,11.471702575683594,21.0,0,0.5176663,Medium
220.0,0.2970180367986947,4.985309600830078,22.0,0,0.033918712,Low
220.0,0.0375280658612209,1.854334115982056,24.0,0,0.000659071,Low
220.0,0.06527494466386,8.920677185058594,23.0,0,0.28808573,Low
220.0,0.062120895210207,9.007980346679688,24.0,0,0.008178981,Low
220.0,0.0971061301997954,2.9953324794769287,23.0,0,0.090817034,Low
220.0,0.1571705963938973,2.9041407108306885,23.0,0,0.131511,Low
220.0,0.0062760954135413,1.854334115982056,23.0,0,0.0077716433,Low
500.0,0.6053771020038266,33.534027099609375,52.0,0,0.0008869306,Low
220.0,0.2002077980502866,1.4502863883972168,23.0,0,0.13813972,Low
220.0,0.0087291478984809,1.4502863883972168,23.0,0,0.027136551,Low
220.0,0.1195210462063313,4.449548721313477,24.0,0,0.0025806932,Low
220.0,0.4878940155322064,16.751873016357422,71.0,0,0.0037608715,Low
220.0,0.6776123850078835,24.28434562683105,71.0,0,0.001207934,Low
220.0,0.1712169780037581,10.925263404846191,52.0,0,0.003283047,Low
220.0,0.1712169780037581,10.925263404846191,52.0,0,0.003283047,Low
220.0,0.0069459129727531,6.559174537658691,24.0,0,0.042911947,Low
115.0,0.1636533957845433,12.653826713562012,52.0,0,0.0011277345,Low
220.0,0.2534109906703337,11.00416088104248,71.0,0,0.009559747,Low
115.0,0.0834481258609439,12.471268744018069,52.0,0,0.00088965433,Low
220.0,0.2157671542528349,6.480463981628418,71.0,0,0.036496013,Low
220.0,0.239769787211574,6.433811664581299,71.0,0,0.009722749,Low
115.0,0.1738220938340472,13.061054229736328,52.0,0,0.0010018207,Low
66.0,0.021387420093126,2.1659719944000244,24.0,0,0.009732092,Low
66.0,0.0599715927907507,2.996784448623657,24.0,0,0.05865204,Low
66.0,0.1565196887526526,1.4540400505065918,24.0,0,0.008832077,Low
66.0,0.030750307503075,3.704791784286499,24.0,0,0.13743368,Low
66.0,0.0937818202619987,1.1201213598251345,24.0,0,0.006534094,Low
66.0,0.0467029691164195,1.4540513753890991,24.0,0,0.0025189454,Low
66.0,0.050351617440225,1.854334115982056,23.0,0,0.01172192,Low
66.0,0.1099404802627078,16.19439125061035,24.0,0,0.008338952,Low
66.0,0.1548432577076349,1.1200257539749146,24.0,0,0.008832077,Low
66.0,0.0103642039542143,4.326115608215332,24.0,0,0.004442901,Low
66.0,0.1672271476612656,2.9066619873046875,23.0,0,0.50394785,Medium
66.0,0.0229228214693895,13.33433437347412,24.0,0,0.007538382,Low
66.0,-0.000646007873221,6.69148063659668,24.0,0,0.018914828,Low
66.0,0.3707947640990091,12.269197463989258,23.0,0,0.019936288,Low
66.0,0.1040065700709802,2.906616687774658,23.0,0,0.15315847,Low
66.0,-0.9081120501051008,0.0,11.0,0,0.0005662814,Low
66.0,0.4191745905311893,8.573607444763184,23.0,0,0.08174382,Low
66.0,0.5096900933120098,11.89217758178711,52.0,0,0.0075749396,Low
115.0,0.1481490280392703,16.312175750732422,52.0,0,0.002678451,Low
115.0,0.1401293967789534,6.89630126953125,22.0,0,0.019554308,Low
115.0,0.2678948108564196,6.552913188934326,52.0,0,0.002218507,Low
115.0,0.3357572443958447,1.854334115982056,52.0,0,0.00043822263,Low
115.0,0.4886052157569112,13.18785285949707,42.0,0,0.0015311015,Low
115.0,0.2859032843417219,12.133767127990724,52.0,0,0.00088819163,Low
115.0,0.3170815746403652,35.5057258605957,52.0,0,0.0011822489,Low
55.0,0.2869641952352438,11.939048767089844,52.0,0,0.0005976366,Low
55.0,0.4761737852594801,15.559587478637695,52.0,0,0.0012193414,Low
55.0,0.1168288256197146,2.5109532692419334,52.0,0,0.00075062364,Low
55.0,0.2722287197821681,3.014573097229004,81.0,0,0.002076218,Low
33.0,-0.0154589605431657,0.0,11.0,0,0.00029427768,Low
33.0,0.2677862025329586,19.865434646606445,21.0,0,0.0019400996,Low
33.0,0.0130007959671,7.8647918701171875,11.0,0,0.00027332242,Low
55.0,0.4097055585354148,2.190589427947998,81.0,0,0.0005992554,Low
115.0,0.128661201591685,33.81236267089844,52.0,0,0.0012064679,Low
55.0,0.27730087002602,2.5077028274536133,52.0,0,0.0008882636,Low
55.0,0.1396899570770382,5.890087604522705,52.0,0,0.00022370604,Low
55.0,0.1077928648852081,2.51009488105774,71.0,0,0.00054253545,Low
115.0,0.1844198521911976,3.622570276260376,52.0,0,0.0004276021,Low
115.0,0.1637054980264237,0.0,52.0,0,0.05523736,Low
115.0,0.2542467556754752,2.1858519707706305,52.0,0,0.0004247026,Low
115.0,0.1141886799669334,5.832145743008736,71.0,0,0.00043226007,Low
115.0,0.1583301860486458,4.6688151359558105,52.0,0,0.00032194197,Low
115.0,0.2029787234042553,20.59750747680664,52.0,0,0.0013334462,Low
66.0,0.310331701597984,2.953552484512329,82.0,0,0.12033449,Low
66.0,0.290644868301544,0.0,82.0,0,0.0032531067,Low
66.0,0.2184738872526651,3.572078227996826,82.0,0,0.01198689,Low
66.0,0.7882283202015462,1.854334115982056,82.0,0,0.0032715423,Low
66.0,0.4056466833731077,2.182068586349488,23.0,0,0.13414833,Low
66.0,0.3353247154555286,1.4778696298599243,23.0,0,0.20109499,Low
66.0,0.3788556101922218,1.4777324199676514,23.0,0,0.54951066,Medium
66.0,0.1265488523258175,0.0,23.0,0,0.014250009,Low
66.0,0.1512752858399296,2.481130123138428,22.0,0,0.735542,High
66.0,0.1284161654532025,1.854334115982056,23.0,0,0.16464795,Low
66.0,0.2928324933588222,0.0,82.0,0,0.0032531067,Low
66.0,0.0793101316684181,0.0,24.0,0,0.004379171,Low
66.0,0.193959800020406,3.5705385208129883,82.0,0,0.0034327607,Low
66.0,0.399924008950057,2.7802884578704834,23.0,0,0.35492596,Medium
66.0,0.7350913994605932,1.4777675867080688,82.0,0,0.17944025,Low
66.0,0.2682034394438345,1.4775444269180298,21.0,0,0.29933354,Low
66.0,0.1221347570652345,2.300818920135498,23.0,1,0.11756711,Low
66.0,0.2432056630008848,2.4805142879486084,23.0,1,0.95819205,High
66.0,0.0749570962333964,1.1511154174804688,24.0,0,0.006534094,Low
66.0,0.168928441285326,2.1822328567504883,24.0,0,0.06217617,Low
66.0,0.4482836684549797,1.1508734226226809,23.0,0,0.033668444,Low
66.0,0.1835751322474205,1.479047179222107,22.0,0,0.07336179,Low
66.0,0.4530999684806363,2.182271957397461,82.0,0,0.22007325,Low
66.0,0.5080789946140036,3.8783602714538574,82.0,0,0.053868026,Low
66.0,0.1199429691677062,2.9535460472106934,23.0,0,0.30265206,Medium
66.0,0.2995573044761436,3.57073974609375,82.0,0,0.004029901,Low
66.0,0.1890629326847827,0.0,82.0,0,0.0020890187,Low
66.0,0.5464915110107615,0.9274099469184875,22.0,0,0.007967666,Low
66.0,0.1676806262031741,0.0,23.0,0,0.0073421006,Low
66.0,0.4286342990203001,0.9274099469184875,21.0,0,0.07979439,Low
66.0,0.3478573765129211,4.686910629272461,21.0,0,0.008309006,Low
66.0,0.4708483845920124,1.477327823638916,82.0,1,0.97041726,High
66.0,0.6127620526575845,2.2969987392425537,82.0,0,0.018210247,Low
66.0,0.4334112149532709,0.0,82.0,0,0.01741681,Low
66.0,0.1940296797768576,14.56263828277588,71.0,0,0.0026718266,Low
66.0,0.3543631436314364,23.82550621032715,52.0,0,0.002261096,Low
66.0,0.6224254367371276,19.256668090820312,21.0,0,0.014034973,Low
66.0,0.1189816762367633,21.068288803100582,22.0,0,0.014664391,Low
66.0,0.2242950795165254,15.278776168823242,52.0,0,0.009054113,Low
66.0,0.240692720874236,28.99481773376465,71.0,0,0.0040574716,Low
66.0,0.32226876459338,9.382651329040527,52.0,0,0.0035247211,Low
66.0,0.2368375611851827,8.038312911987305,22.0,0,0.15242265,Low
66.0,0.0689074255590574,9.50879192352295,52.0,0,0.0017269637,Low
66.0,0.5546038543897216,0.9274099469184875,71.0,0,0.009405647,Low
66.0,0.4211807048519052,1.854334115982056,71.0,0,0.37355608,Medium
66.0,0.1990439250597546,5.723288536071777,71.0,0,0.003897465,Low
66.0,0.1684222020242099,23.639707565307617,71.0,0,0.002255892,Low
66.0,0.1540009500367059,11.936165809631348,71.0,0,0.0026529648,Low
66.0,0.0861508058941382,1.1474860906600952,24.0,0,0.006534094,Low
66.0,0.1264800343683179,2.2938015460968018,23.0,0,0.11756711,Low
66.0,0.209888182829559,2.472283124923706,82.0,0,0.48822063,Medium
66.0,0.558170319164583,1.4769939184188845,82.0,1,0.97659403,High
66.0,0.42097814381264,0.0,23.0,0,0.018724563,Low
66.0,0.6729721064443732,2.9523637294769287,82.0,0,0.024011893,Low
66.0,0.1207878453474166,2.7802884578704834,22.0,0,0.11341903,Low
66.0,0.2809401750737535,1.1489691734313965,82.0,0,0.009399398,Low
66.0,0.547977632165769,1.4768794775009155,82.0,0,0.96549183,High
66.0,0.7196379709534834,2.1812331676483154,82.0,0,0.0023346029,Low
66.0,0.0895541383260036,2.9510326385498047,23.0,0,0.1456844,Low
66.0,0.5991645162952105,1.4756792783737185,82.0,0,0.43830174,Medium
66.0,0.1361205505882965,2.473421096801758,22.0,0,0.37886205,Medium
66.0,0.330377478818063,1.475161910057068,82.0,0,0.20217137,Low
66.0,0.3468567985539265,1.4757202863693235,82.0,0,0.20217137,Low
66.0,0.2297190863743764,1.4757171869277954,22.0,0,0.2373662,Low
66.0,0.4719495593608942,1.4749698638916016,82.0,0,0.97041726,High
66.0,0.2263423638634019,0.0,21.0,0,0.0060229194,Low
66.0,0.1414312299103367,0.9274099469184875,23.0,0,0.014250009,Low
66.0,0.3175293956190405,1.4751430749893188,23.0,0,0.20109499,Low
66.0,0.415242209194693,2.9484965801239014,82.0,0,0.8465984,High
66.0,0.7659769790269049,0.0,82.0,0,0.0012271467,Low
66.0,0.6800628657579096,2.475095272064209,82.0,0,0.036802363,Low
66.0,0.4516765285996055,3.90259861946106,82.0,0,0.08018409,Low
66.0,0.2208120882801742,1.4741218090057373,21.0,0,0.2570908,Low
66.0,0.1781557743957028,2.7802884578704834,21.0,0,0.12132207,Low
66.0,0.6208935322509173,2.1789143085479736,82.0,0,0.006896297,Low
66.0,0.2782453455751084,1.4731181859970093,82.0,0,0.20217137,Low
66.0,0.0886206964440906,1.4729373455047607,22.0,0,0.024428874,Low
66.0,0.4081752395853706,1.474241018295288,21.0,0,0.8106477,High
66.0,0.460499742604839,2.7802884578704834,71.0,0,0.49638844,Medium
66.0,0.1758624757370052,1.143840789794922,82.0,0,0.006049288,Low
66.0,0.2391452143395255,0.9274099469184875,21.0,0,0.0060229194,Low
66.0,0.3593902018615696,1.1438969373703003,82.0,0,0.009399398,Low
66.0,0.3991046353196341,0.9274099469184875,21.0,0,0.023732336,Low
66.0,0.3489709540887208,0.9274099469184875,82.0,0,0.0032531067,Low
66.0,0.2607903330357252,0.0,82.0,0,0.0033899588,Low
66.0,0.1902326414456009,0.9274099469184875,82.0,0,0.0020890187,Low
66.0,0.1916943681649564,15.996566772460938,71.0,0,0.0026718266,Low
66.0,0.1994490666965623,5.15637731552124,71.0,0,0.003897465,Low
66.0,0.6064300550889551,1.471914529800415,82.0,0,0.3085664,Medium
66.0,0.1703823807593568,2.4660894870758057,23.0,0,0.20594525,Low
66.0,0.4184191443074692,10.720486640930176,71.0,0,0.030241353,Low
66.0,0.4288927028466592,26.336938858032227,52.0,0,0.008658091,Low
66.0,0.7407314868959651,9.33702278137207,71.0,0,0.0056780325,Low
66.0,0.4818177102246201,2.247828722000122,22.0,0,0.24093764,Low
66.0,0.895189896743029,2.431915760040283,82.0,0,0.0062115304,Low
66.0,0.7232107528982482,15.769024848937988,42.0,0,0.0015953144,Low
66.0,0.8420227000092275,13.352449417114258,42.0,0,0.0015953144,Low
66.0,0.245503853839566,2.9125075340271,71.0,0,0.16444215,Low
66.0,0.3512511584800741,11.983078002929688,23.0,0,0.004616217,Low
66.0,0.0342710997442455,1.854334115982056,24.0,0,0.009109878,Low
66.0,0.6619063703303385,2.4312119483947754,21.0,0,0.019464588,Low
66.0,0.5743809112013197,17.971457708847897,52.0,0,0.0035076875,Low
66.0,0.4350408953938872,27.47423553466797,71.0,0,0.008658091,Low
66.0,0.5392224329533025,17.971457708847897,52.0,0,0.006400609,Low
66.0,0.4566471336995287,27.47423553466797,71.0,0,0.00673179,Low
66.0,0.3245491849565184,8.289099835320444,52.0,0,0.02079417,Low
60.0,0.1480180632212744,14.255825971890896,22.0,0,0.011307973,Low
60.0,0.1081921880400967,9.463353324069963,21.0,0,0.010739007,Low
66.0,0.2200349474029857,1.142431139945984,21.0,0,0.02717808,Low
66.0,0.1654122901331569,0.0,82.0,0,0.0020890187,Low
66.0,0.6546285509454252,0.0,82.0,0,0.0012271467,Low
66.0,0.7379604911906034,1.4715489149093628,82.0,0,0.11116293,Low
66.0,0.1115091804746977,1.1431132555007937,82.0,0,0.010660921,Low
66.0,0.4352433162416165,2.780288515528756,82.0,0,0.5940551,Medium
66.0,0.3340712939100956,2.9297118186950684,82.0,0,0.12033449,Low
66.0,0.2437666891870154,4.507656097412109,71.0,0,0.052607793,Low
66.0,0.3456355677624237,15.330644607543944,71.0,0,0.0026779848,Low
66.0,0.245716821119929,4.5098652839660645,52.0,0,0.004331099,Low
66.0,0.2049727600600871,2.940036058425904,71.0,0,0.10937503,Low
66.0,0.2384060641153866,10.51765251159668,52.0,0,0.010562722,Low
66.0,0.2725835621943868,1.4704344272613523,52.0,0,0.21795362,Low
66.0,0.255136557253821,34.38139724731445,71.0,0,0.0042609894,Low
66.0,0.5921312214644046,8.14627456665039,22.0,0,0.009031304,Low
66.0,0.2965101682149134,11.11624240875244,52.0,0,0.005408985,Low
66.0,0.2499406778856649,22.62718391418457,71.0,0,0.0042609894,Low
66.0,0.3258189652137793,16.135135650634766,52.0,0,0.0026779848,Low
66.0,0.5386334610472542,15.723955154418944,41.0,0,0.0075749396,Low
66.0,0.0914871070293182,0.0,24.0,0,0.004379171,Low
66.0,0.2777007002651649,1.133643388748169,71.0,0,0.009399398,Low
66.0,0.221044712444895,2.172987334586733,21.0,0,0.17335632,Low
66.0,0.1230652546419843,2.1729893684387207,22.0,0,0.038058303,Low
66.0,0.2315377789463305,12.139888763427734,52.0,0,0.004803977,Low
66.0,0.2493882091212458,10.630104064941406,52.0,0,0.0042545907,Low
66.0,0.2343507501293326,23.897199630737305,52.0,0,0.0040574716,Low
66.0,0.2443320544122776,7.141463279724121,71.0,0,0.85637224,High
66.0,0.2961219457520735,2.448134422302246,71.0,0,0.04621197,Low
230.0,0.2996757907640692,7.8714280128479,42.0,0,0.00053364807,Low
230.0,0.2238458309069487,31.05792617797852,52.0,0,0.0009149489,Low
66.0,0.2876862101954353,4.887120723724365,71.0,0,0.0052649966,Low
66.0,0.2335329341317365,9.109699249267578,21.0,0,0.7196254,High
66.0,0.2352426759947529,9.109699249267578,21.0,0,0.7196254,High
66.0,0.0784134527508682,6.830500602722168,52.0,0,0.004610675,Low
66.0,0.2168687401159726,9.7822265625,52.0,0,0.03268731,Low
66.0,0.2618123069074006,3.5841972827911377,21.0,0,0.016103812,Low
66.0,0.2237912062865337,1.132852554321289,52.0,0,0.016123716,Low
66.0,0.1796508353669983,0.9274099368611016,52.0,0,0.0020890187,Low
66.0,0.155951184493898,3.5806877613067627,52.0,0,0.002418278,Low
66.0,0.2516610539728771,1.4615718126296997,11.0,0,0.29933354,Low
66.0,0.0438687392055268,5.012704372406006,31.0,0,0.0007738132,Low
66.0,0.2138806985711045,1.1290416717529297,81.0,0,0.017885463,Low
66.0,0.203447493762758,2.255910634994507,81.0,0,0.028440606,Low
66.0,0.1960022209883397,2.170757532119751,52.0,0,0.017467214,Low
66.0,0.1581563488477179,2.4470365047454834,71.0,0,0.026829189,Low
66.0,0.151469032461627,1.4637962579727173,52.0,0,0.019550415,Low
66.0,0.1552967713169145,0.0,52.0,0,0.0016647577,Low
66.0,0.2103500761035007,9.986124038696287,71.0,0,0.020609027,Low
66.0,0.2088199758356826,2.171745777130127,52.0,0,0.06914366,Low
66.0,0.1523295240487253,0.9274099469184875,52.0,0,0.0013820357,Low
66.0,0.2147164695432659,16.54553985595703,81.0,0,0.008225845,Low
115.0,0.1201407211961301,2.172224998474121,52.0,0,0.0002468718,Low
115.0,0.1232,1.854334115982056,52.0,0,0.0008293698,Low
115.0,0.0948127252781695,3.0014004707336426,21.0,0,0.0024094975,Low
115.0,0.0922677737415671,5.938101291656494,52.0,0,0.00035122022,Low
33.0,0.132018464120856,1.8543341688058628,52.0,0,0.0009839667,Low
33.0,0.114648097488187,0.9274099469184875,52.0,0,0.0007839914,Low
66.0,0.7787863945209287,11.047440528869627,71.0,0,0.0055426396,Low
66.0,0.2461708716556155,20.13271141052246,52.0,0,0.0042609894,Low
66.0,0.2276581418839844,3.488145112991333,22.0,0,0.49428,Medium
66.0,0.2365675921506379,0.9274099469184875,23.0,0,0.010879464,Low
66.0,0.6570379270090407,2.9087162017822266,95.0,0,0.024011893,Low
66.0,0.1806462761361673,1.4557466506958008,82.0,0,0.057838287,Low
66.0,0.4310987288873411,24.468599319458008,71.0,0,0.008658091,Low
66.0,0.3461396520787467,11.979580879211426,52.0,0,0.0026779848,Low
66.0,0.4186967052595919,7.872522354125977,52.0,0,0.101930104,Low
66.0,0.1917095401966879,1.4570541381835938,82.0,0,0.057838287,Low
66.0,0.9155178672822556,5.809140205383301,82.0,0,0.0013312185,Low
66.0,0.3451195252861077,15.385910987854004,52.0,0,0.0026779848,Low
66.0,0.3645655877342419,6.704133033752441,52.0,0,0.43901733,Medium
66.0,0.3580576307363927,11.010774612426758,71.0,0,0.005408985,Low
66.0,0.294753164621107,16.70517921447754,71.0,0,0.0026779848,Low
66.0,0.5117431310726465,20.53407096862793,52.0,0,0.006400609,Low
66.0,0.2774568449837634,2.7802884578704834,81.0,0,0.041189104,Low
66.0,0.2390524840848659,12.706889152526855,22.0,0,0.047377214,Low
66.0,0.1196779581862336,0.0,21.0,0,0.0062583205,Low
66.0,0.483578263073296,1.854334115982056,82.0,0,0.20493613,Low
66.0,0.0788636847261454,1.455715298652649,22.0,0,0.024428874,Low
66.0,0.6347783707347014,2.1668527126312256,22.0,0,0.007896597,Low
66.0,0.4150459700691228,2.426251173019409,22.0,0,0.4855618,Medium
66.0,0.6472779829773568,7.235253810882568,23.0,0,0.052045055,Low
66.0,0.5943177644423947,3.3601419925689697,82.0,0,0.0728112,Low
66.0,0.6049331155031998,4.57233190536499,21.0,0,0.011092358,Low
66.0,0.4509910140518917,19.3592472076416,71.0,0,0.00673179,Low
66.0,0.4304840885247539,3.568612098693848,21.0,0,0.24912143,Low
66.0,0.8071915384540809,23.382689507506345,52.0,0,0.0013467387,Low
66.0,0.6604978878206906,6.837124824523926,82.0,0,0.005338919,Low
66.0,0.5744592827946847,2.910856008529663,82.0,0,0.0728112,Low
66.0,0.4500299638702936,15.716560363769531,71.0,0,0.007966388,Low
66.0,0.1119510839355197,2.425746202468872,23.0,0,0.11756711,Low
66.0,0.6111966410076977,2.2417728900909424,82.0,0,0.019167943,Low
66.0,0.5757894213631941,1.12150776386261,82.0,0,0.0061892085,Low
66.0,0.0333890769105722,2.16662335395813,22.0,0,0.00793314,Low
66.0,0.1607558211493008,1.1218147277832031,21.0,0,0.1038848,Low
66.0,0.5197838732027477,2.997373104095459,22.0,0,0.6524801,High
66.0,0.5088023560209424,1.121518850326538,82.0,0,0.035411105,Low
66.0,0.2396967170976537,2.427289724349976,81.0,0,0.045465983,Low
66.0,0.2543029954950912,4.360292434692383,22.0,0,0.016103812,Low
66.0,0.1223412189373825,0.0,23.0,0,0.014250009,Low
66.0,0.5569568788841779,1.1211531162261963,82.0,0,0.051905025,Low
66.0,0.050114078168086,1.45478618144989,24.0,0,0.0064034904,Low
66.0,0.2185653315824031,1.1212897300720217,82.0,0,0.016123716,Low
66.0,0.4258608838124653,1.4547350406646729,82.0,0,0.9199783,High
66.0,0.04104708311065,1.1212122440338137,24.0,0,0.0025189454,Low
66.0,0.1994801819363222,0.0,23.0,0,0.0073421006,Low
66.0,0.1995982927441627,2.4246225357055664,23.0,0,0.20594525,Low
66.0,0.0762331838565022,0.0,23.0,0,0.0069521153,Low
66.0,0.4791089438102626,1.4542837142944336,71.0,0,0.026863048,Low
66.0,0.2198072143770381,1.4543006420135498,22.0,0,0.37072223,Medium
66.0,0.4008623163178251,0.9274099469184875,23.0,0,0.0068786643,Low
66.0,0.4650634239204336,1.454581618309021,82.0,0,0.90568054,High
66.0,0.5969443709110162,3.5688564777374268,82.0,0,0.003156265,Low
66.0,0.2179632440444377,2.4252283573150635,22.0,0,0.41561356,Medium
66.0,0.4323299491821326,0.9274099469184875,23.0,0,0.018724563,Low
66.0,0.1398253357122734,2.424044609069824,22.0,0,0.09934307,Low
66.0,0.4612601927353595,2.9067752361297607,71.0,0,0.7689914,High
66.0,0.177413102468019,2.240269660949707,21.0,0,0.10638293,Low
66.0,0.1678490348825471,2.2403504848480225,24.0,0,0.11555556,Low
66.0,0.0827020695040999,1.454459547996521,23.0,0,0.03088373,Low
66.0,0.0937449228269699,1.1208137273788452,23.0,0,0.010359969,Low
66.0,0.504665686460047,2.425732612609864,23.0,0,0.27714375,Low
66.0,0.0234611297310553,4.476688385009766,23.0,0,0.003304435,Low
66.0,0.5919457127600214,1.1211715936660769,82.0,0,0.0061892085,Low
66.0,0.4376811594202899,3.704791784286499,23.0,0,0.089699574,Low
66.0,0.37661757312827,2.1666481494903564,22.0,0,0.108527616,Low
66.0,0.1143416432751148,0.9274099469184875,23.0,0,0.014250009,Low
66.0,0.7075970358746794,2.9973607063293457,82.0,0,0.024011893,Low
66.0,0.7075970358746794,2.9973607063293457,82.0,0,0.024011893,Low
66.0,0.39967717904147,5.661940097808838,52.0,0,0.07488437,Low
66.0,0.1368212108322699,0.0,21.0,0,0.0062583205,Low
66.0,0.3262619868324627,19.50105857849121,52.0,0,0.002261096,Low
66.0,0.594586505599626,10.445611000061035,22.0,0,0.104154184,Low
66.0,0.4145641973634089,4.997329235076904,71.0,0,0.1647328,Low
66.0,0.3576931652092055,2.9975900650024414,23.0,0,0.2655416,Low
66.0,0.0760573243166023,1.1223149299621582,23.0,0,0.010359969,Low
66.0,0.3743707926496453,7.111026763916016,71.0,1,0.96994084,High
66.0,0.3689306146398709,2.9973814487457275,52.0,0,0.8555035,High
66.0,0.2757853405077842,12.33711051940918,71.0,0,0.0026779848,Low
66.0,0.2168978064740195,7.705285549163818,23.0,0,0.26485372,Low
66.0,0.1643968871595331,8.27258014678955,21.0,0,0.15979622,Low
66.0,0.3756824553637302,12.790011405944824,21.0,0,0.013942895,Low
66.0,0.623683335181284,3.486618757247925,90.0,0,0.038080707,Low
66.0,0.5869394506837412,19.43994331359864,71.0,0,0.0035076875,Low
115.0,0.0866600505810417,3.422381639480591,52.0,0,0.00053818175,Low
115.0,-0.1685260234051273,0.0,11.0,0,0.0004140123,Low
115.0,0.1144605282793612,2.4456567764282227,52.0,0,0.0006044812,Low
115.0,0.0806244995996797,1.4634836912155151,22.0,0,0.0003093424,Low
115.0,0.0720002954237021,2.9251017570495605,22.0,0,0.0017590106,Low
115.0,0.0420140046682228,1.1323752403259275,21.0,0,0.00037409418,Low
115.0,0.0480161574043911,3.517120361328125,23.0,0,0.00076742074,Low
115.0,0.0155310484684282,2.436042547225952,31.0,0,0.00062566384,Low
115.0,0.0646071256884834,6.83993673324585,52.0,0,0.0012961347,Low
115.0,0.0572640509013785,5.91177225112915,22.0,0,0.0007506687,Low
33.0,0.0738309866826438,8.143251419067383,52.0,0,0.0018097312,Low
33.0,0.0873948577223647,0.9274099469184875,52.0,0,0.00056665775,Low
115.0,0.1295626597232267,5.004631996154785,52.0,0,0.00032304574,Low
115.0,0.1159807589524318,3.85655956856332,52.0,0,0.00032304574,Low
33.0,0.1728977690610443,1.4588114023208618,22.0,0,0.0029552463,Low
33.0,0.1324393023051976,2.4343738555908203,52.0,0,0.0005981495,Low
66.0,0.0410563532722418,4.3299760149053474,52.0,0,0.0007738132,Low
66.0,0.147780866942065,7.275187969207764,52.0,0,0.03075039,Low
66.0,0.0893757392798774,2.427844285964966,52.0,0,0.0068914783,Low
33.0,0.1566176470588235,2.914674758911133,52.0,0,0.0016093642,Low
33.0,0.0959027871888693,3.87113881111145,23.0,0,0.0005273007,Low
33.0,0.2978761377833304,2.250686883926392,52.0,0,0.0007457756,Low
66.0,0.1628896998954325,5.004413604736328,22.0,0,0.091672435,Low
33.0,0.072782874617737,5.685436725616455,23.0,0,0.00044245058,Low
115.0,0.1592190889370932,2.4319849014282227,52.0,0,0.00060241675,Low
115.0,0.2449367453110902,0.9274099469184875,22.0,0,0.0016814619,Low
115.0,0.2577616424636955,4.364034652709961,22.0,0,0.0016197191,Low
115.0,0.1459253241018757,0.9274099469184875,52.0,0,0.001020583,Low
115.0,0.2106487087542219,2.168147325515747,52.0,0,0.00079313334,Low
115.0,0.2538618116121633,16.538082122802734,52.0,0,0.0031079429,Low
115.0,0.3936967756023,22.42940902709961,71.0,0,0.0019219788,Low
33.0,0.360623323563773,9.455839157104492,42.0,0,0.00074645743,Low
115.0,0.7582785082262543,15.71633243560791,43.0,0,0.0005522502,Low
115.0,0.0017889087656529,1.455008029937744,23.0,0,0.000580695,Low
115.0,0.2561256260999052,2.425248622894287,22.0,0,0.0025760673,Low
115.0,0.1556765163297044,3.704791784286499,22.0,0,0.0014714446,Low
115.0,0.594897675923563,14.322009086608888,52.0,0,0.0014081153,Low
115.0,0.2055832070980307,1.454232692718506,23.0,0,0.0050527537,Low
115.0,0.6931896807353959,6.559721946716309,22.0,0,0.018440701,Low
115.0,0.388611941951922,0.0,22.0,0,0.0010869555,Low
115.0,0.2289336316181953,0.0,23.0,0,0.0021336125,Low
115.0,0.2182268056132492,5.707631587982178,22.0,0,0.0023804847,Low
115.0,0.2212986387182267,6.420977592468262,23.0,0,0.05593547,Low
115.0,0.1564057225526442,5.547544956207275,23.0,0,0.001403501,Low
115.0,0.2960146827477714,1.4537599086761477,23.0,0,0.002099677,Low
115.0,0.1000304971027752,1.4537514448165894,23.0,0,0.002564053,Low
115.0,0.0206226192039931,3.8693675994873047,23.0,0,0.00068536133,Low
115.0,0.0574319509762006,12.311010360717772,52.0,0,0.00053839316,Low
115.0,0.0408198121263877,2.422220230102539,22.0,0,0.00052613695,Low
66.0,0.2082180956143816,6.685025691986084,71.0,0,0.019161528,Low
66.0,0.0684020034365516,2.9055092334747314,31.0,0,0.01507752,Low
115.0,0.0604567307692308,4.470097541809082,23.0,0,0.000715983,Low
66.0,0.191210648637228,4.83734941482544,23.0,0,0.02229706,Low
66.0,0.198573241857999,4.992443561553955,22.0,0,0.023352807,Low
66.0,0.1167196698017457,1.4535479545593262,23.0,0,0.035121012,Low
66.0,0.0448693913260842,1.854334115982056,24.0,0,0.009109878,Low
115.0,0.2236396771674043,4.352728843688965,23.0,0,0.0022706622,Low
115.0,0.1033598016445923,2.7802884578704834,22.0,0,0.0009408067,Low
115.0,0.2268481144043363,2.421881914138794,22.0,0,0.0016265492,Low
115.0,0.2677913745990257,2.165522813796997,23.0,0,0.0011665951,Low
66.0,0.3196433396379357,2.237751245498657,23.0,0,0.035354443,Low
115.0,0.1023509396025055,1.854334115982056,23.0,0,0.0009642297,Low
115.0,0.4009161041465766,2.1660802364349365,22.0,0,0.00041476838,Low
66.0,0.5595641424777951,4.566772937774658,22.0,0,0.049261082,Low
66.0,0.5847733533683946,4.759766578674316,22.0,0,0.0036056254,Low
66.0,0.0445729390384933,1.453813552856445,52.0,0,0.0011885071,Low
115.0,0.1257113295395757,4.836419105529785,22.0,0,0.0010241244,Low
115.0,0.0589332918675166,2.905520439147949,21.0,0,0.0012060503,Low
115.0,0.3676908559363669,1.4536327123641968,23.0,0,0.0031984583,Low
33.0,0.3399162117037295,35.01090240478516,52.0,0,0.000578531,Low
33.0,0.4595788001815306,1.1202832460403442,52.0,0,0.0014078913,Low
115.0,0.4019208855608009,15.393641471862791,52.0,0,0.001444198,Low
115.0,0.2687723480333731,4.992303848266602,52.0,0,0.0005625745,Low
115.0,0.5018440409968009,2.4219088554382324,71.0,0,0.0027572303,Low
115.0,0.1377431055263301,3.475367546081543,21.0,0,0.001432598,Low
66.0,0.5747103284540174,5.57668924331665,21.0,0,0.011092358,Low
66.0,0.3677309311870368,6.747275352478027,21.0,0,0.48533186,Medium
115.0,0.1603695910712651,2.1656572818756104,23.0,0,0.0062295436,Low
115.0,0.0591226954863318,2.996588706970215,23.0,0,0.001521142,Low
66.0,0.3458718492663655,3.3572869300842285,23.0,0,0.2655416,Low
66.0,0.055190445904883,0.0,23.0,0,0.0020034334,Low
66.0,0.0265811182401466,2.42297887802124,23.0,0,0.015141341,Low
66.0,0.3330739299610895,4.837362766265869,23.0,0,0.007927846,Low
66.0,0.1507901343966917,2.9966940879821777,23.0,0,0.66431993,High
66.0,0.2300483233269878,7.230778694152832,31.0,0,0.17048515,Low
66.0,0.0783711888684264,2.422999143600464,22.0,0,0.041080564,Low
66.0,0.1726403472751803,2.9966790676116943,22.0,0,0.5256031,Medium
66.0,0.1726278221739468,0.9274099469184875,22.0,0,0.00577823,Low
115.0,0.024321692676123,2.168263505243602,31.0,0,0.00029722194,Low
115.0,0.1269555994225273,0.9274099469184875,52.0,0,0.001020583,Low
33.0,0.0798582299908559,2.9219441413879395,52.0,0,0.0013463233,Low
33.0,0.1249358897412673,2.1712090969085693,52.0,0,0.00022613964,Low
33.0,0.0496415344364785,1.130665302276611,22.0,0,0.00034559978,Low
33.0,0.0545569346710382,5.013746738433838,23.0,0,0.00044245058,Low
33.0,0.2933474128827877,5.295432567596436,23.0,0,0.0003100605,Low
33.0,0.074424898511502,6.84240198135376,22.0,0,0.009628085,Low
33.0,0.0627426936439812,2.9225807189941406,23.0,0,0.0023827155,Low
33.0,0.0718408667081076,5.14572811126709,31.0,0,0.00023535766,Low
33.0,0.549625772860397,3.5812209961992645,52.0,0,0.0011007405,Low
33.0,-0.0230741641095126,2.171457290649414,24.0,0,0.0005933325,Low
33.0,0.0859883521754025,2.171300411224365,52.0,0,0.00017653915,Low
33.0,0.0661492484053704,11.16018295288086,52.0,0,0.00079835096,Low
33.0,0.0939148786493141,4.6065993309021,52.0,0,0.00020950161,Low
66.0,0.2385192127460168,2.9071943759918213,23.0,0,0.6399955,High
66.0,0.0076384468491406,3.5679030418396,24.0,0,0.004442901,Low
66.0,0.0647331011782664,3.834228992462158,23.0,0,0.004294249,Low
66.0,0.2141477547078706,2.7802884578704834,23.0,0,0.75589305,High
66.0,0.1353010625737898,3.4823760986328125,23.0,0,0.17951502,Low
66.0,0.1020699500356887,2.239269733428955,22.0,0,0.041080564,Low
66.0,0.0170926257528894,0.9274099469184875,23.0,0,0.0012989084,Low
66.0,0.1651461060425757,0.9274099469184875,23.0,0,0.65044516,High
33.0,0.1188045400102663,2.238976001739502,23.0,0,0.00061481405,Low
66.0,0.3333191453136971,2.2373411655426025,22.0,0,0.027992168,Low
66.0,0.1961165048543689,0.9274099469184875,23.0,0,0.0073421006,Low
66.0,0.3133316595531006,3.4794654846191406,22.0,0,0.17411067,Low
66.0,0.1057170677423842,2.99653697013855,23.0,0,0.1456844,Low
66.0,0.1832527360651565,2.9964725971221924,23.0,0,0.4892452,Medium
66.0,0.5102590983974838,2.237670660018921,23.0,0,0.12552342,Low
66.0,0.2657914764079147,2.165545463562012,81.0,0,0.0150221195,Low
66.0,0.4686183327611498,1.453260064125061,22.0,0,0.026647571,Low
66.0,0.0479463087248321,6.5593791007995605,22.0,0,0.015954921,Low
66.0,0.2153443766346992,7.625247001647949,71.0,0,0.3350863,Medium
66.0,0.3664088973846555,2.9060964584350586,23.0,0,0.94638544,High
66.0,0.2420431879281935,3.566737174987793,23.0,0,0.6867384,High
66.0,0.1972652993163248,1.854334115982056,22.0,0,0.06891017,Low
66.0,0.0986357999173211,0.9274099469184875,23.0,0,0.0069521153,Low
66.0,0.2873144047929148,1.1194491386413574,22.0,0,0.007848605,Low
66.0,0.5387634936211972,1.4535056352615356,52.0,0,0.026863048,Low
66.0,0.0390634940832166,1.1194418668746948,23.0,0,0.0029928074,Low
66.0,0.0452149791955617,1.1194418668746948,23.0,0,0.0029928074,Low
66.0,0.3305622402100197,2.1656079292297363,71.0,0,0.017816335,Low
115.0,0.0518093049971281,1.119342803955078,24.0,0,0.0003120123,Low
66.0,0.1778038296209456,5.257109642028809,52.0,0,0.0029152883,Low
115.0,0.0168125823196715,1.854334115982056,23.0,0,0.0002729836,Low
66.0,0.0436251162261143,1.1193574666976929,23.0,0,0.0029928074,Low
66.0,0.2295224312590448,0.0,23.0,0,0.010879464,Low
115.0,0.2561736770691994,2.7802884578704834,71.0,0,0.00084003684,Low
115.0,0.3035019455252918,1.4533560276031494,22.0,0,0.0016505874,Low
115.0,0.1066042641705668,2.996379852294922,23.0,0,0.0032215042,Low
66.0,0.143735971402444,9.260223388671877,31.0,0,0.03444607,Low
66.0,0.12009656004828,1.4534943103790283,71.0,0,0.010660921,Low
115.0,0.151232511658894,4.991600036621094,52.0,0,0.00026720625,Low
66.0,0.2421603647796671,20.040939331054688,52.0,0,0.0040574716,Low
66.0,0.169522350914138,0.0,22.0,0,0.00577823,Low
115.0,0.17722524283707,1.854334115982056,22.0,0,0.0010720198,Low
115.0,0.2585616438356164,2.905407667160034,22.0,0,0.005972599,Low
115.0,0.0242744467417107,4.35332727432251,23.0,0,0.00068536133,Low
115.0,0.0537208948409678,2.422755241394043,23.0,0,0.0006354437,Low
115.0,0.0467143007420234,3.3537402153015137,23.0,0,0.001521142,Low
66.0,0.071482092012588,1.1190203428268433,23.0,0,0.0029928074,Low
115.0,0.1468619434835347,1.118976354598999,22.0,0,0.013656219,Low
66.0,0.0566561514195583,2.165401697158813,23.0,0,0.010074325,Low
66.0,0.0600283598550496,4.353048801422119,31.0,0,0.0007738132,Low
115.0,0.2135144087446173,1.854334115982056,71.0,0,0.0008398836,Low
115.0,0.1984344422700587,3.4757564067840576,21.0,0,0.0022471896,Low
66.0,0.1600229550169955,2.165433883666992,21.0,0,0.10755695,Low
66.0,0.1659614043245756,1.4533785581588743,22.0,0,0.01661589,Low
66.0,0.051338666548315,5.135949611663818,23.0,0,0.004294249,Low
66.0,0.0288387395260371,1.854334115982056,22.0,0,0.089378916,Low
66.0,0.1636055382876518,4.353183746337891,24.0,0,0.015407927,Low
66.0,0.0578453498040147,4.991687774658203,24.0,0,0.0033317618,Low
66.0,0.2402987933346101,0.9274099469184875,23.0,0,0.010879464,Low
66.0,0.0524967989756722,1.453827738761902,23.0,0,0.0029928074,Low
66.0,0.1505840528186897,4.565885066986084,23.0,0,0.05071064,Low
66.0,-0.0336594911937377,3.567553758621216,23.0,0,0.026923921,Low
66.0,0.2142138786456587,2.7802884578704834,23.0,0,0.75589305,High
66.0,0.0549409629020496,4.353630542755127,23.0,0,0.004294249,Low
66.0,0.1245674740484429,1.4537005424499512,23.0,0,0.035121012,Low
66.0,0.0518270838309051,3.5671911239624023,24.0,0,0.03745395,Low
66.0,0.0211848281111252,8.260149002075195,24.0,0,0.013235931,Low
66.0,0.0465696465696465,3.48072361946106,23.0,0,0.03894489,Low
66.0,0.0192416525183927,0.9274099469184875,23.0,0,0.0012989084,Low
66.0,-0.0025991578728491,6.4204535484313965,24.0,0,0.023170544,Low
66.0,0.1401434778215621,2.905571222305298,23.0,0,0.31520787,Medium
66.0,0.2541315871531026,5.65679931640625,23.0,0,0.015370622,Low
66.0,0.0966868542928393,2.905277967453003,22.0,0,0.13632853,Low
66.0,0.1865307342343838,4.627367496490479,23.0,0,0.02229706,Low
66.0,0.2006385367767421,7.461450576782227,23.0,0,0.08685239,Low
66.0,0.0384568229187951,2.2375829219818115,23.0,0,0.010074325,Low
66.0,0.0225946258306847,1.453274130821228,24.0,0,0.0015860943,Low
66.0,0.0073418268192615,5.653484344482422,24.0,0,0.004442901,Low
66.0,0.1461649782923299,1.854334115982056,24.0,0,0.14884445,Low
66.0,0.2852870236372407,2.1658828258514404,23.0,0,0.035354443,Low
66.0,0.4675304155474798,2.7802884578704834,22.0,0,0.3925281,Medium
66.0,0.1119395663690768,2.9968764781951904,22.0,0,0.33421713,Medium
66.0,0.0411764705882352,1.119746446609497,23.0,0,0.0029928074,Low
66.0,0.3243093922651934,5.577813625335693,23.0,0,0.007927846,Low
66.0,0.139566216680316,3.704791784286499,23.0,0,0.011579381,Low
66.0,0.154538009193333,1.1197428703308103,23.0,0,0.04807297,Low
66.0,0.235949098621421,0.9274099469184875,23.0,0,0.010879464,Low
66.0,0.1499280180983067,3.4787793159484863,23.0,0,0.4994174,Medium
66.0,0.1388469013172101,0.9274099469184875,23.0,0,0.014250009,Low
66.0,0.4495672142730966,2.1657254695892334,23.0,0,0.18017878,Low
66.0,0.0625128100020495,0.9274099469184875,23.0,0,0.0020034334,Low
66.0,0.1811774049439094,0.9274099469184875,23.0,0,0.0073421006,Low
66.0,0.1084769554706387,2.4200050830841064,23.0,0,0.4283423,Medium
66.0,0.2336778421981346,2.1652374267578125,81.0,0,0.024573145,Low
66.0,0.0347723836720981,6.931283473968506,23.0,0,0.021826016,Low
66.0,0.8497069002048167,2.164860725402832,81.0,0,0.002622102,Low
66.0,0.074399880721634,1.453254461288452,23.0,0,0.02811917,Low
66.0,0.017375306623058,3.869102954864502,23.0,0,0.003304435,Low
66.0,0.1394604481024234,2.903921604156494,23.0,0,0.31638435,Medium
66.0,0.1117191593409792,3.8289780616760254,22.0,0,0.012133954,Low
66.0,0.4370231978826093,6.928135871887207,81.0,0,0.38861325,Medium
66.0,0.1757655781829262,0.9274099469184875,23.0,0,0.0073421006,Low
66.0,0.2440974866717441,4.351198196411133,21.0,0,0.12669495,Low
66.0,0.3282866515266212,0.0,21.0,0,0.002999592,Low
66.0,0.2083090984628167,1.1192474365234375,22.0,0,0.06678452,Low
66.0,0.1023663919170433,1.1192585229873655,23.0,0,0.010359969,Low
66.0,0.1624382964068419,2.42228102684021,22.0,0,0.5805866,Medium
66.0,0.5842696629213483,1.1192255020141602,22.0,0,0.0037827503,Low
66.0,0.4012362268207471,2.42099666595459,22.0,0,0.25517875,Low
66.0,0.1139556665625975,0.0,23.0,0,0.014250009,Low
66.0,0.1113484646194926,4.354086399078369,23.0,0,0.011579381,Low
66.0,0.3369638597596651,5.878429889678955,22.0,0,0.008309006,Low
66.0,0.0599551138185315,0.0,23.0,0,0.0020034334,Low
66.0,0.1474358974358974,3.869422435760498,23.0,0,0.13651805,Low
66.0,0.1448243669039561,3.567310333251953,23.0,0,0.19030431,Low
66.0,0.1959484620540701,1.453745722770691,23.0,0,0.021050869,Low
66.0,0.3387126807771088,1.119122862815857,22.0,0,0.007848605,Low
66.0,0.0649038461538461,3.82971453666687,24.0,0,0.0033317618,Low
66.0,0.1320665364352098,2.42061185836792,23.0,0,0.11756711,Low
66.0,0.4774918986452193,10.92288589477539,21.0,0,0.17289704,Low
66.0,-0.0186242732932036,0.0,24.0,0,0.0018964894,Low
66.0,0.2543994532718264,0.9274099469184875,23.0,0,0.005499066,Low
66.0,0.1967131474103586,1.854334115982056,22.0,0,0.06891017,Low
66.0,0.523435461140978,4.83253288269043,81.0,0,0.041054193,Low
66.0,0.4296642583935401,1.4526548385620115,22.0,0,0.041770425,Low
66.0,0.0734116695815719,8.102328300476074,23.0,0,0.14872663,Low
66.0,0.2650646950092421,3.8287198543548575,23.0,0,0.015370622,Low
66.0,0.310028328611898,3.869009494781494,81.0,0,0.004029901,Low
66.0,0.0147578089633318,3.4776086807250977,24.0,0,0.053040072,Low
66.0,0.0492176728013907,5.254050254821777,23.0,0,0.004294249,Low
66.0,0.3576988155668358,24.35236930847168,52.0,0,0.002261096,Low
66.0,0.0577788816790337,5.256541252136231,21.0,0,0.0022622321,Low
66.0,0.0907168706542512,3.8310370445251465,23.0,0,0.0063582393,Low
66.0,0.2498412634758954,4.60199785232544,71.0,0,0.0057875016,Low
66.0,0.2589243217515469,9.01018524169922,71.0,0,0.049141526,Low
66.0,-0.0318983282906568,3.872249364852905,24.0,0,0.004442901,Low
66.0,0.2577006507592191,14.733610153198242,71.0,0,0.005044744,Low
66.0,0.1807646330653493,10.420066833496094,52.0,0,0.0025586125,Low
66.0,0.1916276163698843,2.9199705123901367,21.0,0,0.38052604,Medium
66.0,0.1192224007157818,5.659783363342285,52.0,0,0.0015685435,Low
66.0,0.1485027951513809,2.1702449321746826,81.0,0,0.016672699,Low
66.0,0.1670776639879312,3.577522039413452,81.0,0,0.0034327607,Low
66.0,0.1139510117145899,1.460350513458252,22.0,0,0.097934335,Low
66.0,0.0781574214967492,2.170119047164917,23.0,0,0.020688757,Low
66.0,0.4408717399071097,1.4597865343093872,22.0,0,0.9067584,High
66.0,0.0328964216701977,2.999675750732422,22.0,0,0.0850663,Low
66.0,0.1285223367697594,2.999675750732422,21.0,0,0.21772201,Low
66.0,0.1789134808853118,4.3730149269104,21.0,0,0.011847576,Low
66.0,0.1671824669993052,4.3730149269104,81.0,0,0.0034327607,Low
66.0,0.1538907124927591,1.4601516723632812,21.0,0,0.120210804,Low
66.0,0.1673894189071986,2.999585151672364,71.0,0,0.10937503,Low
66.0,0.1728654135226444,2.169671535491944,52.0,0,0.017467214,Low
66.0,0.0553470577518674,2.25363564491272,52.0,0,0.0038332408,Low
66.0,0.1239842304288357,1.126646637916565,23.0,0,0.035121012,Low
66.0,0.0406711654203902,0.9274099469184875,23.0,0,0.0020034334,Low
66.0,0.1312589413447782,4.332320469794737,23.0,0,0.011579381,Low
66.0,0.8039955784422097,1.854334115982056,82.0,0,0.0032715423,Low
66.0,0.585637342908438,2.435715436935425,21.0,0,0.0914912,Low
66.0,0.1658504121090084,3.704791784286499,21.0,0,0.011847576,Low
66.0,0.137010843941537,2.916447401046753,52.0,0,0.054999746,Low
66.0,0.1506167720534881,4.369968414306641,52.0,0,0.0020078449,Low
66.0,0.200994530084535,2.253153085708618,21.0,0,0.10638293,Low
66.0,0.1741355248875795,5.142798900604248,52.0,0,0.0029152883,Low
66.0,0.2940117064385412,1.854334115982056,21.0,0,0.018435653,Low
66.0,0.5026847862114684,2.7802884578704834,22.0,0,0.2967767,Low
115.0,0.2773927701816819,2.169352531433105,22.0,0,0.0004695775,Low
66.0,0.0291789187966523,2.2538318634033203,22.0,0,0.31406796,Medium
66.0,0.0977044539785041,1.854334115982056,23.0,0,0.04348374,Low
66.0,0.2096659242761692,5.718645095825195,52.0,0,0.023422867,Low
66.0,0.2529116431572116,1.1261610984802246,23.0,0,0.015821451,Low
66.0,0.3077977498549589,1.854334115982056,23.0,0,0.02116022,Low
66.0,0.1098732542181319,7.462483882904053,23.0,0,0.05527822,Low
66.0,0.1171228390528551,2.4351587295532227,22.0,0,0.09934307,Low
66.0,0.0615248127950765,2.7802884578704834,52.0,0,0.0044431374,Low
66.0,0.3050027793218454,1.4573190212249756,23.0,0,0.20109499,Low
66.0,-1.0,0.0,11.0,0,0.0005662814,Low
66.0,0.2120277563608327,1.4576303958892822,95.0,0,0.17207856,Low
66.0,0.2191458488568179,3.704791784286499,21.0,0,0.045907788,Low
66.0,0.1000855877970049,8.292269706726074,23.0,0,0.025899371,Low
220.0,0.3380274383674251,2.913007974624634,21.0,0,0.09368134,Low
220.0,0.2884319302732183,9.963506698608398,71.0,0,0.0040180734,Low
220.0,0.1714303983630667,17.581165313720703,71.0,0,0.0026926782,Low
220.0,0.2934501954281653,12.952927589416504,52.0,0,0.002586392,Low
220.0,0.3070474777448071,9.962766647338867,21.0,0,0.6147598,High
220.0,0.3530961791831357,14.598366737365724,52.0,0,0.002586392,Low
500.0,0.7144630423398437,29.76224480355281,52.0,0,0.00051748205,Low
220.0,0.3173079629577504,7.250441551208496,71.0,0,0.006819762,Low
220.0,0.3123650940487203,17.510822296142578,71.0,0,0.0021837302,Low
66.0,0.2867959170457878,2.91299057006836,22.0,0,0.29487285,Low
66.0,0.045916153111709,0.9274099469184875,23.0,0,0.0020034334,Low
220.0,0.4710632927033778,15.96958065032959,52.0,0,0.0044530514,Low
66.0,0.3220982571410286,5.676610469818115,21.0,0,0.008309006,Low
66.0,0.4697684315046633,1.4567981958389282,52.0,0,0.87835056,High
66.0,0.203481844411501,2.430426359176636,52.0,0,0.032181386,Low
66.0,0.4357302335471524,23.3751163482666,52.0,0,0.008658091,Low
66.0,0.2047620982487505,0.9274099469184875,21.0,0,0.0032118782,Low
66.0,0.2338771806680248,5.671756744384766,21.0,0,0.029447576,Low
66.0,0.3881977671451356,5.138772010803223,22.0,0,0.053698804,Low
66.0,0.3328854551561975,6.231954097747803,52.0,0,0.003939555,Low
66.0,0.7258335377474197,20.269466400146484,52.0,0,0.0013467387,Low
66.0,0.2164009111617312,2.423854351043701,22.0,0,0.41561356,Medium
66.0,0.0267404399035853,1.4544482231140137,23.0,0,0.0024282455,Low
66.0,0.2359465781332528,5.258866310119629,23.0,0,0.043646246,Low
66.0,0.7704356338717572,24.20064926147461,52.0,0,0.0013467387,Low
66.0,0.5287694246115078,22.38066864013672,71.0,0,0.006400609,Low
66.0,0.7024557297492643,26.38911819458008,52.0,0,0.0013467387,Low
66.0,0.633713324612222,37.33486557006836,52.0,0,0.0035076875,Low
66.0,0.5252487005610823,2.239144802093506,90.0,0,0.34151593,Medium
66.0,0.6071303495132031,15.550593376159668,21.0,0,0.0243437,Low
66.0,0.6488463239756819,2.430970430374145,95.0,0,0.018210247,Low
66.0,0.2562595966833862,24.36821746826172,52.0,0,0.0042609894,Low
66.0,0.2136679193787703,2.2435543537139893,23.0,0,0.7377412,High
66.0,0.1773351794653317,4.847982406616211,23.0,0,0.02229706,Low
66.0,0.1976777303100011,6.464860916137695,23.0,0,0.102226034,Low
66.0,0.2295365278868814,0.9274099469184875,23.0,0,0.010879464,Low
66.0,0.1106219042377545,1.4550508260726929,23.0,0,0.1213948,Low
66.0,0.3656162860631686,3.568662643432617,23.0,0,0.26160127,Low
66.0,0.1626389560173997,3.485223293304444,24.0,0,0.24888721,Low
66.0,0.275699336570686,1.1218444108963013,23.0,0,0.009967206,Low
66.0,0.010010651147273,0.0,11.0,0,0.0005662814,Low
66.0,0.0519031141868512,1.1218554973602295,22.0,0,0.002353141,Low
66.0,0.1755379388448471,3.83669114112854,22.0,0,0.023352807,Low
66.0,0.2647058823529412,2.7802884578704834,23.0,0,0.18153107,Low
66.0,0.0483098306457053,4.991702556610107,23.0,0,0.004294249,Low
66.0,0.1629456847717427,3.4789059162139893,23.0,0,0.67085713,High
66.0,0.6581925537149419,10.133740425109863,22.0,0,0.020596094,Low
66.0,0.0020483408439164,2.165290355682373,24.0,0,0.009732092,Low
66.0,0.2063726213305797,4.351349353790283,23.0,0,0.02229706,Low
66.0,0.1065368567454798,0.9274099469184875,21.0,0,0.003040602,Low
66.0,0.1998086320609643,0.0,21.0,0,0.0032118782,Low
66.0,0.1065314314192966,7.834903240203857,23.0,0,0.025899371,Low
66.0,0.2452399086062452,5.975773334503174,71.0,0,0.0057875016,Low
66.0,0.2732071948499536,2.164764642715454,52.0,0,0.022309918,Low
66.0,0.1408608643146726,3.351847171783448,23.0,0,0.30265206,Medium
66.0,0.0493307839388145,1.854334115982056,23.0,0,0.01172192,Low
66.0,0.2541254125412541,5.657718658447266,21.0,0,0.016103812,Low
66.0,0.1332161687170474,2.4188342094421387,23.0,0,0.11756711,Low
66.0,0.2509855453350854,0.0,24.0,0,0.0037199182,Low
66.0,0.8733728133613513,1.1173408031463623,21.0,0,0.0053509707,Low
66.0,0.3799337149743899,2.995614528656006,22.0,0,0.6695886,High
66.0,0.365752872404757,2.164320230484009,23.0,0,0.7185423,High
66.0,-0.0153088327618679,1.854334115982056,23.0,0,0.0034603786,Low
66.0,0.7797924057285508,1.4513829946517944,23.0,0,0.0017358937,Low
66.0,0.0050850429598456,3.47212815284729,23.0,0,0.039948594,Low
115.0,0.3113176943823973,14.685338020324709,71.0,0,0.00088819163,Low
115.0,0.2273561567313063,2.996013879776001,23.0,0,0.0046209283,Low
115.0,0.1216560509554139,4.833472728729248,22.0,0,0.0010241244,Low
115.0,0.2286174280539343,2.419022560119629,22.0,0,0.0016265492,Low
115.0,0.0610681506106814,2.234225273132324,23.0,0,0.0003018694,Low
115.0,0.1239500642313646,2.902128219604492,22.0,0,0.003512468,Low
115.0,0.1896178803172314,3.8268110752105713,23.0,0,0.0013520619,Low
115.0,0.2211037210138415,0.0,71.0,0,0.0010400563,Low
115.0,0.0829423038794528,5.65728235244751,23.0,0,0.0010619487,Low
115.0,0.4394625383379583,5.560582160949707,22.0,0,0.0019658706,Low
115.0,0.2277319259994029,1.4507588148117063,82.0,0,0.00086142536,Low
115.0,0.2459803564932702,2.900866746902466,21.0,0,0.005972599,Low
115.0,0.0535879844242536,2.41741156578064,21.0,0,0.00034000995,Low
115.0,0.293615747324302,8.36169719696045,52.0,0,0.0004168633,Low
66.0,0.4927441250819211,1.4498705863952637,90.0,0,0.035411105,Low
115.0,0.2754898040783686,7.606140613555908,71.0,0,0.001629367,Low
115.0,0.3203327491298659,0.9274099469184875,71.0,0,0.0006363749,Low
115.0,0.2544670304102844,15.315028190612791,52.0,0,0.0016758187,Low
115.0,0.1679730454434548,2.7802884578704834,23.0,0,0.0018738223,Low
33.0,0.2089323150529281,1.854334115982056,23.0,0,0.0021666607,Low
115.0,0.3576292318020523,2.229884624481201,21.0,0,0.0004695775,Low
115.0,0.0165107493081155,1.1153970956802368,24.0,0,0.0005873845,Low
115.0,0.2797617092826976,0.9274099469184875,21.0,0,0.0010536872,Low
115.0,0.0586449978459924,1.4501782655715942,23.0,0,0.00073658157,Low
115.0,0.3174698393654602,0.0,82.0,0,0.0006363749,Low
115.0,0.1905634112389186,6.83223295211792,52.0,0,0.0016869169,Low
115.0,0.1855395087848403,2.228882312774658,23.0,0,0.0013530182,Low
115.0,0.1872194349088988,2.8967390060424805,22.0,0,0.0015518242,Low
115.0,0.3680278014840247,9.761954307556152,23.0,0,0.2702399,Low
115.0,0.2941906140169526,9.551409721374512,22.0,0,0.098185375,Low
115.0,0.1321506154960173,0.0,22.0,0,0.0028457795,Low
66.0,0.4330262225372076,3.5616698265075684,23.0,0,0.6371926,High
33.0,0.1030360592128992,2.163402557373047,24.0,0,0.0005515232,Low
115.0,0.2300858750370151,0.0,21.0,0,0.0013708416,Low
115.0,0.1095937179924889,2.410804531515289,23.0,0,0.006348877,Low
115.0,0.0447048611111111,3.8132479190826416,24.0,0,0.0007245084,Low
115.0,0.1121124290620356,0.9274099469184875,23.0,0,0.0036188764,Low
115.0,0.2473788482514524,7.089151859283447,21.0,0,0.025677955,Low
115.0,0.3113930410752418,4.758051872253418,71.0,0,0.0006844391,Low
115.0,0.1902079278910171,5.232379913330078,23.0,0,0.0013520619,Low
115.0,0.0592135742682328,5.547544956207275,23.0,0,0.000715983,Low
115.0,0.1864602816519831,3.564624071121216,71.0,0,0.0009513285,Low
33.0,0.0915601460091802,0.9274099469184875,22.0,0,0.0007965288,Low
33.0,0.0601644118340214,2.9958457946777344,23.0,0,0.0023827155,Low
33.0,0.15721487077096,4.75926685333252,23.0,0,0.0006689627,Low
115.0,0.0525042454695605,3.827383041381836,52.0,0,0.00031697587,Low
115.0,0.216278681149174,17.71872901916504,52.0,0,0.0020168205,Low
115.0,0.22372121847738,3.868784189224243,71.0,0,0.0009197188,Low
115.0,0.1757102503808213,2.234145164489746,31.0,0,0.00042790506,Low
115.0,0.1336589949149814,3.8688395023345934,21.0,0,0.0006619456,Low
115.0,0.1142989767743874,2.7802884578704834,21.0,0,0.0007247156,Low
115.0,0.0713225237760192,1.452113151550293,22.0,0,0.0005788686,Low
115.0,0.1042563901784215,0.9274099469184875,22.0,0,0.0020573882,Low
115.0,0.1391975158895735,2.4190359115600586,52.0,0,0.0006044812,Low
115.0,0.0177204112885583,3.564387798309326,24.0,0,0.0028295277,Low
115.0,0.0652856049216465,1.1174792051315308,52.0,0,0.0002775529,Low
115.0,0.1397977550152174,4.348767280578613,52.0,0,0.00032304574,Low
115.0,0.0692490802856524,1.451816201210022,31.0,0,0.0002775529,Low
115.0,0.0813386273397618,2.1640470027923584,31.0,0,0.0015676753,Low
115.0,0.0725470032402646,0.0,21.0,0,0.00038181755,Low
115.0,0.0909090909090909,3.345240354537964,22.0,0,0.003724275,Low
115.0,0.0189078161141094,2.7802884578704834,31.0,0,0.00046358423,Low
115.0,0.0676411646823057,1.4521411657333374,21.0,0,0.00037409418,Low
115.0,0.0648137729267469,1.1173735857009888,31.0,0,0.0002775529,Low
115.0,0.0783529330620409,1.854334115982056,31.0,0,0.00041337046,Low
115.0,0.1127944481142265,2.164595603942871,21.0,0,0.01094512,Low
115.0,0.6132819741693617,1.1164324283599854,23.0,0,0.0025425982,Low
115.0,0.0814483353175417,4.55069637298584,23.0,0,0.0010619487,Low
115.0,0.5326874959902482,4.627367496490479,21.0,0,0.0026416841,Low
33.0,0.2356626506024096,0.9274099469184875,23.0,0,0.00078825763,Low
33.0,0.0531708178767002,2.2312936782836914,24.0,0,0.0002477305,Low
115.0,0.0967129741382898,0.9274099469184875,23.0,0,0.0026168695,Low
115.0,0.1648823769774093,1.115946888923645,22.0,0,0.28684628,Low
115.0,0.7692127207111918,2.163860321044922,22.0,0,0.0005392085,Low
115.0,0.0921879048876495,4.758812427520752,21.0,0,0.0007196564,Low
115.0,0.0491885593183655,1.4506253004074097,52.0,0,0.0002775529,Low
115.0,0.0168794240425917,0.9274099469184875,23.0,0,0.0008151477,Low
115.0,0.1413918418639404,2.995050430297852,24.0,0,0.002869529,Low
33.0,0.101364994076126,2.898163318634033,23.0,0,0.0011931611,Low
115.0,-0.0141331912626531,0.0,23.0,0,0.0008151477,Low
115.0,0.0332219795696625,1.4510678052902222,22.0,0,0.0005788686,Low
115.0,0.1794472557415336,1.1156610250473022,23.0,0,0.0050527537,Low
66.0,0.0502597630027435,1.4522252082824707,24.0,0,0.0025189454,Low
66.0,0.1659412404787812,1.452253341674805,22.0,0,0.01661589,Low
66.0,0.7495359261103817,17.5575008392334,52.0,0,0.0013467387,Low
66.0,0.3766317929774678,2.419271230697632,23.0,0,0.29269975,Low
66.0,0.09091231083917,2.164714097976685,23.0,0,0.119382404,Low
66.0,0.1129580053542174,2.995799779891968,23.0,0,0.30265206,Medium
66.0,0.342537745512849,1.117013454437256,23.0,0,0.009967206,Low
66.0,0.253802148737268,1.4518330097198486,23.0,0,0.015821451,Low
66.0,0.2165843847138417,2.164380073547364,23.0,0,0.36777338,Medium
66.0,0.1555931004675651,4.759328365325928,23.0,0,0.060473394,Low
66.0,0.1582612801369256,8.24662971496582,24.0,0,0.049669415,Low
66.0,0.2508137316334168,5.134376525878906,23.0,0,0.015370622,Low
66.0,0.1045902326556277,1.1178070306777954,23.0,0,0.010359969,Low
66.0,0.3069109739095797,5.647841930389404,23.0,0,0.007927846,Low
66.0,0.181628634310205,3.474936962127685,23.0,0,0.32564214,Medium
66.0,0.3984660839214365,3.4749789237976074,24.0,0,0.7287741,High
66.0,0.3058604246300571,3.8688132762908936,23.0,0,0.007927846,Low
66.0,0.415079612862941,1.452099084854126,23.0,0,0.05256058,Low
66.0,0.3441013663602534,3.8268871307373047,22.0,0,0.008309006,Low
66.0,0.042485877429044,2.902575731277466,24.0,0,0.06230238,Low
66.0,0.2406394560750479,1.117581129074097,23.0,0,0.030986778,Low
66.0,0.0591188624418984,6.217494964599609,22.0,0,0.0045015025,Low
66.0,0.4158532661160571,3.8257064819335938,23.0,0,0.089699574,Low
66.0,0.5542679172853366,1.854334115982056,22.0,0,0.085104935,Low
66.0,0.0561906487981863,4.323183536529541,23.0,0,0.004294249,Low
66.0,0.1445097024117678,4.556509494781494,22.0,0,0.012133954,Low
66.0,0.1920940367676395,3.704791784286499,21.0,0,0.011847576,Low
66.0,0.1545185583647121,1.452040195465088,23.0,0,0.04807297,Low
66.0,0.1665381109319122,8.087942123413086,22.0,0,0.082453705,Low
66.0,0.2591889026701729,6.218155384063721,23.0,0,0.015370622,Low
66.0,0.4457222114928806,5.250021457672119,23.0,0,0.048287563,Low
66.0,0.1967741935483871,2.1643407344818115,23.0,0,0.15444084,Low
66.0,0.0342321835055156,3.563883781433105,24.0,0,0.03495639,Low
66.0,0.3939823181751575,6.464860916137695,23.0,0,0.21273915,Low
66.0,0.2236039529055747,3.563729763031006,24.0,0,0.4526003,Medium
66.0,0.3088355381349011,2.7802884578704834,23.0,0,0.10196172,Low
66.0,0.5838769350598774,1.4511793851852417,23.0,0,0.0048091593,Low
66.0,0.2835519677093844,0.0,23.0,0,0.0034509152,Low
66.0,0.2708961874188041,3.471437931060791,24.0,0,0.18134677,Low
66.0,0.2067623258172572,1.4513355493545532,23.0,0,0.021050869,Low
66.0,0.3248187016712635,0.0,23.0,0,0.0034509152,Low
66.0,0.03302305323496,2.163772821426392,24.0,0,0.076698236,Low
66.0,0.1084145499194229,2.163826942443848,23.0,1,0.970969,High
66.0,0.0257781861181294,2.416440963745117,24.0,0,0.020274965,Low
66.0,0.029034370679409,1.854334115982056,24.0,0,0.14393862,Low
66.0,0.1185865343770859,1.4511960744857788,24.0,0,0.022357594,Low
66.0,0.2208044226321431,0.9274099469184875,23.0,0,0.020394498,Low
66.0,0.161800580335362,2.2315831184387207,24.0,0,0.22092856,Low
66.0,0.0300571040710628,3.561858892440796,24.0,1,0.9753891,High
66.0,0.1423295454545454,2.163454532623291,23.0,0,0.16464795,Low
66.0,0.2209592027405792,2.995023488998413,23.0,0,0.7603468,High
66.0,0.1549697255642053,2.4142327308654785,22.0,0,0.37734458,Medium
66.0,0.2864722688313455,0.9274099469184875,24.0,0,0.0032531067,Low
66.0,0.5208076211045973,1.1150108575820925,23.0,0,0.15963124,Low
66.0,0.1345632973503434,1.4500534534454346,23.0,0,0.035121012,Low
66.0,0.1072743161295447,1.1146575212478638,23.0,0,0.06271853,Low
66.0,0.139606083357314,2.9954874515533447,23.0,0,0.30265206,Medium
66.0,0.1373617302294865,3.471992254257202,24.0,0,0.112415135,Low
66.0,0.1803538839958739,1.4510232210159302,23.0,0,0.021050869,Low
66.0,0.0691384800972557,1.1161569356918335,23.0,0,0.018826554,Low
66.0,0.3302434775004457,3.562702417373657,23.0,0,0.15416543,Low
66.0,0.0499544123998272,1.854334115982056,24.0,0,0.009109878,Low
66.0,0.0712618463205344,2.4172842502593994,24.0,0,0.016339116,Low
66.0,0.0559241947603703,1.1168208122253418,24.0,0,0.0025189454,Low
66.0,0.2404899268811896,2.995591402053833,24.0,0,0.4642391,Medium
66.0,0.1647077700669902,1.1155598163604736,23.0,1,0.9741392,High
66.0,0.2294545262931202,2.1636962890625,23.0,0,0.23508185,Low
66.0,0.4503466958035075,2.230144500732422,23.0,0,0.18017878,Low
66.0,0.6933186373082716,2.230823516845703,22.0,0,0.0020273572,Low
66.0,0.1848580825922767,1.450175404548645,23.0,0,0.021050869,Low
66.0,0.1288190101840271,2.899188041687012,23.0,0,0.13384154,Low
66.0,0.134285574044078,1.854334115982056,23.0,0,0.16464795,Low
66.0,0.0628597785823689,0.9274099469184875,24.0,0,0.0016859568,Low
66.0,0.2427677970747265,1.1153429746627808,23.0,0,0.5413742,Medium
66.0,0.1923684914516403,0.9274099469184875,23.0,0,0.0073421006,Low
66.0,0.1860518164673993,2.163127899169922,23.0,0,0.08608128,Low
66.0,0.0236220472440944,2.1630890369415283,23.0,0,0.0034603786,Low
66.0,0.2570161917015937,3.340130090713501,23.0,0,0.41392702,Medium
66.0,0.0883253292891846,1.4495911598205566,52.0,0,0.003089535,Low
66.0,0.1430763192635673,3.338709831237793,23.0,0,0.30265206,Medium
66.0,-0.0212683960787147,6.655324459075928,24.0,0,0.018914828,Low
66.0,0.540058425010877,2.896760940551758,22.0,0,0.2967767,Low
66.0,0.4658622175706458,1.4493674039840698,22.0,0,0.026647571,Low
66.0,0.0224326456994701,1.4493370056152344,24.0,0,0.0015860943,Low
66.0,0.0609729414338852,2.1627376079559326,24.0,0,0.009109878,Low
66.0,0.318811972353784,2.4118099212646484,24.0,0,0.08447009,Low
66.0,0.238726549175668,2.897538661956787,23.0,0,0.34485626,Medium
66.0,0.1743584008360212,1.449950933456421,23.0,0,0.021050869,Low
66.0,0.0865169851709005,3.341261625289917,24.0,0,0.089845166,Low
66.0,0.0615094284702446,2.228752851486206,24.0,0,0.0078265155,Low
66.0,0.0165684082130514,0.9274099469184875,24.0,0,0.0018964894,Low
66.0,0.0100636783618428,2.228601455688477,24.0,0,0.009732092,Low
66.0,0.0753987722720147,3.867943286895752,23.0,0,0.0063582393,Low
66.0,0.0612061146779961,1.114635944366455,23.0,0,0.018826554,Low
66.0,0.1016480837369567,2.994789123535156,24.0,0,0.089845166,Low
66.0,0.1711497907302193,2.994735717773437,23.0,0,0.4892452,Medium
66.0,0.1434218472631443,1.854334115982056,23.0,0,0.16464795,Low
66.0,0.3434724030051837,1.4493424892425537,23.0,0,0.009967206,Low
66.0,0.0891400018336847,0.9274099469184875,24.0,0,0.004379171,Low
66.0,0.0519399884853752,0.0,23.0,0,0.0020034334,Low
66.0,0.2175835452302445,3.704791784286499,23.0,0,0.07951491,Low
66.0,0.0671480761424573,2.22801160812378,52.0,0,0.0018240554,Low
66.0,0.0094173444818184,1.4498234987258911,24.0,0,0.0015860943,Low
66.0,0.1188954708708428,1.4498234987258911,24.0,0,0.022357594,Low
66.0,0.0124797500208102,3.867919445037842,23.0,0,0.003304435,Low
66.0,0.070563848446565,2.22821307182312,23.0,0,0.010074325,Low
66.0,0.035063148525082,0.9274099469184875,23.0,0,0.0020034334,Low
66.0,0.1717526485490557,1.449447512626648,23.0,0,0.021050869,Low
66.0,0.084530231073966,0.9274099469184875,23.0,0,0.0069521153,Low
66.0,0.0123799437607274,2.1632800102233887,23.0,0,0.0034603786,Low
66.0,0.0283712749078706,3.704791784286499,24.0,0,0.13743368,Low
66.0,0.1473184996344687,1.4504196643829346,23.0,0,0.16863933,Low
66.0,0.3208493862557119,0.0,23.0,0,0.0034509152,Low
66.0,0.0848193059762119,2.899121284484864,23.0,0,0.05661836,Low
66.0,0.3695385282010544,0.9274099469184875,23.0,0,0.01884749,Low
66.0,0.0519509476031215,4.548259735107422,23.0,0,0.004294249,Low
66.0,0.0160447936761868,2.163635015487671,24.0,0,0.0046523227,Low
66.0,0.3512793176972281,3.469944953918457,23.0,0,0.15416543,Low
66.0,0.7604579278763594,0.9274099469184875,21.0,0,0.0024390612,Low
66.0,0.5151051391141992,1.4507921934127808,23.0,0,0.028859252,Low
66.0,0.2785478958164978,1.4507337808609009,22.0,0,0.007848605,Low
66.0,0.0320627231004589,2.7802884578704834,24.0,0,0.018901039,Low
66.0,0.0811006412204901,1.1150758266448977,24.0,0,0.04034519,Low
66.0,0.0518351240294737,2.227400779724121,23.0,0,0.010074325,Low
66.0,0.0261401126088943,2.16283917427063,23.0,0,0.0034603786,Low
66.0,0.0152260482548606,1.854334115982056,22.0,0,0.0027210487,Low
66.0,0.1406282999565828,2.162924289703369,23.0,0,0.16464795,Low
66.0,0.2655634194087744,2.897367477416992,23.0,0,0.18153107,Low
66.0,0.5233035498671819,3.56109881401062,22.0,0,0.40587378,Medium
66.0,0.039483468879472,2.2283856868743896,23.0,0,0.010074325,Low
66.0,0.0438765998667435,0.9274099469184875,23.0,0,0.0020034334,Low
66.0,0.7559676079797043,2.228227376937866,21.0,0,0.0070043756,Low
66.0,0.1786193505611946,0.0,23.0,0,0.0073421006,Low
66.0,0.1318050789293067,8.49909496307373,24.0,0,0.032761842,Low
66.0,0.1532988987428125,3.348107099533081,23.0,0,0.66431993,High
66.0,0.055838020247469,2.7802884578704834,24.0,0,0.018901039,Low
66.0,0.1928489246836003,0.0,23.0,0,0.0073421006,Low
66.0,0.0396702730551262,2.900660753250122,24.0,0,0.06230238,Low
66.0,0.1857149202682894,2.2319743633270264,23.0,0,0.121778674,Low
66.0,0.2163661581137309,1.4513970613479614,71.0,0,0.016123716,Low
66.0,0.3586044951358604,5.247256755828857,23.0,0,0.007927846,Low
66.0,0.147328935454663,1.4508172273635864,23.0,0,0.16863933,Low
66.0,0.2150534245280045,1.854334115982056,23.0,0,0.3110011,Medium
66.0,0.2391334345246308,6.833293437957764,24.0,0,0.105381876,Low
66.0,0.2009264620729589,1.116708278656006,23.0,0,0.021050869,Low
66.0,0.2632056223078667,2.230801820755005,24.0,0,0.04264401,Low
66.0,0.0387060272240157,1.451034426689148,23.0,0,0.0029928074,Low
66.0,0.3896555696348348,1.450477957725525,23.0,0,0.019739296,Low
66.0,0.061516760434559,1.4509202241897583,24.0,0,0.0025189454,Low
66.0,0.2416174668597527,2.995126962661743,22.0,0,0.6597218,High
66.0,0.3543936345726796,4.759121894836426,22.0,0,0.008309006,Low
66.0,0.4610030932390632,2.1635994911193848,22.0,0,0.124670275,Low
66.0,0.4157535662600785,3.46855902671814,22.0,0,0.67011994,High
66.0,0.4177582377736482,2.7802884578704834,23.0,0,0.6025148,High
66.0,0.3687257405628853,5.634018898010254,23.0,0,0.094858095,Low
66.0,0.249716415331836,4.817820549011231,24.0,0,0.009618837,Low
66.0,0.1267637584501611,4.320077419281006,23.0,0,0.011579381,Low
66.0,0.5448537100242665,8.575316429138184,23.0,0,0.04422408,Low
66.0,0.14997533300444,2.417203903198242,24.0,0,0.08988927,Low
66.0,0.2921702876376988,2.4182498455047607,23.0,0,0.08916462,Low
66.0,0.1106258189305546,2.163776397705078,23.0,0,0.8560513,High
66.0,0.0786790442854968,2.9952008724212646,23.0,0,0.1456844,Low
66.0,-0.9333475207490954,0.0,11.0,0,0.0005662814,Low
66.0,0.10912278871578,2.16349720954895,23.0,0,0.48835656,Medium
66.0,0.5049491307443217,4.3436479568481445,23.0,0,0.032074753,Low
66.0,0.6059162697417898,1.1150614023208618,23.0,0,0.029963704,Low
66.0,0.1488178378241104,3.4668118953704834,22.0,0,0.7735137,High
66.0,0.4687339166237775,2.163081645965576,23.0,0,0.15344596,Low
66.0,0.4601785148938298,0.9274099469184875,21.0,0,0.05164703,Low
66.0,0.2774364445752547,2.8973233699798584,71.0,0,0.05320445,Low
66.0,0.0071820999969307,4.980883121490479,24.0,0,0.004442901,Low
66.0,0.7198334144626534,1.854334115982056,52.0,0,0.0024620078,Low
66.0,0.3647848549986801,4.539294719696045,22.0,0,0.2708489,Low
66.0,0.2039017711987679,0.9274099469184875,23.0,0,0.0073421006,Low
66.0,0.5319976658237697,6.8310866355896,52.0,0,0.1728322,Low
66.0,0.6084163873820011,10.180039405822754,23.0,0,0.119329445,Low
66.0,0.2500494951494753,18.994611740112305,71.0,0,0.0042609894,Low
66.0,0.2821246574287066,1.4490996599197388,23.0,0,0.009967206,Low
66.0,0.1092168353755994,0.0,23.0,0,0.055923253,Low
66.0,0.232852536409061,2.410817861557007,22.0,0,0.27311787,Low
66.0,0.2336442982258476,2.9946048259735107,24.0,0,0.4642391,Medium
66.0,0.0396283972143995,0.0,23.0,0,0.0020034334,Low
66.0,0.3024650844395514,14.94123363494873,22.0,0,0.0048389323,Low
66.0,0.3543693680208365,5.627039909362793,23.0,0,0.007927846,Low
66.0,0.1844842880567727,10.56877326965332,23.0,0,0.09681679,Low
66.0,0.032593305559689,5.238835334777832,23.0,0,0.004294249,Low
66.0,0.293184685496537,2.227415084838867,23.0,0,0.035354443,Low
66.0,0.1643690896441547,1.854334115982056,23.0,0,0.4885783,Medium
66.0,0.3779527559055118,5.130734443664551,22.0,0,0.053698804,Low
66.0,0.4917910712386086,1.4489895105361938,22.0,0,0.02281756,Low
66.0,0.4897895718876334,23.06052589416504,52.0,0,0.006400609,Low
66.0,0.1471682619518078,2.906282901763916,23.0,0,0.86134243,High
66.0,0.0598425196850393,0.0,23.0,0,0.0020034334,Low
66.0,0.1266024343507947,4.566243171691895,23.0,0,0.011579381,Low
66.0,0.3471134224211704,12.683441162109377,52.0,0,0.0026779848,Low
66.0,0.5836985518292683,8.611063003540039,52.0,0,0.008304009,Low
66.0,0.3142452448401456,0.9274099469184875,23.0,0,0.0034509152,Low
66.0,0.4176630434782608,0.0,22.0,0,0.0147723,Low
66.0,0.3917729872415311,1.4540767669677734,23.0,0,0.019739296,Low
66.0,0.1959127034186956,0.9274099469184875,23.0,0,0.0073421006,Low
66.0,0.2986075296544611,2.2393798828125,23.0,0,0.093498506,Low
66.0,0.3873843034508183,1.4540258646011353,22.0,0,0.015576255,Low
66.0,0.4396757997814691,4.325562953948975,21.0,0,0.24912143,Low
66.0,0.1227532395151177,4.325944900512695,23.0,0,0.011579381,Low
66.0,0.2143731547490458,2.2395708560943604,22.0,0,0.6885091,High
66.0,0.1411448140900196,3.479687452316284,23.0,0,0.17951502,Low
66.0,0.0272223462779886,1.4534491300582886,23.0,0,0.0010862119,Low
66.0,-0.0110998990918264,2.905159711837769,23.0,0,0.045364123,Low
66.0,0.1236476043276661,1.1186652183532717,23.0,0,0.035121012,Low
66.0,0.0549918889603471,2.9047765731811523,22.0,0,0.06925336,Low
66.0,0.0800442641091848,17.939640045166016,52.0,0,0.0015468922,Low
66.0,0.2033743730050159,1.4529924392700195,24.0,0,0.01103549,Low
66.0,0.2737635594778452,0.9274099469184875,22.0,0,0.0043260516,Low
66.0,0.2400098929442108,0.9274099469184875,23.0,0,0.010879464,Low
66.0,0.4524076147816349,5.547544956207275,23.0,0,0.048287563,Low
66.0,0.1469959167800894,1.854334115982056,24.0,0,0.14884445,Low
66.0,0.0924181779360877,2.420827865600586,23.0,0,0.04920047,Low
66.0,0.200430328827354,2.165309190750122,23.0,0,0.121778674,Low
66.0,0.0031443281158218,4.759736061096191,24.0,0,0.004442901,Low
66.0,0.0800605574850832,2.905853509902954,23.0,0,0.15315847,Low
66.0,0.0971532772768716,4.563426017761231,23.0,0,0.0063582393,Low
66.0,0.3541792838707873,2.9046471118927,23.0,0,0.25376296,Low
66.0,0.4225213204153855,1.854334115982056,23.0,0,0.22397067,Low
66.0,0.1482590324424241,9.07394313812256,23.0,1,0.98828876,High
66.0,0.3183042676875088,4.565069675445557,23.0,0,0.007927846,Low
66.0,0.4809995564098773,0.9274099469184875,23.0,0,0.0101180775,Low
66.0,0.0721539140789104,3.478568315505981,23.0,0,0.03894489,Low
66.0,0.3395354705596395,3.869120836257935,71.0,0,0.0052649966,Low
66.0,0.2511142544503456,3.869120836257935,71.0,0,0.0057875016,Low
66.0,0.1848999629901053,2.16526198387146,24.0,0,0.06217617,Low
66.0,0.4056658338650145,0.9274099469184875,23.0,0,0.0068786643,Low
66.0,0.0150180965983942,5.1353302001953125,23.0,0,0.003304435,Low
66.0,0.2315832593705195,2.7802884578704834,22.0,0,0.30351847,Medium
66.0,0.0327138471367512,2.236361503601074,24.0,0,0.0078265155,Low
66.0,0.4511412978528463,1.4534350633621216,23.0,0,0.033668444,Low
66.0,0.1728630441690498,1.453864574432373,23.0,0,0.021050869,Low
66.0,0.3785310734463276,5.8789825439453125,81.0,0,0.076476745,Low
66.0,0.1401595792260765,3.355780601501465,23.0,0,0.30265206,Medium
66.0,0.0583792581995949,2.23865294456482,24.0,0,0.0078265155,Low
66.0,0.0086711975626904,3.4811575412750244,24.0,0,0.053040072,Low
66.0,0.0700794351279788,2.1658146381378174,23.0,0,0.010074325,Low
66.0,0.2095238095238095,2.4223015308380127,22.0,0,0.6885091,High
66.0,0.068280103154136,0.9274099469184875,23.0,0,0.0020034334,Low
66.0,0.029409458081719,4.467894554138184,24.0,0,0.13743368,Low
66.0,0.5211119125561783,2.996594190597534,22.0,0,0.6524801,High
66.0,0.068602105389437,2.1656289100646973,23.0,0,0.010074325,Low
66.0,0.0229623835153066,1.453460454940796,24.0,0,0.0015860943,Low
66.0,0.038170831343419,1.4533023834228516,24.0,0,0.0025189454,Low
66.0,0.1253918495297805,1.4533052444458008,23.0,0,0.035121012,Low
66.0,0.1569872818480086,0.9274099469184875,23.0,0,0.019661987,Low
66.0,0.0465829635605754,4.324687957763672,24.0,0,0.0033317618,Low
66.0,0.343171451569627,2.904900550842285,22.0,0,0.22790624,Low
66.0,0.262045608489501,2.904928684234619,23.0,0,0.39914337,Medium
66.0,0.2192928039702233,2.905627727508545,23.0,0,0.7708999,High
66.0,0.0278791347690253,1.4540880918502808,24.0,0,0.031756885,Low
66.0,0.680642095258211,5.798203468322754,21.0,0,0.0025535587,Low
66.0,0.3278527480481877,4.566028118133545,23.0,0,0.007927846,Low
66.0,0.3173331044359411,5.706486701965332,52.0,0,0.003939555,Low
66.0,0.5297619895452019,7.785983562469482,23.0,0,0.04422408,Low
66.0,0.0444018688447447,7.461376190185547,22.0,0,0.015968246,Low
66.0,0.4067926741405106,14.234484672546388,23.0,0,0.011195257,Low
66.0,0.0389979847550674,4.323123455047607,24.0,0,0.0033317618,Low
66.0,0.0189417206754333,3.3488144874572754,24.0,0,0.05658906,Low
66.0,0.1088115859718869,2.1645543575286865,23.0,0,0.91693246,High
66.0,0.0361562727493326,1.1177122592926023,23.0,0,0.0029928074,Low
66.0,0.0881705276138465,2.7802884578704834,24.0,0,0.03357551,Low
66.0,0.0370123487771468,2.16456937789917,23.0,0,0.049132615,Low
66.0,0.0285949069028532,2.4183170795440674,24.0,0,0.42675272,Medium
66.0,0.4206607467872703,1.4519226551055908,23.0,0,0.05256058,Low
66.0,0.208296943231441,0.0,24.0,0,0.0038234792,Low
66.0,0.4389720966821429,2.4176931381225586,23.0,0,0.53272885,Medium
66.0,0.1156487097871999,3.82608699798584,23.0,0,0.011579381,Low
66.0,0.0593457175735657,1.1178326606750488,24.0,0,0.0025189454,Low
66.0,0.8377733598409542,2.418431282043457,21.0,0,0.019464588,Low
66.0,0.1805144548144775,3.563643455505371,23.0,0,0.32564214,Medium
66.0,0.4281247335057847,1.854334115982056,23.0,0,0.22397067,Low
66.0,0.2582417582417582,7.821674346923828,23.0,0,0.06112601,Low
66.0,0.2485385370168189,2.164888858795166,22.0,0,0.053260326,Low
66.0,0.1321308362820402,5.647984504699707,23.0,0,0.011579381,Low
66.0,0.4077862281982612,2.164764642715454,23.0,0,0.16884662,Low
66.0,0.0138003198357386,1.117774248123169,24.0,0,0.0015860943,Low
66.0,0.0431918557585635,3.5649471282958984,24.0,0,0.03745395,Low
66.0,0.3657603958725784,0.0,24.0,0,0.0217104,Low
66.0,0.5030660093783815,1.1182340383529663,22.0,0,0.02281756,Low
66.0,0.1297704091377927,6.220963001251221,24.0,0,0.006735856,Low
66.0,0.0378349266190924,1.452444076538086,24.0,0,0.0025189454,Low
66.0,0.132355007728906,4.989530086517334,24.0,0,0.006735856,Low
66.0,0.3080402010050251,2.1650829315185547,23.0,0,0.035354443,Low
66.0,0.0797501974014787,9.45411205291748,23.0,0,0.08287677,Low
66.0,0.1228070175438596,2.1651110649108887,24.0,0,0.028321574,Low
66.0,0.4406892965906558,5.97615909576416,24.0,0,0.20198764,Low
66.0,0.1323775638342403,1.452559232711792,24.0,0,0.022357594,Low
66.0,0.0013717421124828,3.704791784286499,24.0,0,0.004442901,Low
66.0,0.6081048806038999,1.854334115982056,23.0,0,0.008285057,Low
66.0,0.0707756873066117,2.9016308784484863,24.0,0,0.06230238,Low
66.0,0.1067561715028151,2.164288282394409,23.0,0,0.119382404,Low
66.0,0.2338853154509374,2.418498277664185,23.0,0,0.312171,Medium
66.0,0.6798849667118266,1.854334115982056,22.0,0,0.0019251361,Low
220.0,0.2320532522775707,3.868520021438599,23.0,0,0.052662887,Low
66.0,0.7189187580892307,3.563466787338257,22.0,0,0.013784807,Low
66.0,0.4940632960580286,4.759057521820068,22.0,0,0.033577565,Low
66.0,0.1627782337079404,1.451427698135376,23.0,0,0.14397417,Low
66.0,0.2648604680265298,6.412160396575928,24.0,0,0.051107302,Low
66.0,0.5197472353870458,1.4514081478118896,23.0,0,0.028859252,Low
66.0,0.30309662520338,4.347681522369385,23.0,0,0.007927846,Low
66.0,0.3111940298507463,4.32262659072876,24.0,0,0.0074753435,Low
66.0,0.0561797752808988,3.56404709815979,23.0,0,0.04464543,Low
66.0,0.1765150116287996,0.9274099469184875,24.0,0,0.0038234792,Low
66.0,0.0371522693997071,4.459201812744141,24.0,0,0.0033317618,Low
66.0,0.0591444012323855,0.0,24.0,0,0.0016859568,Low
66.0,0.0129327550613087,3.8686232566833496,24.0,0,0.004442901,Low
66.0,0.605380382566163,7.1020989418029785,21.0,0,0.037363306,Low
66.0,0.1461744133107073,2.164699077606201,23.0,1,0.97510356,High
66.0,0.1658955717118308,2.234574556350708,23.0,0,0.121778674,Low
66.0,0.2243472294773937,3.564496755599976,24.0,0,0.4526003,Medium
66.0,0.0534722188546146,2.903085470199585,23.0,0,0.078950986,Low
66.0,0.058509511502775,2.7802884578704834,24.0,0,0.018901039,Low
66.0,0.1255647977924577,2.902676582336426,23.0,0,0.31638435,Medium
66.0,0.1777869070346294,2.235004425048828,23.0,0,0.121778674,Low
66.0,0.176129716933433,3.4757983684539795,23.0,0,0.32564214,Medium
66.0,0.3880385811532564,0.0,23.0,0,0.0068786643,Low
66.0,0.3053487780965176,2.903444528579712,23.0,0,0.25376296,Low
66.0,0.2895163156676695,1.4523935317993164,23.0,0,0.009967206,Low
66.0,0.168674112860084,2.419459819793701,23.0,0,0.20594525,Low
66.0,0.0003072344680927,2.2353906631469727,24.0,0,0.009732092,Low
66.0,0.6090610331233997,3.868947505950928,23.0,0,0.0034394765,Low
66.0,0.2996513200028464,5.975735664367676,24.0,0,0.0074753435,Low
66.0,0.3944584594244476,4.463982105255127,23.0,0,0.05134328,Low
66.0,0.3278731896323649,1.4530656337738037,23.0,0,0.009967206,Low
66.0,0.2875450540648778,2.904427528381348,23.0,0,0.25376296,Low
66.0,0.3098943675798787,2.236807346343994,23.0,0,0.035354443,Low
66.0,-0.010011682851965,1.118661642074585,24.0,0,0.0015860943,Low
66.0,0.2216981132075471,3.351792573928833,24.0,0,0.6212285,High
66.0,0.0044432022997421,1.452879786491394,24.0,0,0.0015860943,Low
220.0,0.580461234600647,2.996313095092773,21.0,0,0.19852014,Low
220.0,0.2986928345691765,7.227017402648926,71.0,0,0.04485243,Low
220.0,0.3184385293648025,2.421530246734619,21.0,0,0.030408321,Low
66.0,0.535754955192844,5.657897472381592,21.0,0,0.09454852,Low
66.0,0.2027622097678142,0.9274099469184875,23.0,0,0.0073421006,Low
66.0,0.0074414209570493,2.419352054595948,24.0,0,0.020274965,Low
66.0,0.1656698564593301,2.7802884578704834,23.0,0,0.23124763,Low
66.0,-0.0092055915444936,3.828089237213135,23.0,0,0.003304435,Low
66.0,0.0876838583422763,3.476797819137573,24.0,0,0.047404952,Low
66.0,0.2130686808361145,1.4528601169586182,24.0,0,0.03976548,Low
66.0,0.1708378672470076,22.034168243408203,24.0,0,0.007529386,Low
66.0,0.0334595471756433,1.854334115982056,24.0,0,0.009109878,Low
66.0,0.0323522747299781,1.1178909540176392,23.0,0,0.0029928074,Low
66.0,0.1060759128301342,3.565557718276977,24.0,0,0.058068614,Low
66.0,0.1010621116832285,7.703044414520264,24.0,0,0.01515781,Low
66.0,0.1010856453558504,3.827802896499634,23.0,0,0.0063582393,Low
66.0,0.0756382724886662,2.420308351516724,24.0,0,0.029083531,Low
66.0,0.0965774313791934,2.419877052307129,23.0,0,0.04920047,Low
66.0,0.0505257481801024,3.566000699996948,24.0,0,0.03745395,Low
66.0,0.1449616971125515,0.9274099469184875,23.0,0,0.014250009,Low
66.0,0.1918406222716088,1.1183363199234009,23.0,0,0.021050869,Low
66.0,0.040484429065744,1.854334115982056,24.0,0,0.009109878,Low
66.0,0.2224826370223837,2.9958267211914062,23.0,0,0.7603468,High
66.0,0.1225392949793988,3.349163055419922,23.0,0,0.30265206,Medium
66.0,0.085395979656091,2.23384690284729,24.0,0,0.012081465,Low
66.0,0.014061676865097,2.164802312850952,24.0,0,0.034239624,Low
66.0,0.0372686803281704,4.560047626495361,23.0,0,0.004294249,Low
66.0,0.0164059519267455,2.90460205078125,24.0,0,0.0601192,Low
66.0,0.054007959067652,6.683277130126953,24.0,0,0.017001161,Low
66.0,0.0113404089221545,0.9274099469184875,24.0,0,0.0018964894,Low
66.0,0.0697415433158554,9.600165367126465,24.0,0,0.0066740853,Low
66.0,0.0703962703962704,2.996459007263184,24.0,0,0.05865204,Low
66.0,0.3886086975617254,2.164398670196533,22.0,0,0.13765247,Low
66.0,0.1748274728885968,0.9274099469184875,23.0,0,0.0073421006,Low
66.0,0.0007623027188796,2.164449453353882,24.0,0,0.034239624,Low
66.0,0.4175395858708891,8.506903648376465,23.0,0,0.08174382,Low
66.0,0.0126336248785228,2.16526198387146,24.0,0,0.009732092,Low
66.0,0.0448065173116089,1.452936053276062,24.0,0,0.0025189454,Low
66.0,0.0443772864641323,1.4528487920761108,24.0,0,0.0025189454,Low
66.0,0.01903685546961,0.9274099469184875,24.0,0,0.0018964894,Low
66.0,0.051980699350688,5.705549240112305,24.0,0,0.0033317618,Low
66.0,0.1693707954095766,5.705670356750488,23.0,0,0.02229706,Low
66.0,0.2715892936401237,1.4543659687042236,23.0,0,0.32963032,Medium
66.0,0.2821608213325983,1.854334115982056,23.0,0,0.02116022,Low
66.0,0.2165337018656951,1.454249620437622,23.0,0,0.057072703,Low
66.0,0.2336320317818125,4.83906364440918,23.0,0,0.043646246,Low
66.0,0.1403556771545827,6.2299981117248535,82.0,0,0.0016780946,Low
66.0,0.0342431953865058,1.1202023029327393,23.0,0,0.0029928074,Low
66.0,0.5101055138413265,0.9274099469184875,22.0,0,0.007967666,Low
66.0,0.4891900974571524,0.0,23.0,0,0.0101180775,Low
66.0,0.2304863362362816,6.474134922027588,21.0,0,0.095013954,Low
66.0,0.2771404190765146,4.993376731872559,23.0,0,0.007927846,Low
66.0,0.0855440714899742,2.2392916679382324,23.0,0,0.05170214,Low
66.0,0.063129452223041,15.535765647888184,23.0,0,0.0058011487,Low
66.0,0.100307803729857,13.277766227722168,23.0,0,0.012750415,Low
66.0,0.0234774625103834,6.559553146362305,23.0,0,0.014120622,Low
66.0,0.195942338494394,2.7802884578704834,23.0,0,0.23124763,Low
66.0,0.6540503085105539,1.120161771774292,22.0,0,0.0037827503,Low
66.0,0.3193407451242083,1.1198346614837646,23.0,0,0.009967206,Low
66.0,0.4781758957654723,5.799417018890381,22.0,0,0.033577565,Low
66.0,0.1139594414470698,3.8347883224487305,22.0,0,0.012133954,Low
66.0,0.1022717891371404,3.704791784286499,24.0,0,0.0036905082,Low
66.0,0.414742927937229,1.454303503036499,21.0,1,0.9825302,High
66.0,0.6139810426540284,6.424700394730848,52.0,0,0.012741492,Low
66.0,0.3636023502437944,2.23966646194458,23.0,1,0.9678325,High
66.0,0.4403166126780607,2.90673565864563,21.0,1,0.97162694,High
66.0,0.2129815330919698,2.9969847202301025,21.0,0,0.9068576,High
66.0,0.0251788405658615,8.60427188873291,24.0,0,0.013235931,Low
66.0,0.3303131422509999,5.799563407897949,22.0,0,0.008309006,Low
66.0,0.3303131422509999,3.8346242904663086,22.0,0,0.008309006,Low
66.0,0.2224083708079828,14.817688941955566,24.0,0,0.03117694,Low
66.0,0.4853841989135013,1.1200257539749146,22.0,0,0.02281756,Low
66.0,0.0536165368057779,3.566980123519897,24.0,0,0.03745395,Low
66.0,0.2508173750583839,2.42228102684021,24.0,0,0.10632615,Low
66.0,0.4853841989135013,1.1200257539749146,22.0,0,0.02281756,Low
66.0,0.1679706710779273,2.906514883041382,24.0,0,0.3269295,Medium
66.0,0.0176116350414725,0.9274099469184875,24.0,0,0.0018964894,Low
66.0,0.3810873486214893,0.9274099469184875,23.0,0,0.0068786643,Low
66.0,0.3149757813018379,1.1195188760757446,23.0,0,0.009967206,Low
66.0,0.4109643857543017,16.319679260253906,21.0,0,0.013942895,Low
66.0,0.4395002192021042,3.869351625442505,23.0,0,0.089699574,Low
66.0,0.0754575081474053,2.422924757003784,24.0,0,0.029083531,Low
66.0,0.0940822467402206,2.99662446975708,24.0,0,0.089845166,Low
66.0,0.5258870787770588,3.48183536529541,23.0,0,0.37131548,Medium
66.0,0.1195038368877468,3.832188844680786,23.0,0,0.011579381,Low
66.0,0.4758733049020078,2.9059383869171143,23.0,0,0.63256776,High
66.0,0.0667383358417545,1.453692078590393,24.0,0,0.0025189454,Low
66.0,0.3760212829571594,2.422098398208618,23.0,0,0.29269975,Low
66.0,0.1403691643528554,2.237743854522705,23.0,0,0.0479375,Low
66.0,0.0973914214906361,2.4223759174346924,24.0,0,0.029083531,Low
66.0,0.5410789408562237,16.331541061401367,21.0,0,0.030181937,Low
66.0,0.2095182061842191,2.908306837081909,22.0,1,0.95158917,High
66.0,0.6664425016812374,17.567562103271484,52.0,0,0.0013467387,Low
66.0,0.2962728995578016,18.71215057373047,52.0,0,0.002261096,Low
66.0,0.6053544359086355,11.102811813354492,22.0,0,0.29052675,Low
66.0,0.0373647058823529,0.9274099469184875,24.0,0,0.0016859568,Low
66.0,0.3723482077542063,3.704791784286499,23.0,0,0.094858095,Low
66.0,0.1812197242578561,1.1204010248184204,23.0,0,0.021050869,Low
66.0,0.2416057132983932,4.354609966278076,22.0,0,0.045665625,Low
66.0,0.0165722228162086,9.972760200500488,23.0,0,0.00839437,Low
66.0,0.200580457916801,2.9053738117218018,23.0,0,0.47394696,Medium
66.0,0.2429118370676385,3.5681145191192627,23.0,0,0.25279883,Low
66.0,0.089430894308943,2.7802884578704834,24.0,0,0.03357551,Low
66.0,0.4637995659893469,7.839173793792725,23.0,0,0.053476933,Low
66.0,0.0125030644765874,2.166205883026123,24.0,0,0.009732092,Low
66.0,0.3882329596190098,1.454797625541687,22.0,0,0.48939943,Medium
66.0,0.6803101852961623,5.804042339324951,81.0,0,0.0010013288,Low
66.0,0.050548198775452,2.427098274230957,23.0,0,0.020980107,Low
66.0,0.1260038984411221,0.9274099469184875,24.0,0,0.0090006385,Low
66.0,0.2324004867025899,1.1217074394226074,23.0,0,0.030986778,Low
66.0,0.0256629597946963,4.99617338180542,23.0,0,0.003304435,Low
66.0,0.0550546391324219,2.166672945022583,24.0,0,0.0078265155,Low
66.0,0.1751152073732718,1.4550508260726929,24.0,0,0.101167426,Low
66.0,0.0990862364363221,2.425248622894287,22.0,0,0.041080564,Low
66.0,0.426963860636226,1.454783320426941,23.0,0,0.92524105,High
66.0,0.1661926046322633,1.4548487663269043,23.0,0,0.19055265,Low
66.0,0.6890319046967001,1.4548118114471436,23.0,0,0.069257945,Low
66.0,0.7207149539612979,3.568865776062012,21.0,0,0.0025535587,Low
66.0,0.0677339901477832,1.4547321796417236,23.0,0,0.008246001,Low
66.0,0.037677304964539,2.7802884578704834,24.0,0,0.018901039,Low
66.0,0.168091168091168,3.484637975692749,23.0,0,0.32564214,Medium
66.0,0.3926654740608228,0.9274099469184875,24.0,0,0.006392854,Low
66.0,0.2682335249460332,7.461564064025879,21.0,0,0.05794757,Low
66.0,0.0743146886388845,2.9078238010406494,24.0,0,0.32484883,Medium
66.0,0.2509481668773704,1.454658269882202,23.0,0,0.32963032,Medium
66.0,0.1352312607210865,1.1208837032318115,24.0,0,0.022357594,Low
66.0,0.234419176398279,2.9970602989196777,23.0,0,0.62633526,High
66.0,0.0654049540773726,2.2404093742370605,24.0,0,0.017200133,Low
66.0,0.0674258315852562,1.4543970823287964,24.0,0,0.0064034904,Low
66.0,0.185888738127544,3.86962890625,23.0,0,0.02229706,Low
66.0,0.0289372599231753,2.423419713973999,24.0,0,0.91791445,High
66.0,0.3107648316298124,3.704791784286499,24.0,0,0.0074753435,Low
66.0,0.234402460456942,2.9969751834869385,23.0,0,0.62633526,High
66.0,0.1470025868856146,2.996997117996216,24.0,0,0.4410433,Medium
66.0,0.3042765405109988,1.4545674324035645,23.0,0,0.20109499,Low
66.0,0.1805985552115583,3.835483074188232,23.0,0,0.02229706,Low
66.0,0.1169622066989074,2.4250171184539795,24.0,0,0.071601674,Low
66.0,0.3122841637888505,2.4250307083129883,24.0,0,0.08447009,Low
66.0,0.409731113956466,2.166377305984497,23.0,0,0.13414833,Low
66.0,0.0425822094256705,2.9075400829315186,24.0,0,0.06198503,Low
66.0,0.0151604646583973,4.569240093231201,24.0,0,0.004442901,Low
66.0,0.265866314593632,2.424710988998413,23.0,0,0.16053256,Low
66.0,0.0107355864811133,2.9970741271972656,24.0,0,0.05658906,Low
66.0,0.0339396212263266,1.4546412229537964,24.0,0,0.0064034904,Low
66.0,0.0784726263485384,3.4837770462036133,24.0,0,0.047404952,Low
66.0,0.0687076713915254,3.56849217414856,24.0,0,0.0033317618,Low
66.0,0.0826942314104701,2.166297197341919,23.0,0,0.020688757,Low
66.0,0.1235701627195102,1.1207915544509888,24.0,0,0.022357594,Low
66.0,0.0720953326713008,2.424302816390991,23.0,0,0.020980107,Low
66.0,0.0693212669683257,1.120297908782959,23.0,0,0.0029928074,Low
66.0,0.0918918918918919,2.9062659740448,24.0,0,0.09477229,Low
66.0,0.0331279360624733,0.0,24.0,0,0.0016859568,Low
66.0,0.7116038634199429,11.47797679901123,21.0,0,0.09759983,Low
66.0,0.5363371058438323,41.28374862670898,52.0,0,0.006400609,Low
66.0,0.2482942746959359,2.424445629119873,23.0,0,0.16053256,Low
66.0,0.2289903444987483,1.854334115982056,23.0,0,0.13680331,Low
66.0,0.0070374574347332,1.120213270187378,24.0,0,0.0015860943,Low
66.0,0.7072965348827418,0.0,71.0,0,0.0009230232,Low
66.0,0.2770642201834862,4.566629886627197,22.0,0,0.008309006,Low
66.0,0.3382451440053583,10.075929641723633,22.0,0,0.022967523,Low
66.0,0.4470007900263984,5.136647701263428,21.0,0,0.1459054,Low
66.0,0.5072093811698543,2.1659398078918457,22.0,0,0.10135711,Low
66.0,0.1933515429766955,3.704791784286499,23.0,0,0.02229706,Low
66.0,0.18743992310157,2.1657614707946777,23.0,0,0.121778674,Low
66.0,0.2302032557711762,5.135883331298828,23.0,0,0.043646246,Low
66.0,0.218212708120965,10.666446685791016,23.0,1,0.46884245,Medium
66.0,0.2190657769304099,2.905221700668335,24.0,1,0.6067056,High
66.0,0.2245999614420667,9.260712623596191,23.0,1,0.98286176,High
66.0,0.4248987998011505,3.353970527648926,24.0,1,0.9399293,High
66.0,0.3711014269845339,15.964398384094238,21.0,0,0.02477547,Low
66.0,0.0578205720670699,0.0,23.0,0,0.0020034334,Low
66.0,0.1037715844177875,3.480437994003296,23.0,0,0.07916154,Low
66.0,0.2201357109042133,1.1194491386413574,23.0,0,0.057072703,Low
66.0,0.1123804318119705,3.56713604927063,23.0,0,0.19030431,Low
66.0,0.6021646921164253,15.394230842590332,21.0,0,0.0243437,Low
66.0,0.1035882566147154,1.1200735569000244,23.0,0,0.010359969,Low
66.0,0.2209110591743974,4.759637832641602,24.0,0,0.042746883,Low
66.0,0.0943995162875066,0.9274099469184875,24.0,0,0.004379171,Low
66.0,0.048097365583115,7.104776382446289,24.0,0,0.08344608,Low
66.0,0.0470187174374477,1.452921986579895,24.0,0,0.0025189454,Low
66.0,0.0497960331973554,2.2362372875213623,24.0,0,0.0078265155,Low
66.0,0.0697259607588779,3.869087219238281,24.0,0,0.0033317618,Low
66.0,0.0294366594564092,3.353170871734619,24.0,0,0.9693579,High
66.0,0.4272171595461146,3.566563129425049,23.0,0,0.82002604,High
66.0,-0.0079930870598401,3.704791784286499,24.0,0,0.004442901,Low
66.0,0.1574338473253379,3.831142425537109,24.0,0,0.010355873,Low
66.0,0.0944608495311029,7.461434364318848,24.0,0,0.01515781,Low
66.0,0.0355792235857065,2.9043095111846924,24.0,0,0.06230238,Low
66.0,0.3036772581220993,0.9274099469184875,22.0,0,0.0027136018,Low
66.0,0.058588704943055,2.4212262630462646,24.0,0,0.016339116,Low
66.0,0.011182770250281,2.165543556213379,24.0,0,0.009732092,Low
66.0,0.0487908358082308,2.1653506755828857,24.0,0,0.0078265155,Low
66.0,0.0610759652139077,3.829953908920288,24.0,0,0.0033317618,Low
66.0,0.287680780623802,2.421212673187256,23.0,0,0.08916462,Low
66.0,0.1382561613144137,12.723715782165527,23.0,0,0.015004103,Low
66.0,0.1684181668646623,2.9962408542633057,23.0,0,0.4892452,Medium
66.0,0.2102011249360831,1.854334115982056,24.0,0,0.15903139,Low
66.0,0.0247282284075976,2.4211249351501465,24.0,0,0.020274965,Low
66.0,0.0261654135338345,1.4530177116394043,24.0,0,0.0015860943,Low
66.0,0.2064655396233132,0.9274099469184875,23.0,0,0.0073421006,Low
66.0,0.5543180118028427,2.235135555267334,22.0,0,0.10135711,Low
66.0,0.278675160050193,1.4523879289627075,23.0,0,0.009967206,Low
66.0,0.0335659630265438,2.7802884578704834,24.0,0,0.018901039,Low
66.0,0.2490009898449242,2.995872974395752,23.0,0,0.41392702,Medium
66.0,0.6350053361792957,4.988458633422852,22.0,0,0.0036056254,Low
66.0,0.0625321226657529,1.452216863632202,23.0,0,0.0029928074,Low
66.0,0.1251137583026581,2.235281229019165,23.0,0,0.0479375,Low
66.0,0.1145299145299144,3.868860483169556,23.0,0,0.011579381,Low
66.0,0.2786016949152542,1.4522112607955933,24.0,0,0.009399398,Low
66.0,0.1770709095156709,3.4745066165924072,22.0,0,0.35837275,Medium
66.0,0.1843039432025329,1.1176539659500122,23.0,0,0.021050869,Low
66.0,0.7453877485823817,5.644976615905762,71.0,0,0.00114084,Low
66.0,0.0911666896239594,1.4515730142593384,24.0,0,0.006534094,Low
66.0,0.552737113594324,1.451743483543396,22.0,0,0.02281756,Low
66.0,0.2775327236865698,0.0,21.0,0,0.002999592,Low
66.0,0.1037126367473512,2.1646595001220703,23.0,0,0.119382404,Low
66.0,0.5903283103191428,0.9274099469184875,23.0,0,0.002191443,Low
66.0,0.009956791283111,1.451743483543396,24.0,0,0.0015860943,Low
66.0,0.4368209376313104,2.90155291557312,22.0,0,0.79760605,High
66.0,0.4805568891022563,2.901563882827759,22.0,0,0.5699436,Medium
66.0,0.2324339922089164,2.164425134658813,23.0,0,0.23508185,Low
66.0,0.2738184546136534,3.8249552249908447,23.0,0,0.015370622,Low
66.0,0.0317740511915269,1.854334115982056,24.0,0,0.12624775,Low
66.0,0.0566755591575772,1.451480746269226,24.0,0,0.0025189454,Low
66.0,0.0068819481206987,1.4515674114227295,24.0,0,0.0015860943,Low
66.0,0.276035271793727,2.99556040763855,22.0,0,0.29487285,Low
66.0,0.0313989004276115,0.0,23.0,0,0.012737463,Low
66.0,0.2857091458588184,3.563806772232056,24.0,0,0.14659941,Low
66.0,0.1278135713930801,2.417478561401367,23.0,0,0.11756711,Low
66.0,0.047893044508377,3.4736151695251465,22.0,0,0.044772457,Low
66.0,0.1196079092110632,2.4173178672790527,24.0,0,0.071601674,Low
66.0,0.0373563828657591,2.9011733531951904,24.0,0,0.06230238,Low
66.0,0.1733647093429421,7.981850624084473,23.0,0,0.08685239,Low
66.0,0.0660907638601266,3.471709728240967,24.0,0,0.030453553,Low
66.0,0.1695092554691407,3.5635619163513184,23.0,0,0.32564214,Medium
66.0,0.0208695288133464,2.9008724689483643,24.0,0,0.068905495,Low
66.0,0.3183747725894481,3.345988750457764,23.0,0,0.2655416,Low
66.0,0.337988744512213,6.213057994842529,22.0,0,0.008309006,Low
66.0,0.4647121997709831,2.995408058166504,24.0,0,0.8645749,High
66.0,0.0352587573787402,1.4511152505874634,24.0,0,0.0025189454,Low
66.0,0.2871790047972909,1.1170716285705566,23.0,0,0.009967206,Low
66.0,0.014367816091954,3.473038673400879,24.0,0,0.053040072,Low
66.0,0.048979471622537,2.4160733222961426,24.0,0,0.016339116,Low
66.0,0.1850812111489873,7.214073657989502,23.0,0,0.39410535,Medium
66.0,0.109674728940784,8.237075805664062,24.0,0,0.16001393,Low
66.0,0.1753666107681878,4.321569442749023,23.0,0,0.02229706,Low
66.0,0.1788489259220194,1.450705885887146,23.0,0,0.021050869,Low
66.0,0.0218574463750399,2.415465831756592,24.0,0,0.020274965,Low
66.0,0.2296192478392899,2.415245532989502,23.0,0,0.312171,Medium
66.0,0.0790202981050108,2.4153923988342285,24.0,0,0.029083531,Low
66.0,-0.593629247287297,4.3211350440979,11.0,0,0.0017399745,Low
66.0,0.0478182374239121,1.4508116245269775,24.0,0,0.0025189454,Low
66.0,0.3315684976836532,4.549864768981934,23.0,0,0.007927846,Low
66.0,0.624356255680097,5.974149227142334,23.0,0,0.0034394765,Low
66.0,0.0297029702970297,3.470164060592652,24.0,0,0.96707165,High
66.0,0.2266049327753539,1.1158599853515625,23.0,0,0.16971457,Low
66.0,-0.0389610389610389,3.4693922996521,24.0,0,0.053040072,Low
66.0,0.0313971010890335,5.637354850769043,24.0,0,0.13743368,Low
66.0,0.0315816432698925,3.868246555328369,24.0,0,0.13743368,Low
66.0,0.0485735284292109,3.469444513320923,24.0,0,0.030453553,Low
66.0,0.005384198004925,1.4505363702774048,24.0,0,0.0015860943,Low
66.0,0.0511178433101967,3.468777656555176,23.0,0,0.03894489,Low
66.0,0.1927162367223065,1.450530767440796,21.0,0,0.009281026,Low
66.0,-0.018889857599535,6.726900100708008,24.0,0,0.018914828,Low
66.0,0.0276500954670815,1.115465760231018,24.0,0,0.17331575,Low
66.0,-0.2879526462395543,0.0,11.0,0,0.0005662814,Low
66.0,0.2849273910866299,1.4505696296691897,24.0,0,0.009399398,Low
66.0,0.0436411897884299,1.450547456741333,24.0,0,0.0025189454,Low
66.0,0.0705388835108099,2.230440616607666,24.0,0,0.0078265155,Low
66.0,0.0356559113747805,2.417445182800293,24.0,0,0.016339116,Low
66.0,0.0397369763618842,2.2327864170074463,24.0,0,0.0078265155,Low
66.0,0.0537442943611345,0.9274099469184875,24.0,0,0.0016859568,Low
66.0,0.5291506017058069,1.4514501094818115,23.0,0,0.028859252,Low
66.0,0.4322539068793297,0.9274099469184875,23.0,0,0.018724563,Low
66.0,-0.0068736667456743,0.0,24.0,0,0.0018964894,Low
66.0,0.3421463516186115,1.116305589675903,23.0,0,0.009967206,Low
66.0,0.6880157324953123,2.417043209075928,22.0,0,0.0056845457,Low
66.0,0.7446869002772052,2.995408058166504,81.0,0,0.018163722,Low
66.0,0.5373981732905455,2.164056301116944,22.0,0,0.12883577,Low
66.0,0.0699736037136843,1.854334115982056,24.0,0,0.009109878,Low
66.0,0.2876672554380701,2.231539726257324,24.0,0,0.033389177,Low
66.0,0.2940278837483526,8.086390495300293,23.0,0,0.03225329,Low
66.0,0.1564828614008941,1.4512547254562378,23.0,0,0.04807297,Low
66.0,0.099211092517332,1.4528404474258425,23.0,0,0.010359969,Low
66.0,-0.0010660083597497,2.1638920307159424,24.0,0,0.034239624,Low
66.0,0.1215487430354688,0.0,24.0,0,0.0090006385,Low
66.0,0.2942304618826913,2.1636757850646973,23.0,0,0.0402338,Low
66.0,0.2604561437112641,3.821259260177612,24.0,0,0.009618837,Low
66.0,0.1961547264820324,2.230852603912353,23.0,0,0.121778674,Low
66.0,-0.0012912979118768,2.7802884578704834,24.0,0,0.023439288,Low
66.0,0.1954372623574144,5.637690544128418,23.0,0,0.02229706,Low
66.0,0.3235889363615921,0.0,24.0,0,0.0032531067,Low
66.0,0.3851288707583905,2.415459156036377,22.0,0,0.25517875,Low
66.0,0.0940749985142924,2.1637167930603027,24.0,0,0.19210179,Low
66.0,0.0391067978176118,0.9274099469184875,24.0,0,0.0016859568,Low
66.0,0.4678157250771357,1.1161606311798096,23.0,0,0.18214534,Low
66.0,0.106484551120541,4.837106704711914,24.0,0,0.0036905082,Low
66.0,0.056338028169014,2.1654810905456543,23.0,0,0.010074325,Low
66.0,0.0005899975369034,6.214550971984863,24.0,0,0.004442901,Low
66.0,0.2016668891728491,3.4716992378234863,23.0,0,0.32564214,Medium
66.0,0.1145248194428522,1.4512602090835571,24.0,0,0.022357594,Low
66.0,0.1072186110160793,5.7961626052856445,23.0,0,0.0063582393,Low
66.0,0.1670339216811507,1.1193795204162598,23.0,0,0.021050869,Low
66.0,0.4549982624811768,3.4789164066314697,23.0,0,0.47487596,Medium
66.0,0.2777942484435221,1.4531980752944946,24.0,0,0.009399398,Low
66.0,0.1574767620250879,1.453322172164917,23.0,0,0.04807297,Low
66.0,0.246547314578005,3.566435098648072,24.0,0,0.36495408,Medium
66.0,0.1249680290551946,2.1654415130615234,23.0,0,0.0479375,Low
66.0,0.0963151746840819,6.683292388916016,23.0,0,0.0333879,Low
66.0,0.2123108208517461,0.9274099469184875,23.0,0,0.030375151,Low
66.0,0.1705339040324396,3.869187116622925,23.0,0,0.02229706,Low
66.0,0.4745423780956775,1.45312762260437,23.0,0,0.028859252,Low
66.0,0.008673086116233,4.627367496490479,24.0,0,0.004442901,Low
66.0,0.4735009250190445,0.0,23.0,0,0.0101180775,Low
66.0,0.2650346681760294,0.9274099469184875,23.0,0,0.005499066,Low
66.0,0.2155870676714646,3.566906690597534,23.0,1,0.95445555,High
66.0,0.0247355144761115,2.165494441986084,24.0,0,0.009732092,Low
66.0,0.1893540338231217,3.8692314624786377,23.0,0,0.02229706,Low
66.0,0.3733347468108414,2.904573917388916,23.0,0,0.7882846,High
66.0,0.1079342387419585,3.829102277755737,23.0,0,0.061813448,Low
66.0,0.1963618024034364,2.165122509002685,23.0,0,0.121778674,Low
66.0,0.100518627024031,2.1650829315185547,24.0,0,0.012081465,Low
66.0,0.3233773693279724,1.1184056997299194,23.0,0,0.009967206,Low
66.0,0.293848167539267,4.351223468780518,22.0,0,0.008309006,Low
66.0,0.5855019679257476,12.678050994873049,52.0,0,0.004153464,Low
66.0,0.6103730432088641,22.603748321533203,52.0,0,0.0035076875,Low
66.0,0.3326442721791559,5.872729778289795,21.0,0,0.008309006,Low
66.0,0.3746752358813072,0.9274099469184875,23.0,0,0.0068786643,Low
66.0,0.3987024476555588,5.705212116241455,23.0,0,0.05134328,Low
66.0,0.0155172413793103,2.9959840774536133,24.0,0,0.05658906,Low
66.0,0.3206621704475781,0.9274099469184875,23.0,0,0.0034509152,Low
66.0,0.0034000214738198,0.9274099469184875,24.0,0,0.0018964894,Low
66.0,0.2746980489315577,2.99590277671814,23.0,0,0.2655416,Low
66.0,0.0293075886280287,2.902312755584717,24.0,1,0.97813225,High
66.0,0.0326128538638102,2.164661407470703,24.0,0,0.038508993,Low
66.0,0.0897509187423438,3.825506687164306,23.0,0,0.0063582393,Low
66.0,0.0396946564885496,0.9274099469184875,24.0,0,0.0016859568,Low
66.0,0.1368837406413335,2.1646406650543213,24.0,0,0.53187037,Medium
66.0,0.3027770288487463,1.452093482017517,23.0,0,0.009967206,Low
66.0,0.171963430561602,1.4520710706710815,24.0,0,0.01103549,Low
66.0,0.2864686843450117,3.4730074405670166,23.0,0,0.15416543,Low
66.0,0.4393181719354698,1.1169625520706177,23.0,0,0.05256058,Low
66.0,0.3484757919904363,3.704791784286499,23.0,0,0.007927846,Low
66.0,0.2044860784342027,1.1176612377166748,23.0,0,0.021050869,Low
66.0,0.1959250295491642,1.4521243572235107,23.0,0,0.021050869,Low
66.0,0.0511486095778793,0.0,24.0,0,0.0016859568,Low
66.0,0.0423883960005633,2.2336578369140625,24.0,0,0.0078265155,Low
66.0,0.088,2.417773485183716,24.0,0,0.029083531,Low
66.0,0.0649998021917158,1.117348074913025,24.0,0,0.0025189454,Low
66.0,0.2327410428196912,0.0,23.0,0,0.010879464,Low
66.0,0.0397553516819571,2.9955427646636963,24.0,0,0.05865204,Low
66.0,0.1913094327740542,6.67414665222168,23.0,0,0.102226034,Low
66.0,0.1982293539908701,1.451486349105835,23.0,0,0.021050869,Low
66.0,0.2717872074000767,2.417123556137085,23.0,0,0.16053256,Low
66.0,0.0907139190093187,2.7802884578704834,23.0,0,0.05661836,Low
66.0,0.149600446013752,2.99556040763855,23.0,0,0.66431993,High
66.0,0.465178697556152,5.133721351623535,23.0,0,0.048287563,Low
66.0,0.1300689284755169,0.0,23.0,0,0.014250009,Low
66.0,0.21782123825743,3.5637614727020264,23.0,0,0.6152998,High
66.0,-0.0045200082935931,3.563512086868286,24.0,0,0.06034401,Low
66.0,0.0192742543340152,1.451517105102539,24.0,0,0.0015860943,Low
66.0,0.0963521208034094,4.553408145904541,23.0,0,0.0063582393,Low
66.0,0.3755754665610614,2.4173378944396973,23.0,0,0.29269975,Low
66.0,0.3185148268128582,4.347172260284424,23.0,0,0.007927846,Low
66.0,0.1377985635543678,2.7802884578704834,24.0,0,0.082105316,Low
66.0,0.0928409684723915,3.5637660026550293,24.0,0,0.054273896,Low
66.0,0.2210249671484888,2.901184558868408,23.0,0,0.7490028,High
66.0,0.1571714858288004,4.347389221191406,23.0,0,0.060473394,Low
66.0,0.1707165109034268,3.8686232566833496,23.0,0,0.02229706,Low
66.0,0.0080325171779734,3.868684768676758,24.0,0,0.004442901,Low
66.0,0.111587982832618,1.4518778324127195,23.0,0,0.035121012,Low
66.0,0.3491611890513097,4.759209156036377,24.0,0,0.0074753435,Low
66.0,0.1744728494122037,0.9274099469184875,24.0,0,0.0038234792,Low
66.0,0.7523693060226231,3.5643150806427,23.0,0,0.011940159,Low
66.0,0.2702702702702703,0.9274099469184875,23.0,0,0.005499066,Low
66.0,0.3875906526994359,2.4180753231048584,23.0,0,0.29269975,Low
66.0,0.1941525810872544,6.676313400268555,23.0,0,0.102226034,Low
66.0,0.0775140894681225,2.1645524501800537,24.0,0,0.07276574,Low
66.0,0.7246949936895246,9.281294822692873,22.0,0,0.048393585,Low
66.0,0.05543561298037,1.1174718141555786,24.0,0,0.0025189454,Low
66.0,0.0213552653409495,5.867466449737549,24.0,0,0.004442901,Low
66.0,0.1214968543181632,5.862873077392578,23.0,0,0.011579381,Low
66.0,0.2545746124429458,1.4510037899017334,23.0,0,0.015821451,Low
66.0,0.358077186407697,2.163879156112671,22.0,0,0.031889036,Low
66.0,0.0161608198659834,0.9274099469184875,24.0,0,0.0018964894,Low
66.0,0.6770863206194436,3.562716007232666,71.0,0,0.01051526,Low
66.0,0.1874089186825998,10.096575736999512,22.0,0,0.059369013,Low
66.0,0.2393824867080904,4.98424768447876,23.0,0,0.043646246,Low
66.0,0.3127802256017986,3.5624043941497803,22.0,0,0.17411067,Low
66.0,0.3024428684003152,0.9274099469184875,23.0,0,0.0034509152,Low
66.0,0.5185752585216392,7.8313493728637695,52.0,0,0.04744906,Low
66.0,0.1831129196337741,5.133193016052246,23.0,0,0.02229706,Low
66.0,0.0456371814092953,3.3462817668914795,24.0,0,0.05865204,Low
66.0,0.0641922725889869,2.163895845413208,23.0,0,0.09679664,Low
66.0,0.0619807542884465,2.995169878005981,23.0,0,0.07440257,Low
66.0,0.3354901326431576,0.9274099469184875,23.0,0,0.0034509152,Low
66.0,0.0592911128485796,1.1165339946746826,24.0,0,0.0025189454,Low
66.0,0.016495365054471,2.995337963104248,24.0,0,0.05658906,Low
66.0,0.6832263091431795,6.559334754943848,23.0,0,0.0040902,Low
66.0,0.1360016085611197,1.4514836072921753,24.0,0,0.022357594,Low
66.0,0.0233357897322525,1.1166102886199951,24.0,0,0.0015860943,Low
66.0,-0.0011172098897362,1.451374650001526,24.0,0,0.0015860943,Low
66.0,0.1332593564006859,0.9274099469184875,23.0,0,0.014250009,Low
66.0,0.0646411547200072,2.995389223098755,24.0,0,0.05865204,Low
66.0,0.2835251963101319,3.868425130844116,23.0,0,0.007927846,Low
66.0,0.0189211567358704,2.231778860092163,24.0,0,0.009732092,Low
66.0,0.1494085532302093,3.345608949661255,23.0,0,0.66431993,High
66.0,0.1148517118974006,2.9004547595977783,23.0,0,0.13384154,Low
66.0,0.0982314084807159,2.9001986980438232,81.0,0,0.0063937865,Low
66.0,0.1126379650610335,7.213777542114258,23.0,0,0.28579167,Low
66.0,0.33203125,2.163832426071167,24.0,0,0.03800799,Low
66.0,0.0432750611394705,2.1636385917663574,24.0,0,0.009109878,Low
66.0,0.1671993827840847,0.9274099469184875,24.0,0,0.0038234792,Low
66.0,0.0695739492181896,2.99529767036438,24.0,0,0.05865204,Low
66.0,0.3260811886442027,8.28909969329834,23.0,0,0.03225329,Low
66.0,0.1563702653433259,1.451168179512024,23.0,0,0.04807297,Low
66.0,0.746964943391079,2.415725946426392,52.0,0,0.0053269323,Low
66.0,0.8150804857384919,1.4507949352264404,21.0,0,0.0053509707,Low
66.0,0.0606167525227577,4.823225975036621,23.0,0,0.004294249,Low
66.0,0.2625750362243842,7.611101150512695,23.0,0,0.06112601,Low
66.0,0.0129204981957862,0.0,24.0,0,0.0018964894,Low
66.0,0.0291434726605753,5.547544956207275,24.0,0,0.13743368,Low
66.0,0.064585115483319,7.833514213562012,23.0,0,0.01688538,Low
66.0,0.0723703204696371,6.469480037689209,23.0,0,0.021826016,Low
66.0,0.6479541252445135,5.657630443572998,22.0,0,0.0036056254,Low
66.0,0.2914767932489451,2.902284860610962,24.0,0,0.24271163,Low
66.0,0.1476879861711321,2.902475118637085,24.0,0,0.45694035,Medium
66.0,0.4703071137574428,3.564783334732056,23.0,0,0.7011422,High
66.0,0.2483394468127292,2.9025702476501465,23.0,0,0.39914337,Medium
66.0,0.7556983263084667,2.9958903789520264,23.0,0,0.023410087,Low
66.0,0.1084842485296686,5.975491046905518,23.0,0,0.061813448,Low
66.0,0.340177690029615,0.9274099469184875,23.0,0,0.0034509152,Low
66.0,0.0742103649187366,11.925151824951172,24.0,0,0.03172663,Low
66.0,0.1512005191434133,2.995853900909424,23.0,0,0.66431993,High
66.0,0.1512005191434133,2.995853900909424,23.0,0,0.66431993,High
66.0,0.2012296051075904,15.900087356567385,24.0,0,0.008908946,Low
66.0,0.162666117234985,2.9958484172821045,24.0,0,0.5009875,Medium
66.0,0.6175560007284647,2.902402400970459,24.0,0,0.128748,Low
66.0,0.1757266474373197,5.134307384490967,24.0,0,0.010786134,Low
66.0,0.2257423282395328,2.418545246124268,23.0,0,0.46208924,Medium
66.0,0.2761580697548526,11.956883430480955,22.0,0,0.0048389323,Low
66.0,0.1613578705754439,2.902156114578247,23.0,0,0.94129056,High
66.0,0.2303112985241225,1.854334115982056,23.0,0,0.13680331,Low
66.0,0.0264227642276422,3.474884510040283,24.0,0,0.053040072,Low
66.0,0.1148696264975334,4.461936950683594,23.0,0,0.011579381,Low
66.0,-0.0217895589403245,4.988349437713623,24.0,0,0.004442901,Low
66.0,0.1958158332672953,1.4523879289627075,24.0,0,0.01103549,Low
66.0,0.3797206414899121,2.903248071670532,23.0,0,0.62234575,High
66.0,0.3110004526935265,1.4530515670776367,23.0,0,0.009967206,Low
66.0,0.1821803694313654,3.5660600662231445,23.0,0,0.34155798,Medium
115.0,0.0181734491743451,9.99030891423097,52.0,0,0.000518641,Low
55.0,0.289407691795566,3.6175610570021695,81.0,0,0.0002471473,Low
55.0,0.1494432454618878,12.357752799987791,71.0,0,0.00051440246,Low
60.0,0.1557762585022119,2.1820535717235843,22.0,0,0.00053143775,Low
66.0,0.0435087983343994,2.7802885155642585,24.0,0,0.018901039,Low
220.0,0.1275542592692029,3.601811323041105,90.0,0,0.0006788588,Low
115.0,0.298722952745462,4.940404365797737,52.0,0,0.0005115414,Low
66.0,0.1102949615517043,3.545890896255385,22.0,0,0.2019568,Low
66.0,0.0453895639742673,2.926356554031372,52.0,0,0.01422853,Low
66.0,0.1471216044022043,10.454729080200195,71.0,0,0.007306488,Low
66.0,0.1666040806108398,1.4637962579727173,71.0,0,0.057838287,Low
66.0,0.2158101704029845,3.583406925201416,21.0,0,0.116534986,Low
220.0,0.148761614717673,10.16514140068272,52.0,0,0.008744086,Low
33.0,0.1683390137521748,1.8543341688295631,52.0,0,0.00058192137,Low
66.0,0.1012855650277857,0.0,23.0,0,0.0069521153,Low
220.0,0.0677609427609427,1.854334115982056,21.0,0,0.004349992,Low
220.0,0.0753880266075388,1.463656306266785,31.0,0,0.0006192804,Low
500.0,0.1500258962997064,1.1356204748153689,21.0,0,0.002737801,Low
66.0,0.2383672195212191,15.991266250610352,71.0,0,0.004803977,Low
66.0,0.7859385382566129,9.554203033447266,52.0,0,0.0030501194,Low
66.0,0.05543199797303,6.4364190101623535,21.0,0,0.009903379,Low
66.0,0.0955922649338448,2.919092523174573,21.0,0,0.09857592,Low
33.0,0.0443632052168758,2.2599697203824247,23.0,0,0.0006727143,Low
33.0,0.0427024820696222,2.169372081756592,52.0,0,0.00016998891,Low
33.0,0.2219285660348864,4.367516994476318,23.0,0,0.0010308424,Low
115.0,0.0626072681143198,2.4420480728149414,52.0,0,0.00028130712,Low
115.0,0.0580361417843376,2.4421610832214355,52.0,0,0.00028130712,Low
66.0,0.7976872823515312,10.097616195678713,21.0,0,0.025183927,Low
66.0,0.4135863437209753,4.8535356521606445,23.0,0,0.089699574,Low
66.0,0.1071039276507518,3.704791784286499,23.0,0,0.0063582393,Low
66.0,0.5589772592021545,13.967876434326172,52.0,0,0.0075749396,Low
66.0,0.2667777529947387,4.760562471841114,52.0,0,0.004331099,Low
66.0,0.185567297772077,2.166837453842163,23.0,0,0.121778674,Low
66.0,0.1047506639126586,1.121459722518921,23.0,0,0.010359969,Low
66.0,0.2964837534877513,3.8701796531677246,52.0,0,0.003939555,Low
66.0,0.3364338510090524,0.9274099469184875,22.0,0,0.0027136018,Low
66.0,0.3932052938995922,2.1681745052337646,52.0,0,0.18812664,Low
66.0,0.5007157209082432,2.425453186035156,24.0,0,0.49617943,Medium
66.0,0.2426439232409381,6.694421291351318,21.0,0,0.095013954,Low
66.0,0.321172239157433,12.76917839050293,52.0,0,0.0026779848,Low
66.0,0.586522462562396,5.978530406951904,52.0,0,0.0023218521,Low
66.0,0.2773673689830276,16.790433883666992,71.0,0,0.002261096,Low
66.0,0.0129751183025491,1.45517897605896,24.0,0,0.0032658267,Low
66.0,0.1141594269166285,1.4550307989120483,23.0,0,0.1213948,Low
66.0,0.6619919182315189,24.62388229370117,52.0,0,0.0013467387,Low
66.0,0.2460888999255028,3.8691229820251465,23.0,0,0.015370622,Low
66.0,0.0907122753842822,3.478430986404419,23.0,0,0.07916154,Low
66.0,0.0558616360973568,5.657839298248291,24.0,0,0.0033317618,Low
66.0,0.1782785967113222,2.165848731994629,24.0,0,0.06217617,Low
66.0,0.2640781691951658,2.165844917297364,23.0,0,0.06681163,Low
66.0,0.7201075420970708,2.9964194297790527,23.0,0,0.023410087,Low
66.0,0.1978717823822548,3.482280731201172,23.0,0,0.32564214,Medium
66.0,0.1637050055327735,3.567548990249634,24.0,0,0.26251197,Low
66.0,0.6574379572514704,4.993001937866211,22.0,0,0.0010682432,Low
66.0,0.3235702173577925,4.837227821350098,23.0,0,0.007927846,Low
66.0,0.2842316705724808,4.564669132232666,23.0,0,0.007927846,Low
66.0,-0.0066358915175995,5.6554365158081055,23.0,0,0.003304435,Low
66.0,0.2710453283996299,9.03294849395752,22.0,0,0.6078667,High
66.0,0.1142625607779578,0.0,23.0,0,0.014250009,Low
66.0,0.3648293963254593,4.836742645762767,23.0,0,0.26160127,Low
115.0,0.0582268208561574,1.119617990473983,31.0,0,0.0002775529,Low
115.0,0.072387700651708,6.837861083390071,31.0,0,0.0012961347,Low
220.0,0.5080982499708976,9.59735107421875,22.0,1,0.9843078,High
220.0,0.272646437701456,11.300172805786133,21.0,1,0.9891468,High
66.0,0.0242899850523168,1.4525704383850098,23.0,0,0.0010862119,Low
220.0,0.6791618608227604,8.915925979614258,23.0,0,0.12247093,Low
66.0,0.1618687346321165,2.9958431720733643,22.0,1,0.95172954,High
66.0,0.0616768098828231,2.1651298999786377,24.0,0,0.0078265155,Low
66.0,0.1965353090661798,2.995373010635376,24.0,0,0.31412098,Medium
66.0,0.284673157162726,4.3221869468688965,24.0,0,0.0074753435,Low
66.0,0.1521871998602985,1.4514249563217163,24.0,0,0.0073410952,Low
66.0,0.229037703995498,1.4509174823760986,24.0,0,0.017625267,Low
66.0,0.0262950801877832,3.477661371231079,24.0,0,0.053040072,Low
66.0,0.0220385674931129,1.4527223110198977,24.0,0,0.0015860943,Low
66.0,0.0325430268568817,1.4526857137680054,24.0,0,0.0025189454,Low
66.0,-0.0026878578941218,1.452430009841919,24.0,0,0.0015860943,Low
66.0,0.0422762045363038,1.854334115982056,24.0,0,0.009109878,Low
66.0,0.2719589495925144,2.1646671295166016,24.0,0,0.048478853,Low
66.0,0.0426857185447034,0.0,23.0,0,0.0020034334,Low
66.0,0.3409052303934846,2.901938199996948,23.0,0,0.25376296,Low
66.0,-0.0045028326528898,2.164134979248047,24.0,0,0.034239624,Low
66.0,0.0541123511206977,2.230635643005371,24.0,0,0.0078265155,Low
66.0,0.0410849969209284,3.46940279006958,24.0,0,0.030453553,Low
66.0,0.2172642350634737,4.558994770050049,23.0,0,0.07951491,Low
66.0,0.0107562101793053,1.4525929689407349,24.0,0,0.0015860943,Low
66.0,0.027027027027027,2.995227575302124,24.0,0,0.05658906,Low
66.0,0.031903794409972,4.3216657638549805,23.0,0,0.004294249,Low
66.0,0.1901687888658572,1.4508895874023438,23.0,0,0.021050869,Low
66.0,0.0194174757281553,9.893756866455078,24.0,0,0.00702564,Low
66.0,0.0228214542921571,2.415058851242065,24.0,0,0.020274965,Low
66.0,-0.0220818254309022,0.0,24.0,0,0.0018964894,Low
66.0,0.4632272748826403,1.452879786491394,24.0,0,0.03135032,Low
66.0,0.0301564867948303,0.9274099469184875,24.0,0,0.01850002,Low
66.0,0.5841391108140754,1.854334115982056,23.0,0,0.008285057,Low
66.0,0.176966692655638,4.759299755096436,52.0,0,0.0029152883,Low
66.0,0.3194398132710904,13.640836715698242,71.0,0,0.0026779848,Low
66.0,0.1413972189646506,2.901580810546875,24.0,0,0.21129999,Low
66.0,0.3131186829217464,5.862975120544434,52.0,0,0.003939555,Low
66.0,0.5533765288798032,3.704791784286499,22.0,0,0.033577565,Low
115.0,0.1633667537281995,2.9010841846466064,71.0,0,0.0030457552,Low
33.0,0.5559105431309904,3.868248462677002,71.0,0,0.0013925445,Low
66.0,0.0535089359655918,1.44976544380188,23.0,0,0.0029928074,Low
66.0,0.0889849559052395,2.1631407737731934,24.0,0,0.025641194,Low
66.0,0.2575126277321291,1.4501116275787354,23.0,0,0.015821451,Low
66.0,0.3909594248409222,11.470555305480955,71.0,0,0.016156519,Low
66.0,0.7997804726450403,1.113866090774536,90.0,0,0.016986879,Low
33.0,-0.0171708143199887,1.452157974243164,24.0,0,0.0007500137,Low
33.0,0.2870253734029152,2.4188544750213623,23.0,0,0.0008590164,Low
115.0,0.242876526458616,9.592941284179688,21.0,0,0.36725026,Medium
33.0,0.7106518282988871,2.232242584228516,82.0,0,0.00016426595,Low
66.0,0.0740363043034876,5.242105960845947,71.0,0,0.0052497797,Low
66.0,0.2817609665074796,6.40707540512085,71.0,0,0.028514912,Low
115.0,0.3337362869835897,2.8980581760406494,71.0,0,0.0007638533,Low
115.0,0.0960201213197218,2.409616822229965,21.0,0,0.0008206297,Low
115.0,0.1519999999999999,2.1621112550112085,23.0,0,0.0012680865,Low
66.0,0.0502860908094588,2.995887756347656,23.0,0,0.07440257,Low
115.0,0.1619421735584717,2.1637279987335205,23.0,0,0.0069063557,Low
115.0,0.2090232863122129,3.4744961261749268,21.0,0,0.015594976,Low
115.0,0.1997989224868042,4.323145866394043,71.0,0,0.0005721448,Low
66.0,0.2101475320294215,0.9274099469184875,22.0,0,0.024023958,Low
66.0,0.2024967872223242,1.4518778324127195,71.0,0,0.006049288,Low
115.0,0.0648036275248397,0.0,31.0,0,0.00028328368,Low
115.0,0.0802344273404851,2.4190359115600586,21.0,0,0.0008206297,Low
33.0,0.1203085063450069,2.9004268646240234,24.0,0,0.0009560306,Low
115.0,0.0369750064416387,1.4510260662178376,22.0,0,0.0005788686,Low
115.0,0.0420433656192555,2.231474638561671,22.0,0,0.00023721241,Low
66.0,0.0425097456840542,3.5588304296437183,23.0,0,0.046905655,Low
500.0,0.0539393311937053,30.36905291287969,31.0,0,0.000598842,Low
220.0,0.1737398342042195,2.998365640640259,52.0,0,0.003697447,Low
115.0,0.0525050795932764,1.4716665744781494,23.0,0,0.00010273576,Low
115.0,0.0342641768031523,2.284018278121948,31.0,0,0.00028130712,Low
220.0,0.1209442195943654,4.763858795166016,52.0,0,0.0011302436,Low
220.0,0.1299284009546539,3.589120388031006,21.0,0,0.029714813,Low
220.0,0.063677557834486,4.511593315094516,52.0,0,0.0017526245,Low
55.0,0.1192102554505473,2.1903297901153564,71.0,0,0.00024428475,Low
55.0,0.1141364062709366,2.3319694995880127,71.0,0,0.0005981495,Low
33.0,0.1156002115282918,2.7802884578704834,52.0,0,0.00065615895,Low
220.0,0.3866577420794287,15.102319042696312,52.0,0,0.004201003,Low
220.0,0.2854502454438857,15.900634765625,52.0,0,0.002586392,Low
220.0,0.2046206422168601,4.761665344238281,81.0,0,0.000989205,Low
220.0,0.2046206422168601,4.761665344238281,81.0,0,0.000989205,Low
500.0,0.0209474337982045,2.9050300121307373,24.0,0,0.0018046502,Low
115.0,0.0361868634069117,2.240321159362793,24.0,0,0.00067746505,Low
115.0,0.1034482758620689,1.454431176185608,52.0,0,0.0005319742,Low
115.0,0.1540289810626389,0.9274099469184875,71.0,0,0.00062978646,Low
115.0,0.0985090103607912,0.0,52.0,0,0.00073746726,Low
115.0,0.1540110226576852,2.2394607067108154,52.0,0,0.00063469715,Low
115.0,0.1042626193935273,2.424302816390991,21.0,0,0.0008206297,Low
115.0,0.1195831047723532,1.4500091075897217,23.0,0,0.0049063205,Low
115.0,0.1322373123659757,1.449746012687683,23.0,0,0.0049063205,Low
66.0,0.0983465971459934,3.0025495905962183,52.0,0,0.022356834,Low
66.0,0.257152887484641,2.99662446975708,23.0,0,0.41392702,Medium
66.0,0.2260320324836454,1.4537005424499512,23.0,0,0.057072703,Low
66.0,0.0292078914627643,3.8317952156066895,24.0,0,0.13743368,Low
66.0,0.58202959014177,10.156331062316896,71.0,0,0.010501164,Low
55.0,0.094542126416199,3.634839046360883,52.0,0,0.00020950161,Low
33.0,0.1438314724162586,1.4633558544910703,52.0,0,0.00093391596,Low
33.0,0.1692176870748299,3.58432352069583,52.0,0,0.00025973486,Low
33.0,0.1824543437446663,2.1721809470718307,52.0,0,0.00037139977,Low
33.0,0.0437413607740746,4.320361614227295,11.0,0,0.00029977778,Low
33.0,0.5767404485353204,3.465265989303589,82.0,0,0.0018232127,Low
33.0,0.4704732107938991,1.854334115982056,82.0,0,0.0023796447,Low
33.0,0.1289550109542976,1.4490584135055542,23.0,0,0.0019022097,Low
33.0,0.4963369963369963,1.4488600492477417,82.0,0,0.0012133186,Low
33.0,0.0836771755996075,1.449005961418152,52.0,0,0.0005551978,Low
33.0,0.1490147783251231,2.415879726409912,21.0,0,0.0025945813,Low
33.0,0.1057497092622159,3.581153688674501,52.0,0,0.00020950161,Low
33.0,0.1074218218436164,6.489491939544678,52.0,0,0.0009687916,Low
33.0,0.0972627553587601,3.000816583633423,21.0,0,0.0027969263,Low
33.0,0.0922991689750692,4.867822970234376,52.0,0,0.00020950161,Low
33.0,0.1188973335050882,4.506764834335732,52.0,0,0.00022370604,Low
33.0,0.1317700767794148,2.441139486067188,52.0,0,0.0005981495,Low
33.0,0.1225262175094616,0.9274099368611016,52.0,0,0.0007839914,Low
33.0,0.069722755970354,1.1408658545569272,23.0,0,0.00043978656,Low
66.0,0.0340251829322234,2.163705587387085,24.0,0,0.076698236,Low
66.0,0.2551222736285525,2.7802884578704834,23.0,0,0.18153107,Low
66.0,0.3251776768029826,5.976971094007816,21.0,0,0.008309006,Low
115.0,0.2228783532984646,2.8956387042999268,22.0,0,0.002279313,Low
66.0,0.3204596915452642,2.1812268297594577,23.0,0,0.035354443,Low
220.0,0.2981866635768495,2.16520357131958,22.0,0,0.011021234,Low
60.0,0.0261460101867572,2.1664879322052,24.0,0,0.0005933325,Low
60.0,0.1636542239685658,2.9077444076538086,23.0,0,0.014927315,Low
60.0,0.265463091550048,2.425194263458252,23.0,0,0.0016766893,Low
60.0,0.8394831299353912,2.9077274799346924,21.0,0,0.007015149,Low
55.0,0.258636185822378,25.65879821777344,42.0,0,0.0010918587,Low
55.0,0.2681238281257211,25.878681182861328,52.0,0,0.0010918587,Low
55.0,0.1591120481180628,12.167044639587402,52.0,0,0.0006197436,Low
55.0,0.1069375239555385,37.78020477294922,42.0,0,0.00058026373,Low
55.0,0.1330831505217091,13.680863949513837,52.0,0,0.0007089475,Low
220.0,0.382587986239746,26.07922090720855,71.0,0,0.0035478617,Low
55.0,0.3581383118590586,16.54811917791199,52.0,0,0.0005976366,Low
66.0,0.0430668632604654,0.0,23.0,0,0.0020034334,Low
66.0,0.2838749419092711,0.927409936849242,21.0,0,0.002999592,Low
115.0,0.0731481428546927,3.905207015551228,52.0,0,0.0023033766,Low
500.0,0.1602133884013078,0.0,52.0,0,0.002680616,Low
66.0,0.2166367444643925,2.2356531620025635,22.0,0,0.26308408,Low
66.0,0.255125214355235,5.253496646881104,52.0,0,0.004331099,Low
66.0,0.034864818228878,1.4526575803756714,23.0,0,0.0029928074,Low
115.0,0.1349687522533012,18.45927505631033,52.0,0,0.0012064679,Low
66.0,0.4702333581495648,5.766191725291521,21.0,0,0.1459054,Low
66.0,0.2592553360521158,1.854334115982056,23.0,0,0.040518373,Low
33.0,0.1678187968818943,2.2306573390960693,23.0,0,0.0009213278,Low
220.0,0.0213002407853306,4.831956386566162,23.0,0,0.040388282,Low
33.0,0.026078929148396,5.246585369110107,24.0,0,0.00061378686,Low
66.0,0.0418751646036344,3.472400188446045,52.0,0,0.0072238944,Low
66.0,0.2882035466461064,5.247391223907471,22.0,0,0.008309006,Low
66.0,0.3358675536437753,3.869574785232544,52.0,0,0.003939555,Low
66.0,-0.0116511318242343,3.560072008698756,24.0,0,0.0633463,Low
66.0,0.1255888731025199,1.4550251960754397,23.0,0,0.1213948,Low
66.0,0.1905973160249101,3.831679821014404,22.0,0,0.023352807,Low
66.0,0.0628630309588814,1.4513719081878662,24.0,0,0.0025189454,Low
66.0,0.3312569210801014,2.231503486633301,23.0,0,0.035354443,Low
66.0,0.069155799991912,4.456445217132568,24.0,0,0.0033317618,Low
66.0,0.336222879190259,0.9274099469184875,23.0,0,0.0034509152,Low
66.0,-0.0185643061736888,1.1167263984680176,24.0,0,0.0015860943,Low
66.0,0.1348589202399467,5.785512447357178,24.0,0,0.006735856,Low
66.0,0.1003622909118939,3.473028421401977,22.0,0,0.09044067,Low
500.0,0.0841316513326378,2.162370443344116,31.0,0,0.00032393116,Low
500.0,0.0570873786407767,1.8543341688295631,52.0,0,0.00017926625,Low
500.0,0.0444955635885638,19.79585317436575,52.0,0,0.000598842,Low
500.0,0.3691844761894982,29.64499282836914,52.0,0,0.0007635408,Low
66.0,0.0974673829623945,5.639654159545898,24.0,0,0.0036905082,Low
66.0,0.1554747985463738,2.9046976566314697,52.0,0,0.08739749,Low
66.0,0.2044251603019823,2.420935869216919,21.0,0,0.10638293,Low
66.0,0.1712866527800032,2.996088743209839,81.0,0,0.09756579,Low
66.0,0.8360561765548867,4.82658052444458,71.0,0,0.00114084,Low
66.0,0.3966212554084716,4.3470139503479,71.0,0,0.09773661,Low
66.0,0.198764001544998,2.903758764266968,23.0,0,0.47394696,Medium
66.0,0.183781110927971,1.452778458595276,24.0,0,0.01103549,Low
66.0,0.0260630446650626,2.903887987136841,24.0,0,0.0601192,Low
66.0,0.0198338247118734,2.904202699661255,24.0,0,0.0601192,Low
66.0,0.0944627511791691,3.565639972686768,23.0,0,0.09624708,Low
66.0,0.2465525079557508,2.165787935256958,23.0,0,0.06681163,Low
33.0,0.5223614783454341,25.427295684814453,52.0,0,0.0011803843,Low
33.0,0.125992265418278,3.868643999099731,24.0,0,0.0003260063,Low
66.0,0.1467042429935807,6.6924591064453125,22.0,0,0.40721077,Medium
33.0,0.2835753282012706,27.080894470214844,52.0,0,0.000578531,Low
33.0,0.3757427029042807,24.44103240966797,71.0,0,0.0009142608,Low
33.0,0.4282475914614948,17.38633918762207,42.0,0,0.0014048276,Low
33.0,0.4909708737864078,29.92070960998535,42.0,0,0.0011803843,Low
33.0,0.4437008172582066,10.00762176513672,52.0,0,0.0029371683,Low
33.0,0.7994915254237287,15.730831267900909,42.0,0,0.0005810695,Low
33.0,0.7036048425276732,31.39817986072186,52.0,0,0.0005624938,Low
33.0,0.6048998372274842,10.992984771728516,71.0,0,0.0033559098,Low
33.0,0.3388837496145544,9.26022720336914,52.0,0,0.00074645743,Low
220.0,0.2928972770494165,11.360717824793747,71.0,0,0.011837994,Low
220.0,0.3456324697200609,25.63823377714797,71.0,0,0.0021837302,Low
33.0,0.0845127550468992,0.0,52.0,0,0.00056665775,Low
33.0,0.1661270792999178,2.4190493902019155,23.0,0,0.0017218696,Low
230.0,0.0789586000853606,2.1626524925231934,52.0,0,0.00032393116,Low
115.0,0.1591452779142793,3.4746639728546143,52.0,0,0.00063188514,Low
115.0,0.0842994422911568,3.564310508980632,52.0,0,0.0006205882,Low
220.0,0.0617887186817434,0.0,52.0,0,0.00089144224,Low
500.0,0.2218273529748939,1.13135027885437,71.0,0,0.0013724641,Low
500.0,0.1806790622473726,5.632900238037109,52.0,0,0.00043945923,Low
500.0,0.195009112575354,8.072257995605469,52.0,0,0.0005124249,Low
500.0,0.2407975460122699,1.460769534111023,52.0,0,0.0007945926,Low
500.0,0.1835239758832478,2.4418506622314453,52.0,0,0.00046152357,Low
500.0,0.2010546408316282,2.4418506622314453,52.0,0,0.00046152357,Low
500.0,0.2047363969551734,3.704791784286499,52.0,0,0.00043945923,Low
500.0,0.2237053715020906,6.257538795471191,71.0,0,0.0005051189,Low
500.0,0.4025276496853098,25.933168512554825,52.0,0,0.0007972851,Low
500.0,0.2535746842090065,27.09022397722467,52.0,0,0.0014370901,Low
500.0,0.2335164835164835,10.59560489654541,82.0,0,0.0008153664,Low
220.0,0.1776453535190852,2.236405372619629,21.0,0,0.017531572,Low
220.0,0.1151249771939427,4.404573993142689,52.0,0,0.0011302436,Low
115.0,0.0812746585735963,3.5695077232980794,52.0,0,0.00035122022,Low
115.0,0.0704132048911093,2.9074606895446777,31.0,0,0.0007145198,Low
115.0,0.0987682631199633,1.4549767664738165,24.0,0,0.0005980021,Low
66.0,0.0061107026040213,0.9274099469184875,24.0,0,0.0018964894,Low
230.0,0.0757613661292619,2.2028701305389404,31.0,0,0.00013975383,Low
500.0,0.0928495197438633,3.5460134472701443,31.0,0,0.00044102687,Low
500.0,0.3980662415140917,2.9903385483651657,82.0,0,0.0031292678,Low
230.0,0.0839782472286132,2.3897767066955566,31.0,0,0.0003422494,Low
230.0,0.0744795554449697,1.4400396347045898,31.0,0,0.0035771723,Low
230.0,0.2652863375112527,7.9545207023620605,22.0,0,0.002127362,Low
230.0,0.5866117147495941,27.20561790466309,52.0,0,0.0008869306,Low
138.0,0.3231133939154484,0.9274099469184875,52.0,0,0.0011587214,Low
500.0,0.156809220503488,5.741281509399414,21.0,0,0.001143162,Low
230.0,0.1693424811084951,8.068448066711426,23.0,0,0.0013135073,Low
230.0,0.0429140830525818,3.5433878898620605,24.0,0,0.00064245187,Low
230.0,0.1808281846747198,1.854334115982056,71.0,0,0.00032252166,Low
230.0,0.0302538811241457,5.119699954986572,24.0,0,0.004572091,Low
138.0,0.1512613651047461,7.161630153656006,23.0,0,0.44833663,Medium
230.0,0.0822828742780986,3.5452358722686768,24.0,0,0.0006426442,Low
230.0,0.064223953969935,3.5452358722686768,24.0,0,0.00064245187,Low
230.0,0.0460713221416509,4.770113468170166,23.0,0,0.0020286147,Low
230.0,0.6332896814564754,7.142436504364014,23.0,0,0.00702732,Low
230.0,0.1333255840985702,2.157514810562134,23.0,0,0.0015780907,Low
230.0,0.5575357197726225,13.923851013183594,21.0,0,0.0031980919,Low
230.0,0.5131229725744618,13.923851013183594,21.0,0,0.0031980919,Low
230.0,0.0922857313435807,2.3924720287323,23.0,0,0.0012838489,Low
230.0,0.2976372551421462,8.95378589630127,22.0,0,0.00070179073,Low
230.0,0.2402739908226374,10.16564655303955,52.0,0,0.0009527168,Low
230.0,0.2125509732013468,2.3924591541290283,23.0,0,0.007378129,Low
230.0,0.6405897088415261,18.460351943969727,21.0,0,0.0016329926,Low
69.0,0.2913514618687385,15.122052192687988,52.0,0,0.0011362345,Low
69.0,0.2611962729185452,8.506828308105469,22.0,0,0.008837238,Low
69.0,0.3075488190608357,15.497231483459473,21.0,0,0.015369123,Low
230.0,0.4377242107590666,21.48895072937012,52.0,0,0.000878506,Low
230.0,0.0197270151944372,4.315759181976318,23.0,0,0.001824012,Low
230.0,0.0526144535190186,2.3920912742614746,23.0,0,0.0008424761,Low
138.0,0.2340028483032952,14.749311447143556,52.0,0,0.0023308697,Low
138.0,0.3422474878898275,14.091973304748535,22.0,0,0.21648023,Low
138.0,0.3389844733529165,14.091973304748535,21.0,0,0.21648023,Low
230.0,0.2377074370006145,2.992018699645996,23.0,0,0.0029718871,Low
230.0,0.3521768862548438,25.95646095275879,71.0,0,0.000490214,Low
230.0,0.2694980694980695,4.966963768005371,23.0,0,0.0025095982,Low
230.0,0.2694980694980695,4.966963768005371,23.0,0,0.0025095982,Low
230.0,0.2360266434984071,2.9919075965881348,22.0,0,0.0034358352,Low
230.0,0.1908386087203926,6.4532647132873535,22.0,0,0.0055334824,Low
230.0,0.2622708188600598,9.19454574584961,71.0,0,0.0018203452,Low
69.0,0.0465044656606097,6.464860916137695,21.0,0,0.010519612,Low
138.0,0.7188870765318844,7.155096530914307,52.0,0,0.0039993376,Low
138.0,0.2866941015089163,9.175312042236328,22.0,0,0.5966496,Medium
230.0,0.4372675278966524,4.510551929473877,23.0,0,0.0024189765,Low
230.0,0.0141455760639126,1.1034544706344604,24.0,0,0.0009804076,Low
230.0,0.6215730337078652,4.775935649871826,22.0,0,0.0017484449,Low
230.0,0.6375580836404423,4.775935649871826,22.0,0,0.0017484449,Low
138.0,0.6853282768428537,8.569951057434082,23.0,0,0.026065448,Low
230.0,0.1672640382317801,9.449131965637209,21.0,0,0.013694288,Low
230.0,0.4764119601328904,8.07586669921875,22.0,0,0.0013912255,Low
230.0,0.4660600545950864,6.635366439819336,23.0,0,0.008018914,Low
230.0,0.5243757431629013,8.4707612991333,22.0,0,0.0015872009,Low
230.0,0.2962621984901491,3.865809917449951,21.0,0,0.0008682109,Low
230.0,0.4751309791113832,6.634247303009033,23.0,0,0.0069170156,Low
230.0,0.3645714285714285,9.865849494934082,23.0,0,0.019066816,Low
230.0,0.3189935470961933,8.048230171203613,23.0,0,0.0006693619,Low
230.0,0.2104814414824077,2.9919140338897705,23.0,0,0.027705057,Low
230.0,0.1807353702744692,0.0,24.0,0,0.00071214663,Low
69.0,0.0230305639259577,5.122966289520264,24.0,0,0.0015657479,Low
230.0,0.3361984762648954,10.608744621276855,21.0,0,0.0032833964,Low
230.0,0.3622303221357501,7.802426815032959,21.0,0,0.00070179073,Low
230.0,0.4123469653555613,3.799955129623413,21.0,0,0.0043483297,Low
230.0,0.5257297622630153,4.325725078582764,21.0,0,0.003152419,Low
230.0,0.0566448801742919,7.181260585784912,24.0,0,0.005171341,Low
230.0,0.2988782186044165,5.75241756439209,23.0,0,0.0008280985,Low
230.0,0.1969488558209328,5.209783554077148,23.0,0,0.0016247521,Low
230.0,0.2761623616236162,9.172223091125488,22.0,0,0.011005399,Low
138.0,0.3907539900935608,7.252535820007324,52.0,0,0.003908254,Low
230.0,0.5579460551918384,1.4466594457626345,21.0,0,0.015202636,Low
138.0,0.1163420174972207,1.1074975728988647,23.0,0,0.06526965,Low
138.0,0.0788177339901477,1.1074941158294678,23.0,0,0.035127282,Low
138.0,0.1833985619368345,6.636142253875732,24.0,0,0.009631983,Low
138.0,0.0250314641308908,0.0,24.0,0,0.00087988155,Low
138.0,0.3326419497018408,4.756933689117432,52.0,0,0.00093151745,Low
230.0,0.4026367631459312,5.759195804595947,52.0,0,0.0022278565,Low
230.0,0.3574199806013579,1.444719314575195,23.0,0,0.0029643616,Low
230.0,0.473561084764726,5.531435966491699,52.0,0,0.0016655052,Low
230.0,0.6817536666140988,0.9274099469184875,23.0,0,0.0016851808,Low
230.0,0.6824680210684725,0.9274099469184875,23.0,0,0.0016851808,Low
230.0,0.5385569055293825,8.986283302307129,21.0,0,0.002549275,Low
230.0,0.4086638830897703,3.704791784286499,52.0,0,0.0022278565,Low
230.0,0.3999158957106812,4.521231174468994,22.0,0,0.0019443192,Low
230.0,0.3999158957106812,4.521231174468994,22.0,0,0.0019443192,Low
230.0,0.3161715183716231,10.613567352294922,21.0,0,0.0032833964,Low
230.0,0.3962714358985795,2.892221450805664,81.0,0,0.0009848103,Low
138.0,0.4109916524056486,1.854334115982056,81.0,0,0.0026767727,Low
230.0,0.2705600568851631,4.955198764801025,23.0,0,0.0025095982,Low
138.0,0.4144131963223363,4.756297588348389,52.0,0,0.00589889,Low
230.0,0.2422078658052816,3.3202900886535645,23.0,0,0.0029718871,Low
230.0,0.3309241094475993,14.47616481781006,71.0,0,0.00058078713,Low
138.0,0.111531190926276,6.827463150024414,22.0,0,0.31116754,Medium
230.0,0.1365674684060334,2.9921014308929443,52.0,0,0.0008267715,Low
230.0,0.4140889004419028,14.47616481781006,52.0,0,0.001232328,Low
230.0,0.1223781998348472,8.471295356750488,71.0,0,0.0011598014,Low
230.0,0.3994307400379506,3.799955129623413,21.0,0,0.002577901,Low
138.0,0.5236359494247637,11.248597145080566,52.0,0,0.008611419,Low
230.0,0.4057659694742792,5.698040008544922,52.0,0,0.0022278565,Low
230.0,0.2146829312045923,5.240057468414307,23.0,0,0.007919787,Low
230.0,0.3286723481282155,7.093635559082031,23.0,0,0.0034988204,Low
230.0,0.3215672858264072,7.70073127746582,23.0,0,0.0006693619,Low
230.0,0.3583729458101317,4.758498191833496,52.0,0,0.00045766175,Low
138.0,0.2604213141044965,20.115068435668945,23.0,0,0.42890808,Medium
138.0,0.400676863341816,16.799057006835938,52.0,0,0.0055792397,Low
230.0,0.542557278648364,6.55727481842041,21.0,0,0.009199486,Low
138.0,0.5051121993219609,7.904695987701416,21.0,0,0.18389049,Low
138.0,0.4294219417870954,7.903676509857178,52.0,0,0.004305028,Low
138.0,0.3578449217327994,9.442855834960938,52.0,0,0.0026814714,Low
230.0,0.4214228018676492,14.596564292907717,52.0,0,0.0013130446,Low
230.0,0.4842285181540374,16.709123611450195,52.0,0,0.00084529334,Low
230.0,0.2493150048222731,19.15006256103516,52.0,0,0.0014370901,Low
69.0,0.2676977462205403,18.131946563720703,52.0,0,0.0018095347,Low
69.0,0.3608412732477861,5.197512626647949,21.0,0,0.0009323468,Low
69.0,0.2787414504046654,17.30264663696289,52.0,0,0.0009591221,Low
69.0,0.2652293982502146,21.190528869628903,52.0,0,0.0018095347,Low
69.0,0.294931395891117,13.811903953552246,52.0,0,0.0011362345,Low
69.0,0.0373815380098744,2.1570944786071777,23.0,0,0.00040472334,Low
230.0,0.3244058211579615,11.785534858703612,52.0,0,0.00058078713,Low
230.0,0.2472187161501167,11.932071685791016,71.0,0,0.0017023123,Low
230.0,0.2129997661912555,2.7802884578704834,71.0,0,0.0010498936,Low
230.0,0.2528140601314681,12.229421615600586,71.0,0,0.0017023123,Low
230.0,0.1969421968348442,2.1562111377716064,23.0,0,0.0009203022,Low
230.0,0.5396358085268782,7.133224964141846,23.0,0,0.007885237,Low
230.0,0.5021421184813118,9.858654022216797,22.0,0,0.015759757,Low
230.0,0.3976347719244356,1.1072629690170288,52.0,0,0.0004983287,Low
230.0,0.1659879057139331,8.83625602722168,71.0,0,0.0011245013,Low
230.0,0.5992102665350444,31.73961639404297,52.0,0,0.0008869306,Low
230.0,0.3061744112030553,6.865735054016113,52.0,0,0.0021693532,Low
230.0,0.6658870698296024,5.687183856964111,23.0,0,0.000925817,Low
138.0,0.2943847434539124,11.430757522583008,52.0,0,0.008692821,Low
69.0,0.0761342169180485,2.888206018930751,31.0,0,0.0006040731,Low
69.0,0.1621681909435645,18.979261910095403,71.0,0,0.0014098663,Low
138.0,0.2736056214317084,10.282054901123049,21.0,0,0.7699389,High
138.0,0.6945889122496404,3.4603896141052246,23.0,0,0.006623194,Low
138.0,0.3243628304574956,5.773742198944092,23.0,0,0.01109341,Low
138.0,0.4988222097588334,2.4085702896118164,52.0,0,0.005011668,Low
138.0,0.4384030418250951,6.652893543243408,21.0,0,0.6056422,High
69.0,0.2878274538903914,14.019831657409668,22.0,0,0.015369123,Low
138.0,0.0978822402408566,21.63702392578125,23.0,0,0.31561896,Medium
138.0,0.5762689237177262,4.627367496490479,22.0,0,0.013244118,Low
138.0,0.3191487691842829,10.992984771728516,52.0,0,0.004116809,Low
138.0,0.2745789267528398,4.336429119110107,23.0,0,0.021443825,Low
138.0,0.1986710963455149,1.854334115982056,23.0,0,0.018975448,Low
138.0,0.1944340540136156,2.8941092491149902,22.0,0,0.021537514,Low
138.0,0.0277624235508086,3.81245493888855,23.0,0,0.023239087,Low
69.0,0.6046601899658577,22.009775161743164,52.0,0,0.0017070132,Low
69.0,0.5596895107258832,26.12919235229492,52.0,0,0.001856057,Low
69.0,0.3212543554006968,7.579085350036621,52.0,0,0.00067672005,Low
69.0,0.3616915174786815,1.1093369722366333,71.0,0,0.0013839771,Low
69.0,0.4019122980547313,2.160065174102783,71.0,0,0.002456386,Low
69.0,0.5770465489566613,9.21531105041504,22.0,0,0.18530786,Low
69.0,0.3821583582655598,15.261140823364258,52.0,0,0.0022227184,Low
69.0,0.3247191011235955,16.631187438964844,71.0,0,0.0011362345,Low
69.0,0.3782832385594367,5.221795558929443,71.0,0,0.0044973935,Low
69.0,0.6142334552710342,18.30164337158203,52.0,0,0.0017070132,Low
69.0,0.3477079181011052,18.58093643188477,52.0,0,0.0009591221,Low
69.0,0.1489902556136138,3.806239128112793,23.0,0,0.004471985,Low
69.0,0.1195019214897438,0.0,71.0,0,0.0016399449,Low
69.0,0.260216129728205,2.993154287338257,22.0,0,0.011681476,Low
69.0,0.2959233130486294,19.976959228515625,21.0,0,0.008337611,Low
69.0,0.4425531914893617,8.993906021118164,52.0,0,0.0028921925,Low
69.0,0.6961013843648208,15.798163414001465,22.0,0,0.060219865,Low
69.0,0.142492381187711,2.401905536651612,24.0,0,0.0022188406,Low
69.0,0.299194046466233,2.9923810958862305,22.0,0,0.0060141594,Low
69.0,0.0871136089923725,6.454866886138916,22.0,0,0.030386413,Low
69.0,0.1375858123569794,3.799872875213623,23.0,0,0.0012706533,Low
69.0,0.576819451561183,3.803824663162232,52.0,0,0.0012582301,Low
69.0,0.4386658643514141,16.546791076660156,52.0,0,0.002448795,Low
69.0,0.2966938600257621,2.2140352725982666,23.0,0,0.0008294967,Low
69.0,0.3588198535975718,11.25595474243164,82.0,0,0.002935496,Low
69.0,0.5598863467210178,7.574011325836182,52.0,0,0.002288634,Low
69.0,0.3898061307044617,17.627155303955078,52.0,0,0.0018765669,Low
69.0,0.7701757338269586,2.1603777408599854,52.0,0,0.00043800217,Low
69.0,0.7261190331993614,21.76003074645996,43.0,0,0.0006695977,Low
69.0,0.4128330940578718,13.512090682983398,52.0,0,0.00289882,Low
69.0,0.5882335421485798,5.213701248168945,52.0,0,0.0012582301,Low
69.0,0.4233241258505693,6.16275691986084,52.0,0,0.004672774,Low
69.0,0.2962841170667544,17.8809757232666,52.0,0,0.0009591221,Low
69.0,0.1716824883861845,8.744335174560547,21.0,0,0.0058030244,Low
69.0,0.4470523087408417,20.515100479125977,52.0,0,0.001856057,Low
69.0,0.27735392992564,7.670806884765625,71.0,0,0.0026430541,Low
69.0,0.3620865739649618,5.678059577941895,71.0,0,0.00076903205,Low
69.0,0.4080727686185333,3.784907579421997,52.0,0,0.003364541,Low
69.0,0.4285876669508383,25.58269691467285,52.0,0,0.0020675086,Low
69.0,0.3705824568128998,17.799415588378906,52.0,0,0.0017972249,Low
69.0,0.1774854263899734,2.1573705673217773,22.0,0,0.0017225433,Low
69.0,0.4221905396268472,22.51138687133789,52.0,1,0.0026077454,Low
69.0,0.2646566692975532,2.1575043201446533,22.0,0,0.001114226,Low
69.0,0.3577560180287091,9.43445873260498,52.0,0,0.0014962244,Low
69.0,0.4154691990503562,8.570535659790039,52.0,0,0.0034234228,Low
69.0,0.1759534851526268,1.4442784786224363,24.0,0,0.0021280807,Low
69.0,0.0953135612406611,1.4442381858825684,23.0,0,0.0041162423,Low
69.0,0.3472962550347073,2.992018699645996,24.0,0,0.0063952985,Low
69.0,0.5275152048069174,18.521818161010746,52.0,0,0.001856057,Low
69.0,0.3780020181634713,6.634190082550049,22.0,0,0.032099485,Low
69.0,0.0983012025195648,1.1072349548339844,24.0,0,0.0013322181,Low
69.0,0.1086244956991703,2.88647198677063,23.0,0,0.0075533185,Low
69.0,0.4484812388326384,16.251676559448242,52.0,0,0.0021984335,Low
69.0,0.3735651033125615,5.547544956207275,22.0,0,0.0021026083,Low
69.0,0.3344708132981748,1.4428585767745972,22.0,0,0.002290417,Low
69.0,0.1297297297297297,2.396692991256714,23.0,0,0.00293395,Low
69.0,0.6786068440006263,11.396995544433594,22.0,0,0.5354756,Medium
69.0,0.3490347815115447,12.12575626373291,52.0,0,0.0011362345,Low
69.0,0.5231823372668444,1.854334115982056,22.0,0,0.0012259061,Low
69.0,0.7014084507042253,4.785830974578857,22.0,0,0.0015029509,Low
69.0,0.41955255899479,17.410404205322266,52.0,0,0.002447635,Low
69.0,0.1474139215978536,13.037693977355955,23.0,0,0.12621285,Low
69.0,0.2277281588611325,1.4440584182739258,23.0,0,0.0053597665,Low
69.0,0.0976209280244208,2.1592204570770264,23.0,0,0.0015494456,Low
138.0,0.5805785123966942,7.708345890045166,22.0,0,0.08831543,Low
138.0,0.5420796237191333,7.923086643218994,21.0,0,0.15223306,Low
69.0,0.6459519107910326,11.072723388671877,21.0,1,0.9867883,High
69.0,0.4058284519845416,20.16039276123047,21.0,0,0.021056617,Low
69.0,0.6538777425789041,5.207383632659912,22.0,0,0.022935504,Low
69.0,0.6184110858619616,10.327048301696776,22.0,0,0.2997014,Low
69.0,0.3904453645515879,0.0,95.0,0,0.0010809782,Low
69.0,0.7753912944133441,0.9274099469184875,22.0,0,0.0026604976,Low
69.0,0.3593549845527842,21.16056251525879,52.0,0,0.0009591221,Low
69.0,0.238118811881188,1.1045604944229126,24.0,0,0.0009698781,Low
69.0,0.7633852103723878,24.812156677246094,52.0,0,0.0006695977,Low
69.0,0.3702868192072188,7.900528430938721,52.0,0,0.0027093235,Low
69.0,0.4765460206917333,5.123197078704834,21.0,0,0.0050390484,Low
69.0,0.2100925147182506,22.04652404785156,52.0,0,0.0052516526,Low
69.0,0.2965165675446049,20.510009765625,22.0,0,0.008337611,Low
69.0,0.3311390403339248,18.670312881469727,22.0,0,0.008337611,Low
69.0,0.4082796232027764,3.5491204261779785,23.0,0,0.004617245,Low
69.0,0.6187675462286861,2.394768714904785,23.0,0,0.0022571685,Low
69.0,0.29267498643516,5.965783596038818,24.0,0,0.0010939613,Low
69.0,0.074793036945958,9.195145606994627,52.0,0,0.009357309,Low
69.0,0.0013312624805857,8.161211013793945,24.0,0,0.0012395208,Low
69.0,0.3162857787677483,12.606045722961426,52.0,0,0.0011362345,Low
69.0,0.3998765123947398,2.9908788204193115,52.0,0,0.013487993,Low
69.0,0.0349273768440214,6.845898151397705,24.0,0,0.0038465946,Low
69.0,0.3207673773141793,1.4414526224136353,23.0,0,0.0029130825,Low
69.0,0.5302869287991498,11.995867729187012,22.0,0,0.04735261,Low
69.0,0.2717056303089529,4.501221656799316,23.0,0,0.0017357011,Low
69.0,0.2487345351882393,6.157285690307617,23.0,0,0.0017357011,Low
69.0,0.3240984602917341,14.673748970031738,22.0,0,0.015369123,Low
69.0,0.0062347091784389,0.9274099469184875,24.0,0,0.000963579,Low
69.0,0.1092667554130783,4.627367496490479,24.0,0,0.0033455736,Low
69.0,0.1019251441415029,2.880908966064453,23.0,0,0.0018255416,Low
69.0,0.0842666385179712,6.376583099365234,23.0,0,0.041344877,Low
69.0,0.1728200448021239,3.791645765304565,24.0,0,0.001098403,Low
69.0,0.4660849867863585,8.032257080078125,22.0,0,0.009474617,Low
230.0,0.1947786025083183,13.648222923278809,23.0,0,0.0030380404,Low
69.0,0.1397392248108115,8.571161270141602,23.0,0,0.008201827,Low
138.0,0.0441058540497193,8.817278861999512,22.0,0,0.050662097,Low
69.0,0.0441058540497193,8.817278861999512,22.0,0,0.004929485,Low
138.0,0.0441058540497193,2.158078670501709,23.0,0,0.0028656933,Low
69.0,0.3498236411323143,17.22933006286621,52.0,0,0.0009591221,Low
69.0,0.74494059440788,3.310424327850342,21.0,0,0.022618767,Low
69.0,0.260224538893344,9.483027458190918,23.0,0,0.24190067,Low
69.0,0.1787665886026542,2.391577959060669,24.0,0,0.0025367963,Low
69.0,0.1092250566620051,3.304849863052368,23.0,0,0.020928856,Low
69.0,0.618811158171462,8.567051887512207,22.0,0,0.008740496,Low
69.0,-0.3823473391489848,0.0,11.0,0,0.00073580805,Low
69.0,0.0755879763551754,1.854334115982056,24.0,0,0.0011713939,Low
69.0,-0.0222975696003323,1.4417434930801392,24.0,0,0.00094409945,Low
69.0,0.3065303738416504,11.241570472717283,52.0,0,0.003836465,Low
69.0,0.3429490353890502,7.169504165649414,22.0,0,0.021174122,Low
69.0,0.0485370894725384,2.8805296421051025,24.0,0,0.00076583034,Low
69.0,0.4578984888549948,5.5750651359558105,52.0,0,0.0027233374,Low
69.0,0.136341403217483,3.704791784286499,24.0,0,0.0009605588,Low
69.0,0.4598781666921312,13.689501762390137,52.0,0,0.0021984335,Low
69.0,0.4019306811224302,8.504998207092285,23.0,0,0.010457499,Low
69.0,0.5407115274011995,3.433342218399048,23.0,0,0.0035709806,Low
69.0,0.5700501736781166,21.92475700378418,52.0,0,0.0017070132,Low
69.0,0.1569586119547305,2.8802664279937744,23.0,0,0.0031237258,Low
69.0,0.1538283363161332,9.165040016174316,23.0,0,0.42123416,Medium
69.0,0.0414639525890516,0.0,23.0,0,0.0012082148,Low
69.0,0.3206958073148974,2.9902918338775635,24.0,0,0.0063952985,Low
69.0,0.2144668468093951,2.879021644592285,23.0,0,0.013601866,Low
69.0,0.2152777777777778,1.440013408660889,23.0,0,0.015115451,Low
69.0,0.0933175168050613,1.1019039154052734,23.0,0,0.004200897,Low
69.0,0.2262729433179956,6.372300148010254,23.0,0,0.07157702,Low
69.0,0.2569769317631876,3.864173889160156,22.0,0,0.0018196972,Low
69.0,0.2808199121522694,4.755804538726807,23.0,0,0.0008892738,Low
69.0,0.6050035367261085,13.059089660644531,22.0,0,0.047922608,Low
69.0,0.4109680525571932,8.026712417602539,22.0,0,0.009885986,Low
69.0,0.107378375015553,14.415409088134766,23.0,0,0.026776949,Low
69.0,0.7824933687002652,15.833166122436523,21.0,0,0.099145025,Low
138.0,0.1956489444233531,2.3912487030029297,24.0,0,0.0028733024,Low
69.0,0.5671560398199336,10.93622589111328,23.0,0,0.33278412,Medium
69.0,0.0117463828339211,18.21199417114257,24.0,0,0.0020594157,Low
69.0,0.1194585560391189,6.613982677459717,24.0,0,0.0045277053,Low
138.0,0.0069788739065904,1.1021199226379397,24.0,0,0.00087988155,Low
69.0,0.5611487468793134,17.125417709350586,23.0,0,0.019774817,Low
69.0,0.0612416376201174,2.156738519668579,24.0,0,0.00040954427,Low
69.0,0.6743103448275862,7.136916637420654,22.0,0,0.03271852,Low
69.0,0.2922009445064266,2.204000949859619,23.0,0,0.0008294967,Low
69.0,0.0796393688955672,1.1027107238769531,24.0,0,0.0013322181,Low
69.0,0.3739744293670092,2.879572629928589,23.0,0,0.0029734462,Low
69.0,0.4227103940061121,1.4404726028442385,24.0,0,0.0033384077,Low
69.0,0.5289858715873095,14.295106887817385,52.0,0,0.0021984335,Low
69.0,0.106442935826822,2.203150987625122,24.0,0,0.00076108356,Low
69.0,0.1510898775753956,1.854334115982056,24.0,0,0.0010685032,Low
69.0,0.019924408567029,3.704791784286499,24.0,0,0.0015657479,Low
69.0,0.1482569300468401,3.4288034439086914,23.0,0,0.010780591,Low
69.0,0.1789760560638505,5.121126651763916,23.0,0,0.0017585794,Low
69.0,0.210884508322445,0.9274099469184875,24.0,0,0.0022358194,Low
69.0,0.3947197034216723,0.9274099469184875,23.0,0,0.0023092534,Low
69.0,0.0966632804563569,2.2017898559570312,23.0,0,0.001006847,Low
69.0,0.1197445449707291,3.704791784286499,23.0,0,0.0012706533,Low
69.0,-0.4638391517455237,0.0,11.0,0,0.00073580805,Low
69.0,0.173320255026974,1.854334115982056,23.0,0,0.0021911676,Low
138.0,0.2914852688063177,1.4393672943115234,24.0,0,0.0018150139,Low
69.0,0.2081338578944873,2.155946731567383,23.0,0,0.0021911676,Low
69.0,0.2225613478207789,2.876565933227539,23.0,0,0.004417214,Low
69.0,0.1852666300164926,2.1559362411499023,23.0,0,0.0021911676,Low
69.0,0.2718543797255516,16.0333194732666,71.0,0,0.002143348,Low
69.0,0.2362450093919592,27.64005851745605,52.0,0,0.0010017735,Low
69.0,0.2329415783695904,14.60576057434082,71.0,0,0.0011867525,Low
69.0,0.0234185380359915,2.9894838333129883,24.0,0,0.004243404,Low
69.0,0.1956708307251267,2.989497661590576,23.0,0,0.009520552,Low
69.0,0.7520971422135643,18.803268432617188,52.0,0,0.0006695977,Low
69.0,0.1284541218803339,7.138990879058838,24.0,0,0.007150788,Low
69.0,0.768538502260048,6.6471099853515625,22.0,0,0.023155993,Low
69.0,0.4311248073959939,2.878581523895264,23.0,0,0.004866572,Low
69.0,0.052143284375623,1.854334115982056,24.0,0,0.00040954427,Low
69.0,0.0724409580657853,2.989989280700684,24.0,0,0.0024725806,Low
69.0,-0.0057501463810109,2.389278650283813,24.0,0,0.0022964606,Low
69.0,0.0122745117527207,1.854334115982056,24.0,0,0.00077092805,Low
230.0,0.2830261507285535,16.611949920654297,22.0,0,0.0012644328,Low
69.0,0.2301541735677549,4.528048038482666,71.0,0,0.0006324394,Low
69.0,0.0738326744310289,0.9274099469184875,23.0,0,0.011525096,Low
69.0,0.1481113320079523,1.107347011566162,22.0,0,0.016134113,Low
69.0,0.4654088050314465,8.5762357711792,22.0,0,0.009474617,Low
69.0,0.2601217088922007,2.3942205905914307,23.0,0,0.0043130103,Low
69.0,0.1364309327276045,3.438678979873657,23.0,0,0.0030771205,Low
138.0,0.2430299614100507,10.20991325378418,52.0,0,0.013694643,Low
69.0,0.0570327802670468,1.441455364227295,24.0,0,0.0005015793,Low
69.0,0.1681949503831176,2.3933866024017334,23.0,0,0.0040579806,Low
69.0,0.1884099073548875,1.854334115982056,22.0,0,0.0017225433,Low
69.0,0.1488977068325002,2.8853864669799805,23.0,0,0.007638063,Low
69.0,0.0935550935550935,5.125533580780029,23.0,0,0.0013813601,Low
138.0,0.5043803056027165,5.75242805480957,23.0,0,0.017720107,Low
230.0,0.2921348314606742,13.008496284484863,22.0,0,0.00097320986,Low
230.0,0.3671023965141612,8.506828308105469,22.0,0,0.0016223252,Low
230.0,0.2955685275014388,9.488958358764648,22.0,0,0.011005399,Low
69.0,0.0775334348328731,4.30723237991333,24.0,0,0.0010442765,Low
69.0,0.0233603753298797,2.878654718399048,24.0,0,0.0017022946,Low
69.0,0.080545229244114,1.4405829906463623,24.0,0,0.0013052959,Low
69.0,0.0680683311432326,4.959331512451172,24.0,0,0.00094252086,Low
69.0,-0.0113816558446369,2.387542963027954,23.0,0,0.0013081166,Low
69.0,0.157995838002241,2.1566998958587646,71.0,0,0.00073018845,Low
138.0,0.4510702769900159,15.615155220031738,52.0,0,0.0044478877,Low
500.0,0.2193432174033532,5.795864582061768,52.0,0,0.0006725868,Low
230.0,0.3960216295979884,13.253973007202148,21.0,0,0.0013643547,Low
138.0,0.5104379724691618,6.653156757354736,52.0,0,0.016815444,Low
69.0,0.6455034066092142,3.556032419204712,22.0,0,0.06457085,Low
230.0,0.3388817598533455,17.67641258239746,52.0,0,0.000490214,Low
115.0,0.3944392892738083,4.964875221252441,52.0,0,0.0024896185,Low
60.0,0.7028055974756482,2.613744020462036,42.0,0,0.0006933021,Low
115.0,0.4795058188639003,3.036284685134888,71.0,0,0.009163616,Low
60.0,0.5530558777909569,4.784780502319336,42.0,0,0.0011007405,Low
60.0,0.5015847276479694,4.9658284187316895,22.0,0,0.0005492954,Low
115.0,0.0003579525116334,0.0,24.0,0,0.00059950846,Low
60.0,0.7398092508769242,21.500399647107752,71.0,0,0.0005624938,Low
60.0,0.555656416657211,1.854334115982056,42.0,0,0.00205105,Low
60.0,0.1544575530445415,2.220494508743286,52.0,0,0.00019767371,Low
230.0,0.5205293518832711,1.182891607284546,82.0,0,0.0013612211,Low
230.0,0.2891856542988917,2.368896484375,23.0,0,0.00093669863,Low
230.0,0.5123001739418537,0.9274099469184875,82.0,0,0.00086887303,Low
230.0,0.1325440847752297,8.428704261779785,22.0,0,0.0014407013,Low
115.0,0.1451795452207017,2.5438523292541504,22.0,0,0.0012825289,Low
230.0,0.3407991433652234,3.680042044981199,23.0,0,0.0008280985,Low
230.0,0.6273487540697552,1.1883339881896973,22.0,0,0.0039681704,Low
230.0,0.2869567194552131,1.188343167304993,22.0,0,0.002330761,Low
230.0,0.3253701196060496,36.1869010925293,42.0,0,0.000490214,Low
230.0,0.5019134123288302,9.604092597961426,42.0,0,0.0032265487,Low
230.0,0.3826325116803608,34.95690155029297,71.0,0,0.0007972851,Low
230.0,0.6007407209565272,11.928020477294922,41.0,0,0.001050726,Low
230.0,0.3299508348401377,1.5074564218521118,71.0,0,0.00023536147,Low
230.0,0.2915927308327724,3.6548514366149902,21.0,0,0.0008682109,Low
230.0,0.6849023214659931,2.551705837249756,21.0,0,0.0008137302,Low
230.0,0.6782616804998601,1.5080068111419678,21.0,0,0.00042000908,Low
60.0,0.7881453398828021,1.5079301595687866,71.0,0,0.00043850348,Low
60.0,0.1449722393584207,2.202200412750244,21.0,0,0.00031958637,Low
60.0,0.0673336519196286,4.39838981628418,24.0,0,0.00034298497,Low
60.0,0.0351444891527617,3.681098222732544,23.0,0,0.00044245058,Low
60.0,0.0981155425549867,3.681098222732544,23.0,0,0.0005273007,Low
60.0,0.0542369822218211,3.0231313705444336,24.0,0,0.0018478718,Low
60.0,0.6331788754149004,2.3767166137695312,23.0,0,0.0010532506,Low
115.0,0.5980747916128933,3.02327299118042,21.0,0,0.011352189,Low
115.0,0.1576260370134014,5.093209743499756,23.0,0,0.001403501,Low
115.0,0.2827245352741256,6.538246154785156,23.0,0,0.018228048,Low
230.0,0.0625047323389112,2.3705317974090576,23.0,0,0.0008424761,Low
230.0,0.1864951768488746,1.5046910047531128,71.0,0,0.00034499838,Low
230.0,0.1018992348909013,3.650418519973755,22.0,0,0.0016604079,Low
230.0,0.2825101058710298,1.1863691806793213,82.0,0,0.00076801586,Low
230.0,0.2706380405201088,1.5063884258270264,22.0,0,0.00078340597,Low
230.0,0.1885405427208647,0.9274099469184875,21.0,0,0.002535549,Low
115.0,0.7484552521427148,2.5463733673095703,90.0,0,0.00037422703,Low
230.0,0.2051715968320585,3.669583559036255,21.0,0,0.0011012539,Low
230.0,0.2706022524183711,2.2002382278442383,71.0,0,0.0003313263,Low
230.0,0.4197141656158049,4.830988883972168,22.0,0,0.0025359541,Low
230.0,0.3307417052834799,3.6734371185302734,21.0,0,0.0008682109,Low
230.0,0.5708759954493743,1.5056754350662231,82.0,0,0.0005379705,Low
230.0,0.5988153712799769,14.428875923156738,52.0,0,0.001050726,Low
230.0,0.2314954303505071,2.7802884578704834,81.0,0,0.00020696779,Low
230.0,0.4371942516588039,12.287190437316896,42.0,0,0.0010407462,Low
230.0,0.7681220375559458,23.0489501953125,43.0,0,0.00051748205,Low
230.0,0.1978833965679723,7.999114513397217,52.0,0,0.0005124249,Low
230.0,0.2522660388463802,4.511534690856934,21.0,0,0.002630947,Low
230.0,0.1860861657383198,3.5586061477661133,21.0,0,0.001516737,Low
230.0,0.7449871962120114,2.548819303512573,71.0,0,0.00041315853,Low
115.0,0.2072857142857143,3.0083303451538086,24.0,0,0.00371759,Low
115.0,0.3447507871899239,3.008568048477173,23.0,0,0.0037532288,Low
115.0,0.0502436565283145,4.508004188537598,24.0,0,0.0007245084,Low
115.0,0.2161882179608186,5.093209743499756,23.0,0,0.0069279945,Low
230.0,0.282887117220699,3.023223876953125,71.0,0,0.0012204464,Low
230.0,0.27129626746652,3.023223876953125,71.0,0,0.0020840664,Low
230.0,0.260473819415813,3.6548514366149902,21.0,0,0.002630947,Low
230.0,0.2197314393519032,0.9274099469184875,23.0,0,0.0062153903,Low
230.0,0.04433770690805,2.2020933628082275,24.0,0,0.00020807762,Low
230.0,0.2621779805520992,2.20214319229126,71.0,0,0.0003313263,Low
230.0,0.04433770690805,2.2020933628082275,24.0,0,0.00020807762,Low
230.0,0.4822197055492638,0.9274099469184875,22.0,0,0.0028908974,Low
230.0,0.2723358449946179,3.680483102798462,71.0,0,0.0005872586,Low
230.0,0.0994106120626268,3.013810634613037,24.0,0,0.0010492302,Low
230.0,0.1208906124049584,3.0111749172210693,21.0,0,0.0023165022,Low
230.0,0.2164519188507714,2.200235843658448,81.0,0,0.00027965798,Low
230.0,0.1090563220881793,1.504662275314331,22.0,0,0.0039792904,Low
230.0,0.490566037735849,1.1853294372558594,71.0,0,0.0011931146,Low
230.0,0.2802964254577157,2.54923939704895,21.0,0,0.0006574566,Low
230.0,0.4883357517580087,1.5056754350662231,82.0,0,0.0010200187,Low
230.0,0.3082490420893463,2.200930595397949,21.0,0,0.0002757409,Low
230.0,0.4169311558658895,1.5056754350662231,82.0,0,0.0015598217,Low
230.0,0.8671378229536288,35.136817932128906,42.0,0,0.00051748205,Low
230.0,0.7010445307210854,17.29094886779785,42.0,0,0.00051748205,Low
230.0,0.2909273518580516,1.507580280303955,71.0,0,0.00023536147,Low
60.0,0.2206390057121336,2.202073454244461,22.0,0,0.0009640937,Low
60.0,0.2770951625381922,1.1885048151016235,22.0,0,0.0005265004,Low
60.0,0.7857580264193859,0.9274099469184875,21.0,0,0.0010079795,Low
60.0,0.2720968084353549,2.550510168075561,23.0,0,0.002103517,Low
60.0,0.3108159392789373,4.013174057006836,23.0,0,0.0003100605,Low
60.0,0.2297833765746615,1.854334115982056,22.0,0,0.00059869734,Low
60.0,0.2722439843312815,0.0,21.0,0,0.0005930244,Low
60.0,0.120041795603424,1.1882970333099363,21.0,0,0.0010687206,Low
60.0,0.3147606987466718,0.0,82.0,0,0.00042752808,Low
60.0,0.3859622334198605,1.1869478225708008,23.0,0,0.00061922404,Low
60.0,0.3157362686734808,1.5060371160507202,21.0,0,0.00031392218,Low
60.0,0.1333451205940779,1.506131291389465,22.0,0,0.0016051847,Low
60.0,0.0645909786561784,3.0105669498443604,24.0,0,0.0018478718,Low
230.0,0.003541335938454,3.653431415557861,24.0,0,0.0016466398,Low
60.0,0.2896690708527789,1.1874582767486572,23.0,0,0.00066995516,Low
60.0,0.0240115681723048,0.0,24.0,0,0.0007654918,Low
60.0,0.1016804935120187,2.5471675395965576,21.0,0,0.0008076964,Low
60.0,0.2562007586810622,2.5468344688415527,24.0,0,0.0013895683,Low
60.0,0.5533498759305211,1.5060696601867676,23.0,0,0.0008060345,Low
60.0,0.2081463473799115,2.3724372386932373,23.0,0,0.0017218696,Low
60.0,0.1677943825147252,3.652343273162842,24.0,0,0.0003270167,Low
60.0,0.2525887383442378,1.854334115982056,24.0,0,0.00043551158,Low
60.0,0.3566632435421439,1.186759352684021,24.0,0,0.00066995516,Low
60.0,0.2781754215698168,2.2010862827301025,24.0,0,0.00032177934,Low
60.0,0.1739063855852176,3.6524500846862793,23.0,0,0.00064442743,Low
60.0,0.1767279090113735,5.082931041717529,24.0,0,0.0003270167,Low
60.0,0.2823920265780731,4.776116371154785,82.0,0,0.0002471473,Low
60.0,0.4742451154529307,1.5071362257003784,22.0,0,0.0006334601,Low
60.0,0.1934631468226481,1.854334115982056,71.0,0,0.00058192137,Low
60.0,-0.0004778338200159,2.201949119567871,21.0,0,0.00024752863,Low
60.0,0.268713246287252,2.2013509273529053,23.0,0,0.0006283931,Low
60.0,0.1897304926406345,2.5481855869293213,71.0,0,0.0008714408,Low
60.0,0.0426983567699157,2.201472520828247,24.0,0,0.0002477305,Low
60.0,0.6718318009387256,3.009902238845825,22.0,0,0.0019147287,Low
60.0,0.0350546254814116,4.775956153869629,24.0,0,0.00034298497,Low
60.0,0.0155822973149641,2.548048496246338,24.0,0,0.0015665964,Low
60.0,0.2253470986116055,0.9274099469184875,22.0,0,0.0011719129,Low
60.0,0.1944374325905867,1.5061928033828735,22.0,0,0.00093611336,Low
60.0,0.2645138521263455,3.8892509937286377,23.0,0,0.0006055145,Low
60.0,0.3326459810792359,4.510085582733154,23.0,0,0.0003100605,Low
60.0,0.2429660023446659,1.1868879795074463,23.0,0,0.007090125,Low
60.0,0.4369665846955012,0.9274099469184875,22.0,0,0.00085500395,Low
60.0,0.2207287449392712,2.37487268447876,21.0,0,0.0020514403,Low
60.0,0.1730877817834339,2.201737880706787,22.0,0,0.0007240867,Low
60.0,0.4529679705010483,1.506805658340454,23.0,0,0.0009353547,Low
60.0,0.3733669699972971,1.5068129301071167,22.0,0,0.00095154054,Low
60.0,0.2470771628994544,2.201730489730835,22.0,0,0.00049383345,Low
60.0,0.2843998033293531,1.854334115982056,23.0,0,0.00033776282,Low
60.0,0.6814165510214836,5.131129741668701,22.0,0,0.00027139593,Low
60.0,0.1558462274684957,1.5067439079284668,23.0,0,0.0013339561,Low
60.0,0.2168384548694731,0.9274099469184875,22.0,0,0.0011719129,Low
60.0,0.4749157247670038,1.5066931247711182,23.0,0,0.0008060345,Low
60.0,0.2331779610374088,2.7802884578704834,22.0,0,0.0011129841,Low
60.0,0.113302838523717,3.02256727218628,23.0,0,0.004621593,Low
60.0,0.4850132683690781,2.548313856124878,23.0,0,0.0019706534,Low
60.0,0.4465452888709762,3.653663635253906,23.0,0,0.00060799305,Low
60.0,0.4676724137931035,0.0,23.0,0,0.0009117967,Low
60.0,0.1916017609210971,0.9274099469184875,23.0,0,0.0011939621,Low
60.0,0.0599333375259417,0.9274099469184875,24.0,0,0.00037764208,Low
60.0,0.5447213280769648,4.828097343444824,90.0,0,0.0010648998,Low
60.0,0.4540754109555631,4.510907173156738,71.0,0,0.0016158121,Low
60.0,-0.0017722227404159,3.0109939575195312,24.0,0,0.0034157333,Low
60.0,0.1689763596133691,1.854334115982056,23.0,0,0.001113506,Low
60.0,0.6311928676221645,2.547637939453125,22.0,0,0.001254346,Low
60.0,0.2961424332344213,1.854334115982056,23.0,0,0.00033776282,Low
60.0,0.2841863139735481,4.627367496490479,23.0,0,0.0003100605,Low
60.0,0.7516415925525726,1.1868926286697388,21.0,0,0.0015790287,Low
60.0,0.0566298342541436,0.0,24.0,0,0.00037764208,Low
60.0,0.165074714327571,0.9274099469184875,23.0,0,0.027891226,Low
60.0,0.0643861134631668,2.373309135437012,23.0,0,0.0006727143,Low
60.0,0.2201845858803787,1.5062724351882937,23.0,0,0.0015412685,Low
60.0,0.3091557046276401,1.5060189962387085,23.0,0,0.00036130147,Low
60.0,0.3267057524003738,4.627367496490479,22.0,0,0.0003250876,Low
60.0,0.4543673657524775,0.9274099469184875,24.0,0,0.00089867803,Low
60.0,0.3696057931150624,1.5059140920639038,23.0,0,0.0012106651,Low
60.0,0.329701230228471,0.0,24.0,0,0.00042752808,Low
60.0,0.468734279171672,2.200977563858032,23.0,0,0.0005959518,Low
60.0,0.2875912408759124,1.854334115982056,23.0,0,0.00033776282,Low
60.0,0.414520992809093,0.9274099469184875,23.0,0,0.0010878682,Low
60.0,0.4329683338265759,2.5474154949188232,22.0,0,0.0027538561,Low
60.0,0.2668991615344661,1.5059466361999512,23.0,0,0.0007055481,Low
60.0,0.2820239067937661,1.5056791305541992,23.0,0,0.00036130147,Low
60.0,0.5237973387922211,2.5459465980529785,22.0,0,0.001632043,Low
60.0,0.1641230335759567,2.546501398086548,23.0,0,0.0051071276,Low
60.0,0.3973949373310397,1.854334115982056,24.0,0,0.0012221279,Low
60.0,0.0971229727210588,2.201205015182495,23.0,0,0.00044435833,Low
60.0,0.0967962994689052,1.5062072277069092,24.0,0,0.00058995,Low
60.0,0.3411034601645326,2.2013063430786133,23.0,0,0.00032177934,Low
60.0,0.3935330698358311,0.9274099469184875,24.0,0,0.00038945887,Low
60.0,0.3967107902125952,0.9274099469184875,23.0,0,0.000395147,Low
60.0,0.56664674237896,0.0,23.0,0,0.0006037741,Low
60.0,0.1593744357799348,2.201059103012085,22.0,0,0.00053143775,Low
60.0,0.5791106514994829,1.5056501626968384,82.0,0,0.0009010848,Low
60.0,0.4822756818334115,2.200666666030884,23.0,0,0.00051353266,Low
60.0,0.2380529006445876,2.545614242553711,23.0,0,0.0015373923,Low
60.0,0.2555580608793686,3.008582353591919,21.0,0,0.007447759,Low
60.0,0.1192224942503153,2.3703854084014893,23.0,0,0.0015046098,Low
60.0,0.4401339253220758,1.5047414302825928,71.0,0,0.0030356338,Low
60.0,0.2567920585161964,0.9274099469184875,71.0,0,0.00044556652,Low
60.0,0.4100578694270111,1.505480408668518,23.0,0,0.0004053618,Low
60.0,0.6196185286103543,1.1858512163162231,23.0,0,0.0009460453,Low
60.0,0.1280355601036104,1.5051809549331665,24.0,0,0.0011830493,Low
60.0,0.0329925160746284,1.505184531211853,24.0,0,0.00031824035,Low
60.0,0.1903526402338754,0.9274099469184875,23.0,0,0.0011939621,Low
60.0,0.323609980010365,1.5053865909576416,23.0,0,0.00036130147,Low
60.0,0.6365676613949574,1.1863508224487305,21.0,0,0.0033340394,Low
60.0,0.0709976798143851,0.9274099469184875,21.0,0,0.00025202593,Low
60.0,0.041220644660426,1.5056248903274536,24.0,0,0.00031824035,Low
60.0,0.7165603416460168,2.371401309967041,22.0,0,0.00041802428,Low
60.0,0.183874139626352,5.9091081619262695,22.0,0,0.000675649,Low
60.0,0.2581844563344518,2.5454437732696533,21.0,0,0.0019259205,Low
60.0,0.1109647450341456,1.1858969926834106,23.0,0,0.0019022097,Low
60.0,0.4267963163796114,0.9274099469184875,22.0,0,0.00085500395,Low
60.0,0.2187682144938798,3.8890435695648193,23.0,0,0.0010308424,Low
60.0,0.111393369744697,3.651672840118408,23.0,0,0.0005630393,Low
60.0,0.3821274556780067,4.775660991668701,24.0,0,0.0015673492,Low
60.0,0.030569354222392,5.127016067504883,24.0,0,0.0018087812,Low
60.0,0.2667391642069286,2.200821876525879,23.0,0,0.0006283931,Low
115.0,0.2198252019028653,3.0080857276916504,22.0,0,0.010061322,Low
115.0,0.2662116040955631,1.854334115982056,24.0,0,0.0008297184,Low
60.0,0.248269040553907,2.200634479522705,24.0,0,0.00041490444,Low
60.0,0.0356257870577243,1.505274772644043,24.0,0,0.00031824035,Low
60.0,0.5004532891100055,1.5049898624420166,22.0,0,0.0006334601,Low
60.0,0.6988692105127279,1.185452938079834,22.0,0,0.00045526904,Low
60.0,0.0532699557449598,4.820601940155029,23.0,0,0.00044245058,Low
60.0,0.1375264473937295,4.731356620788574,24.0,0,0.0003260063,Low
60.0,0.6104323953328757,3.650696277618408,22.0,0,0.00048913853,Low
60.0,0.3616445766837977,2.5441668033599854,23.0,0,0.0010779174,Low
60.0,0.8430967741935483,3.650442361831665,90.0,0,0.00030703095,Low
60.0,0.2263035103901036,3.021487236022949,23.0,0,0.008046673,Low
60.0,0.2741982086102282,1.854334115982056,23.0,0,0.0006595967,Low
60.0,0.4037650931197206,3.0070724487304688,23.0,0,0.003358565,Low
230.0,0.0473570446060129,2.5439202785491943,24.0,0,0.00037130385,Low
60.0,0.4225752777628683,3.0078916549682617,23.0,0,0.0091985725,Low
60.0,0.1690751916489969,1.504975438117981,23.0,0,0.0011910417,Low
60.0,0.0120183054616997,0.0,24.0,0,0.0007654918,Low
60.0,0.3272096346193101,5.671292781829834,23.0,0,0.0003100605,Low
60.0,0.1881188118811881,2.7802884578704834,24.0,0,0.0009589901,Low
60.0,0.1807828119560352,2.200248003005981,24.0,0,0.00046759428,Low
60.0,0.1048239364950132,1.5046802759170532,81.0,0,0.0005248107,Low
60.0,0.0225596218577669,3.0216104984283447,24.0,0,0.0034157333,Low
60.0,0.0335184042771951,0.9274099469184875,23.0,0,0.0004488653,Low
60.0,0.0920802404760444,1.1851327419281006,23.0,0,0.0009929958,Low
60.0,0.202106934122231,3.704791784286499,23.0,0,0.00064442743,Low
60.0,0.1783936582068457,1.854334115982056,21.0,0,0.000625386,Low
60.0,0.3376677272098492,0.9274099469184875,71.0,0,0.00042752808,Low
60.0,0.7812332439678285,1.504532814025879,82.0,0,0.00043850348,Low
60.0,0.3562628336755646,1.504155516624451,71.0,0,0.00038590925,Low
60.0,0.7189453655884751,1.183300495147705,71.0,0,0.00052533695,Low
60.0,0.4006236016138162,1.5023030042648315,81.0,0,0.0013072174,Low
60.0,0.5423779936055981,1.854334115982056,82.0,0,0.00205105,Low
60.0,0.3043111245100995,1.181586742401123,21.0,0,0.0005821235,Low
60.0,0.466922569423619,0.9274099469184875,81.0,0,0.00089867803,Low
60.0,0.2777344764873993,0.9274099469184875,22.0,0,0.0003359658,Low
60.0,0.3908385666789804,1.1815415620803833,23.0,0,0.00061922404,Low
60.0,0.106886880648177,2.7802884578704834,22.0,0,0.0009880122,Low
60.0,0.1221447309488771,2.5363106727600098,82.0,0,0.000600242,Low
60.0,0.408214709371293,3.000825881958008,23.0,0,0.003358565,Low
60.0,0.3733263217507383,1.181469202041626,21.0,0,0.0059950226,Low
60.0,0.4655670103092783,1.5018439292907717,82.0,0,0.0025451195,Low
60.0,0.493751323872061,0.0,82.0,0,0.00077442476,Low
60.0,0.2423067839230887,5.960465431213379,22.0,0,0.00057128054,Low
60.0,0.4489311163895487,3.5426974296569824,82.0,0,0.0037158625,Low
60.0,0.265491295367365,1.5025596618652344,82.0,0,0.00042441423,Low
60.0,0.6643531981440555,0.0,82.0,0,0.00033522293,Low
60.0,0.2578890097932535,2.364630699157715,82.0,0,0.0005952085,Low
60.0,0.2656674141390299,1.503821849822998,71.0,0,0.00042441423,Low
60.0,0.4060736361193228,1.18351411819458,23.0,0,0.00061922404,Low
60.0,0.5382737576285963,1.1839556694030762,71.0,0,0.0012133186,Low
60.0,0.1569363103953147,0.9274099469184875,23.0,0,0.0010314893,Low
60.0,0.2965769907690098,1.5038827657699585,71.0,0,0.00038590925,Low
60.0,0.3905708046075451,2.199899435043335,22.0,0,0.00024748736,Low
60.0,0.154899894625922,2.368896484375,23.0,0,0.001787352,Low
60.0,0.3130853625903131,2.369069814682007,22.0,0,0.0007112788,Low
60.0,0.3659987476518472,2.7802884578704834,21.0,0,0.010876622,Low
60.0,0.2053897027010322,0.9274099469184875,22.0,0,0.00093840924,Low
60.0,0.0274718625196659,3.647524118423462,24.0,0,0.00061378686,Low
60.0,0.0559491491756604,5.120562076568604,23.0,0,0.00044245058,Low
60.0,0.6273414393690437,2.199087381362915,82.0,0,0.0003386119,Low
60.0,0.1842057267919022,3.5452609062194824,22.0,0,0.0035011584,Low
60.0,0.7266118460255035,1.18351411819458,23.0,0,0.0005109393,Low
60.0,0.6707136511696772,4.392380714416504,82.0,0,0.00030703095,Low
60.0,0.0923862247465669,2.5427398681640625,21.0,0,0.0008076964,Low
60.0,0.3373995009703354,1.854334115982056,95.0,0,0.00036076797,Low
60.0,0.445806120202539,3.0215139389038086,22.0,0,0.0073236004,Low
60.0,0.0697129466900995,0.9274099469184875,23.0,0,0.0004488653,Low
60.0,0.2378921717940907,0.9274099469184875,21.0,0,0.00055969093,Low
60.0,0.2678125,3.6495985984802246,23.0,0,0.0006055145,Low
60.0,0.4108873974645787,2.1994097232818604,22.0,0,0.00024748736,Low
60.0,0.2708043916647994,4.775129795074463,71.0,0,0.0003555272,Low
60.0,0.4021632251720747,1.183937430381775,23.0,0,0.00061922404,Low
60.0,0.2714670773969965,5.075418949127197,71.0,0,0.0003555272,Low
60.0,0.5002371483819184,1.184593915939331,22.0,0,0.0009675468,Low
60.0,0.430069096974029,2.7802884578704834,23.0,0,0.0029070058,Low
60.0,0.5524435730893538,4.002584457397461,23.0,0,0.0005239095,Low
60.0,0.1657746478873239,0.9274099469184875,24.0,0,0.0006577298,Low
60.0,0.0337186238971342,0.9274099469184875,24.0,0,0.00037764208,Low
60.0,0.1204463406629471,2.543512344360352,23.0,0,0.0018877157,Low
60.0,0.4418185910420887,3.669755220413208,22.0,0,0.00092755334,Low
60.0,0.4715752667644636,3.669755220413208,21.0,0,0.0020441387,Low
60.0,0.2667497947142727,1.185100793838501,23.0,0,0.0010693519,Low
60.0,0.1585246048048584,2.5440988540649414,23.0,0,0.0022422888,Low
60.0,0.186139438301048,0.9274099469184875,23.0,0,0.0011939621,Low
60.0,0.4606183705709772,2.201091289520264,71.0,0,0.0012520046,Low
60.0,0.2869056985500731,2.2009873390197754,71.0,0,0.0002651289,Low
60.0,0.4353190924771128,1.187416911125183,23.0,0,0.0017040984,Low
60.0,0.0385414737535239,2.201678276062012,24.0,0,0.0002477305,Low
60.0,0.0108963491363439,5.089056968688965,23.0,0,0.00045605825,Low
60.0,0.2515371872982003,2.2017180919647217,24.0,0,0.00041490444,Low
60.0,0.515979750364411,2.201611280441284,23.0,0,0.00051353266,Low
60.0,0.0171480972031178,2.548365354537964,24.0,0,0.0015665964,Low
60.0,0.5249700292109662,2.5478174686431885,23.0,0,0.0019706534,Low
60.0,0.2233221238099749,2.2013707160949707,71.0,0,0.00047312427,Low
60.0,0.1763745359283843,3.01136326789856,23.0,0,0.0059894617,Low
60.0,0.3366522175320373,3.0228471755981445,21.0,0,0.0038264915,Low
60.0,0.5123883826532167,1.854334115982056,22.0,0,0.0005922009,Low
60.0,0.6202701194329725,0.0,71.0,0,0.0006207861,Low
60.0,0.253891501622839,3.0118343830108643,23.0,0,0.005832958,Low
60.0,0.3595992886926163,2.3752779960632324,22.0,0,0.0007112788,Low
60.0,0.6944886906658173,3.012124538421631,21.0,0,0.0050524543,Low
60.0,0.106286265259388,2.201765298843384,24.0,0,0.00025727588,Low
60.0,0.2091534584203768,1.5068855285644531,23.0,0,0.0023173597,Low
60.0,0.2812975164723771,2.3750200271606445,23.0,0,0.0008590164,Low
60.0,0.2337961512518936,1.1877760887145996,23.0,0,0.0012349813,Low
60.0,0.4609329150754542,1.5067075490951538,23.0,0,0.0009353547,Low
60.0,0.0805330243337195,3.653729200363159,23.0,0,0.0005273007,Low
60.0,0.516868206841387,4.8293538093566895,23.0,0,0.0005239095,Low
60.0,0.3989102380269572,2.201693296432495,23.0,0,0.0003149441,Low
60.0,0.1747469627352551,1.854334115982056,22.0,0,0.0008751587,Low
60.0,0.337319221135978,10.430183410644531,71.0,0,0.00081979076,Low
60.0,0.1144438993622538,3.6753897666931152,23.0,0,0.0005630393,Low
60.0,0.3232301282111847,2.201638698577881,22.0,0,0.0002528592,Low
60.0,0.8133710801393729,5.129344463348389,90.0,0,0.00030703095,Low
60.0,0.2813770669558146,0.9274099469184875,21.0,0,0.00037146706,Low
60.0,0.142182800257719,1.1868237257003784,22.0,0,0.0014952922,Low
60.0,0.1148098434004474,1.5060045719146729,23.0,0,0.0020419464,Low
60.0,0.2717442407146215,0.9274099469184875,22.0,0,0.00053636025,Low
60.0,0.5684795762667275,1.506026268005371,23.0,0,0.00061937864,Low
60.0,0.193177413102468,2.5467746257781982,22.0,0,0.001789057,Low
60.0,0.5803676935337603,2.201504707336426,23.0,0,0.0003945854,Low
60.0,0.1172872823453874,0.9274099469184875,23.0,0,0.0014019501,Low
60.0,0.7838648405478356,5.085768699645996,21.0,0,0.0006494729,Low
60.0,0.2155848355023846,3.022424936294556,23.0,0,0.039356824,Low
60.0,0.0412104809939722,2.201375722885132,23.0,0,0.00031958148,Low
60.0,0.2849740932642487,3.022156953811645,23.0,0,0.002994474,Low
60.0,0.119081067680357,2.546757459640503,24.0,0,0.0010936195,Low
60.0,0.1748273946512181,3.0221335887908936,71.0,0,0.0024217672,Low
60.0,0.4379985180665126,3.674207210540772,71.0,0,0.0023501206,Low
60.0,0.2234677536759353,1.186534404754639,23.0,0,0.0023349905,Low
60.0,0.2681731137495212,2.2009010314941406,24.0,0,0.00041490444,Low
60.0,0.0832582421424486,0.9274099469184875,23.0,0,0.0010134832,Low
60.0,0.543590331080307,0.0,71.0,0,0.00077442476,Low
60.0,0.3865796201900658,3.022489786148072,21.0,0,0.010575936,Low
60.0,0.3317324185248713,1.1876102685928345,22.0,0,0.0005265004,Low
60.0,0.694214223695635,4.627367496490479,22.0,0,0.00027139593,Low
60.0,0.2409252068208677,1.5068782567977903,23.0,0,0.0008148747,Low
60.0,0.0581691772885283,3.6543197631835938,23.0,0,0.00044245058,Low
60.0,0.3478145863532,2.2017900943756104,22.0,0,0.0002528592,Low
60.0,0.6142812006319115,1.1878312826156616,23.0,0,0.0009460453,Low
60.0,0.2307551821751438,5.989567279815674,24.0,0,0.00029893414,Low
60.0,0.3475591288306395,3.011471748352051,24.0,0,0.002994474,Low
60.0,0.0261004497569373,1.1877944469451904,24.0,0,0.0007500137,Low
60.0,0.2362606700700659,4.7761006355285645,22.0,0,0.00057128054,Low
60.0,0.4572021009211241,1.854334115982056,22.0,0,0.0006872372,Low
60.0,0.362370902559497,3.02250599861145,23.0,0,0.002994474,Low
60.0,0.7274585974238398,4.627367496490479,21.0,0,0.0006494729,Low
60.0,0.0277271807326452,3.022491455078125,24.0,0,0.048032857,Low
60.0,0.0221579961464354,6.529204845428467,24.0,0,0.0022695258,Low
60.0,0.0410929661650122,0.0,24.0,0,0.00037764208,Low
60.0,0.2222311719693919,3.0228850841522217,22.0,0,0.009295471,Low
60.0,0.5007256099230579,3.0125889778137207,22.0,0,0.006316639,Low
60.0,0.275676492248428,0.9274099469184875,24.0,0,0.00042752808,Low
60.0,0.3292746103252918,2.3757386207580566,22.0,0,0.0007112788,Low
60.0,0.3106813033629552,2.3757572174072266,23.0,0,0.0008590164,Low
60.0,0.2503593292520628,3.022823572158813,23.0,0,0.005832958,Low
60.0,0.6631749967933643,4.627367496490479,21.0,0,0.0006494729,Low
60.0,0.3879148774643542,1.507034420967102,22.0,0,0.0003185454,Low
60.0,0.4966536964980544,0.9274099469184875,24.0,0,0.00077442476,Low
60.0,0.4948186528497409,4.74188756942749,22.0,0,0.0005492954,Low
60.0,0.3994668163322576,2.549694061279297,24.0,0,0.0038926809,Low
60.0,0.0582681239086852,3.013381242752075,23.0,0,0.0023827155,Low
60.0,0.4746894031668697,2.2022576332092285,23.0,0,0.00051353266,Low
60.0,0.2952442668394715,1.5047414302825928,71.0,0,0.00038590925,Low
60.0,0.2702604453721402,1.5016591548919678,21.0,0,0.0006130531,Low
60.0,0.1506883709252207,0.0,71.0,0,0.0003521805,Low
230.0,0.3105835806132542,0.0,23.0,0,0.0018932627,Low
230.0,0.3545344999214124,1.1885048151016235,23.0,0,0.0029643616,Low
60.0,0.1090347157334867,3.554361581802368,23.0,0,0.006989626,Low
60.0,0.24310794129749,3.671753406524658,22.0,0,0.004219593,Low
115.0,0.0322967531911247,2.2002651691436768,24.0,0,0.0003054654,Low
230.0,0.0339195979899497,4.730466365814209,24.0,0,0.0010554031,Low
60.0,-0.0141806162703913,5.126157283782959,24.0,0,0.00061378686,Low
60.0,0.0605479452054795,1.5049322843551636,23.0,0,0.00041053278,Low
60.0,0.1787601394273056,2.7802884578704834,23.0,0,0.0018886531,Low
60.0,0.4413693599160545,2.200965166091919,23.0,0,0.0008671857,Low
60.0,0.1457207207207207,1.5033025741577148,22.0,0,0.0016051847,Low
60.0,0.3261748915201882,0.9274099469184875,22.0,0,0.0003359658,Low
230.0,0.8882130467189959,31.472957611083984,42.0,0,0.00051748205,Low
60.0,0.2765703108019995,5.547544956207275,31.0,0,0.00025547246,Low
60.0,0.4888747616020343,2.200873851776123,22.0,0,0.0004035585,Low
60.0,0.131665932128691,1.5040405988693235,22.0,0,0.0016051847,Low
60.0,0.3066666666666666,0.9274099469184875,22.0,0,0.0003359658,Low
60.0,0.6915402543239154,3.8881173133850098,23.0,0,0.0002588503,Low
60.0,0.4785714285714286,1.854334115982056,21.0,0,0.0031970127,Low
230.0,0.2530272303057749,2.2010738849639893,71.0,0,0.0003313263,Low
60.0,0.0453893932154801,2.20118260383606,24.0,0,0.0002477305,Low
60.0,0.6344386271087842,1.503674864768982,71.0,0,0.0009010848,Low
60.0,0.1992244304411052,2.201517105102539,23.0,0,0.0009213278,Low
60.0,0.0562797595816094,0.9274099469184875,22.0,0,0.0003527349,Low
60.0,0.4350270880940766,1.854334115982056,82.0,0,0.002838358,Low
60.0,0.2195597116695889,1.5069799423217771,71.0,0,0.00077072385,Low
60.0,0.1308466548253404,2.199219226837158,22.0,0,0.00044728024,Low
60.0,0.1527425712351856,3.5494801998138428,23.0,0,0.002302993,Low
60.0,0.4705466581619459,1.503485083580017,24.0,0,0.0025451195,Low
60.0,0.0989541432019308,1.184666872024536,23.0,0,0.0009929958,Low
60.0,0.4405174236734455,5.193016052246094,21.0,0,0.0029725188,Low
60.0,0.6798136129139624,2.548948049545288,22.0,0,0.0005798971,Low
60.0,0.5583855535341284,1.1865389347076416,21.0,0,0.007756744,Low
60.0,0.0434364481487417,2.7802884578704834,24.0,0,0.0005720922,Low
60.0,0.2896053362979432,1.183819055557251,71.0,0,0.00066995516,Low
60.0,0.0349413613831459,2.539921760559082,23.0,0,0.00084418047,Low
60.0,0.2375214543416582,4.392624378204346,23.0,0,0.0005448792,Low
60.0,0.5685470411520671,3.652046442031861,22.0,0,0.00048913853,Low
60.0,0.0716168717047451,3.670654535293579,82.0,0,0.00019972361,Low
60.0,0.0075469053015257,4.775469779968262,71.0,0,0.0004470375,Low
60.0,0.3591845778861068,0.0,82.0,0,0.00042752808,Low
115.0,0.0702511458361253,0.0,24.0,0,0.00031845432,Low
60.0,0.3213673671867953,6.007143974304199,71.0,0,0.00032327004,Low
60.0,0.2216298273213073,3.6691606044769287,21.0,0,0.00074010063,Low
60.0,0.2479450512329692,0.9274099469184875,22.0,0,0.00053636025,Low
60.0,0.2212594908441268,1.503467082977295,23.0,0,0.0015412685,Low
60.0,0.327672983500372,3.0095484256744385,22.0,0,0.003461936,Low
60.0,0.2767287407214481,2.3697638511657715,21.0,0,0.0007864079,Low
230.0,0.3075499955951017,2.198765754699707,71.0,0,0.0001938864,Low
230.0,0.2742107130188009,3.002991199493408,71.0,0,0.0020840664,Low
60.0,0.2639720558882236,1.1871546506881714,23.0,0,0.0010693519,Low
69.0,0.7999455775731226,15.491158485412598,42.0,0,0.0007932879,Low
69.0,0.6993905405018742,0.9274099469184875,82.0,0,0.00044136756,Low
69.0,0.3440853547144703,16.145907855931263,42.0,0,0.0011362345,Low
69.0,0.313934709694927,6.400199118002378,52.0,0,0.0025167933,Low
69.0,0.420131155654541,6.178660869598389,95.0,0,0.004486979,Low
69.0,0.5498357435567448,2.65006422996521,95.0,0,0.00394477,Low
69.0,0.301781794047072,5.018190200761376,52.0,0,0.0005747774,Low
69.0,0.2115437468491997,1.545770525932312,71.0,0,0.0014436934,Low
69.0,0.2637466931250878,0.0,71.0,0,0.00092066085,Low
69.0,0.4591751718392002,0.927409936849242,71.0,0,0.0017876123,Low
69.0,0.7669507174219317,6.20529317855835,81.0,0,0.00046147697,Low
69.0,0.3462292288027268,0.9274099469184875,71.0,0,0.0008834057,Low
69.0,0.2666449238223919,0.0,95.0,0,0.00092066085,Low
69.0,0.2541593457842563,2.4599967585071245,71.0,0,0.0015733181,Low
60.0,0.0100302928306967,0.0,24.0,0,0.0007654918,Low
60.0,0.5520372526193247,1.4907166957855225,22.0,0,0.0006334601,Low
60.0,0.1391891891891891,1.490686297416687,24.0,0,0.0011830493,Low
60.0,0.3841004184100418,1.4906084537506104,23.0,0,0.0004053618,Low
60.0,0.6475485661424607,2.1906583309173584,23.0,0,0.0003945854,Low
60.0,0.0073161340007701,1.490550875663757,24.0,0,0.00064512214,Low
60.0,0.4418938307030129,6.100875854492188,24.0,0,0.0024075005,Low
60.0,0.1129546904913848,2.190568685531616,23.0,0,0.00061481405,Low
60.0,0.1997880233174351,1.4904595613479614,23.0,0,0.0011910417,Low
60.0,0.0692307692307692,3.704791784286499,24.0,0,0.00034298497,Low
60.0,0.5570469798657718,5.941710948944092,23.0,0,0.00078109663,Low
60.0,0.0860033726812816,1.4904628992080688,23.0,0,0.0010186946,Low
60.0,0.2024634334103156,1.1664679050445557,23.0,0,0.0018701775,Low
60.0,0.334765485141425,3.9544930458068848,23.0,0,0.0003100605,Low
60.0,0.435847208619001,1.1667526960372925,22.0,0,0.0013395037,Low
500.0,0.8386857103685327,7.8519312605607485,42.0,0,0.00077592954,Low
500.0,0.3871551382658687,1.20733391534935,81.0,0,0.0007808715,Low
500.0,0.3367512142471667,2.780288515528756,82.0,0,0.00029326184,Low
500.0,0.2251629623812141,15.626604234858114,71.0,0,0.0010839119,Low
500.0,0.224750499001996,10.096054849392312,71.0,0,0.0018017638,Low
500.0,0.2716469457764491,23.89446458503229,52.0,0,0.0014370901,Low
115.0,0.7182658250390802,2.98614501953125,82.0,0,0.0010035846,Low
115.0,0.746025501171337,1.1692190170288086,82.0,0,0.00044371138,Low
115.0,0.6903076053814398,4.752871036529541,82.0,0,0.00036577546,Low
115.0,0.2566712175747797,5.792010307312012,82.0,0,0.00057552074,Low
115.0,0.7805719291202072,2.9808664321899414,82.0,0,0.0010035846,Low
230.0,0.0121017907634307,3.968211174011232,24.0,0,0.0016466398,Low
230.0,0.01275379151683,3.632948875427246,24.0,0,0.0016466398,Low
230.0,0.0248358118819355,7.341500282287598,24.0,0,0.0012910191,Low
230.0,0.3073154410534617,1.1701035499572754,21.0,0,0.002330761,Low
230.0,0.3073154410534617,1.1701035499572754,21.0,0,0.002330761,Low
230.0,0.4335644715219046,2.192178010940552,82.0,0,0.00058550894,Low
230.0,0.1094353503770461,4.377970218658447,82.0,0,0.00068315136,Low
230.0,0.1094353503770461,4.377970218658447,82.0,0,0.00068315136,Low
230.0,0.2425529678457678,2.192168712615967,23.0,0,0.00066782825,Low
230.0,0.2425529678457678,2.192168712615967,23.0,0,0.00066782825,Low
230.0,0.1204989377013226,1.4928086996078491,82.0,0,0.00058345083,Low
230.0,0.5924832214765101,1.854334115982056,95.0,0,0.0005029277,Low
230.0,0.5924832214765101,1.854334115982056,95.0,0,0.0005029277,Low
230.0,0.6555121454051299,4.771632671356201,82.0,0,0.0003544127,Low
230.0,0.7727142173288656,9.45107078552246,82.0,0,0.0011737518,Low
230.0,0.156310637747402,0.0,81.0,0,0.00050982763,Low
230.0,0.1983202613763688,1.854334115982056,81.0,0,0.00032252166,Low
69.0,0.0495436438388529,5.09494161605835,23.0,0,0.0009314323,Low
69.0,0.168367205022973,10.780879672564623,24.0,0,0.00252248,Low
69.0,0.0738651450437384,0.9274099469184875,82.0,0,0.0032688861,Low
69.0,0.3954652941994713,4.764875888824463,81.0,0,0.0034417456,Low
69.0,0.2206973077147695,10.992984771728516,71.0,0,0.006914239,Low
69.0,0.2184438740640614,4.671836853027344,71.0,0,0.0011964018,Low
69.0,0.329508331599096,5.093986034393311,21.0,0,0.0009323468,Low
69.0,0.7952294139394944,2.1925621032714844,82.0,0,0.00018180392,Low
69.0,0.2075431362286833,5.095809459686279,82.0,0,0.0006553465,Low
69.0,0.4917764522735495,6.560267925262451,82.0,0,0.009418571,Low
115.0,0.0305191759271244,2.191889762878418,24.0,0,0.0012459815,Low
115.0,0.2098397316436824,5.017242908477783,21.0,0,0.004458026,Low
69.0,0.3567631794899905,5.091909885406494,82.0,0,0.00058800436,Low
69.0,0.4874940764155414,1.492197871208191,23.0,0,0.0016681777,Low
69.0,0.1463584124014432,5.180828094482422,23.0,0,0.004471985,Low
69.0,0.5509384279769741,2.983880043029785,82.0,0,0.010903001,Low
69.0,0.1548099737751321,5.424094676971436,82.0,0,0.0004481594,Low
69.0,0.1524788694998008,1.854334115982056,23.0,0,0.0020373447,Low
69.0,0.7047981473707019,2.512939929962158,82.0,0,0.00058335025,Low
69.0,0.4001467409625414,2.5129802227020264,82.0,0,0.0037411547,Low
115.0,-0.0126630851880276,1.4918402433395386,24.0,0,0.0005130309,Low
115.0,0.0102811096188579,3.61927342414856,82.0,0,0.00039426112,Low
115.0,0.055956451409808,2.5126984119415283,23.0,0,0.0005386306,Low
230.0,0.2023865598995133,3.704791784286499,23.0,0,0.0016247521,Low
69.0,0.1600112986828398,3.5085699558258057,22.0,0,0.0051056086,Low
115.0,0.0746741527972729,2.979938507080078,23.0,0,0.014635702,Low
69.0,0.3213194953082461,8.890048544668817,71.0,0,0.0026430541,Low
115.0,0.3127643262947863,2.9842419624328613,22.0,0,0.004338623,Low
69.0,0.4888477609662093,3.015803098678589,82.0,0,0.010903001,Low
69.0,0.0954523627438774,3.884069442749024,21.0,0,0.00093620963,Low
69.0,0.7005801100557736,2.3353216648101807,82.0,0,0.00048545422,Low
69.0,0.008415965336222,0.0,24.0,0,0.000963579,Low
69.0,0.4444605358435916,2.51484489440918,82.0,0,0.0045753624,Low
69.0,0.1058000808042398,5.091421127319336,24.0,0,0.0010442765,Low
69.0,0.6319473907509546,3.015225648880005,21.0,0,0.029124778,Low
69.0,0.6482084690553745,2.1915283203125,82.0,0,0.0022301695,Low
69.0,0.6826298701298701,1.16902756690979,82.0,0,0.00069163647,Low
115.0,0.2139336619155455,3.628364562988281,82.0,0,0.001568436,Low
115.0,0.2299634978574829,10.751860618591309,71.0,0,0.0013955343,Low
69.0,0.1045436333039506,4.470673084259033,22.0,0,0.0014482333,Low
69.0,0.1465099587295891,4.762455463409424,23.0,0,0.004471985,Low
69.0,0.3560685033507074,5.096660614013672,71.0,0,0.00076903205,Low
115.0,0.2243698227487306,3.0151550768903608,82.0,0,0.0022676403,Low
69.0,0.2704843502470027,9.34127002897859,52.0,0,0.0016453313,Low
60.0,0.7739795790485869,24.159950256347656,42.0,0,0.0005624938,Low
60.0,0.3848497506081231,2.615552425384521,22.0,0,0.0010013474,Low
66.0,0.0563728285247272,0.9274099469184875,24.0,0,0.0016859568,Low
66.0,0.1189708381011824,4.465246200561523,24.0,0,0.006735856,Low
66.0,0.0377698285432342,6.222175598144531,24.0,0,0.0033317618,Low
66.0,0.0944423814828567,1.1185628175735474,24.0,0,0.006534094,Low
66.0,0.0308017666776964,0.0,24.0,0,0.01850002,Low
66.0,0.0079546692819004,2.9040002822875977,24.0,0,0.0601192,Low
66.0,0.0057438534259726,1.1185665130615234,24.0,0,0.0015860943,Low
66.0,0.1004711472637216,4.759525775909424,24.0,0,0.0036905082,Low
66.0,0.0557717250324254,1.854334115982056,24.0,0,0.009109878,Low
66.0,0.0486644940982021,3.565831661224365,24.0,0,0.03745395,Low
66.0,0.0065232449579874,1.452885389328003,24.0,0,0.0015860943,Low
66.0,0.0367647058823529,5.657830238342285,23.0,0,0.004294249,Low
33.0,-0.0243344231667445,5.141935546168404,24.0,0,0.00061378686,Low
161.0,0.0657718120805369,17.306631088256836,71.0,0,0.0019071283,Low
161.0,0.2812082605568684,3.546222039232589,22.0,0,0.030172002,Low
161.0,0.6274660821138692,1.4403622150421145,82.0,0,0.0018017715,Low
161.0,0.7186351483856405,2.878775358200073,82.0,0,0.0005580069,Low
161.0,0.0768499445412771,10.163487477643304,52.0,0,0.0019007563,Low
161.0,0.0954481015682219,13.46948441351918,52.0,0,0.0025876383,Low
161.0,0.5027005401080216,1.452587366104126,82.0,0,0.0028179942,Low
230.0,0.1056051990251827,2.200230836868286,71.0,0,0.00013975383,Low
230.0,0.0828710707681963,1.504662275314331,71.0,0,0.00034650622,Low
230.0,0.1683709312309734,5.1929216384887695,71.0,0,0.000330019,Low
500.0,0.3914110664736281,0.0,42.0,0,0.0004983287,Low
230.0,0.3725621201333748,2.7802885155642585,71.0,0,0.0020570995,Low
230.0,0.6463223599315788,3.6971588134765625,23.0,0,0.0016677314,Low
230.0,0.3511787200067235,2.219157695770264,71.0,0,0.0001938864,Low
230.0,0.4584043377226955,2.6087069511413574,71.0,0,0.0019320484,Low
230.0,0.6418993100497031,3.6985602378845215,42.0,0,0.0010182317,Low
230.0,0.81228849838953,21.02286720275879,43.0,0,0.00051748205,Low
230.0,0.8096874353135998,29.400428771972656,42.0,0,0.00051748205,Low
230.0,0.6567578279825604,0.0,82.0,0,0.00036358886,Low
230.0,0.6882663814853655,0.9274099469184875,82.0,0,0.00036358886,Low
230.0,0.2517540152648942,2.2025146484375,23.0,0,0.0010644398,Low
230.0,0.1088735920858186,1.5079411268234253,82.0,0,0.0017524943,Low
230.0,0.2465386587658823,4.834897041320801,82.0,0,0.0004490005,Low
230.0,0.2465386587658823,4.834897041320801,82.0,0,0.0004490005,Low
230.0,0.2595217006200177,2.202322483062744,82.0,0,0.0002533068,Low
230.0,0.2558975895877039,3.0230860710144043,71.0,0,0.0020840664,Low
230.0,0.2558975895877039,3.0230860710144043,71.0,0,0.0020840664,Low
230.0,0.2473158585236552,4.39789342880249,71.0,0,0.0005872586,Low
230.0,0.0474469046543154,4.776278018951416,22.0,0,0.0021267557,Low
230.0,0.0474469046543154,4.776278018951416,22.0,0,0.0021267557,Low
230.0,0.3811967686014402,1.854334115982056,22.0,0,0.00037285412,Low
230.0,0.4758573622248763,0.9274099469184875,22.0,0,0.0028908974,Low
115.0,0.4022817229336438,10.309670448303224,21.0,0,0.11284766,Low
115.0,0.2142804978560473,12.82079792022705,71.0,0,0.0015781163,Low
115.0,0.3130261932919005,12.41885471343994,71.0,0,0.00088819163,Low
230.0,0.119044911881751,9.001816749572754,22.0,0,0.0014407013,Low
230.0,0.0339657514329986,5.988644123077393,23.0,0,0.0020286147,Low
230.0,0.1203050465442981,3.558551073074341,31.0,0,0.00041696502,Low
230.0,0.4763947472188698,3.653330087661743,71.0,0,0.0012511195,Low
69.0,0.6598152525184767,2.5257747173309326,82.0,0,0.00058335025,Low
69.0,0.4722492697176241,2.195685386657715,22.0,0,0.0010043388,Low
69.0,0.182755657404755,0.0,21.0,0,0.0029158636,Low
500.0,0.1624680540343191,3.704791833623834,82.0,0,0.00032709245,Low
230.0,0.3531877824358904,4.397789478302002,71.0,0,0.00034368984,Low
230.0,0.1557702088969108,4.582037448883057,71.0,0,0.0002484657,Low
230.0,0.3774668013501194,3.05830454826355,71.0,0,0.0040894677,Low
230.0,0.285007422068283,0.0,71.0,0,0.0004901224,Low
230.0,0.250879141217842,0.9274099368611016,82.0,0,0.00079355214,Low
230.0,0.2409478404196869,1.5140560155269376,82.0,0,0.0002346344,Low
230.0,0.6949783013019218,3.025884438450406,82.0,0,0.0009724295,Low
230.0,0.2164371455924589,2.386397361755371,23.0,0,0.003367211,Low
230.0,0.4116726187564209,2.204889297485352,21.0,0,0.0004948072,Low
230.0,0.1757722459084032,2.522610664367676,71.0,0,0.00039119768,Low
230.0,0.1902879203683892,3.635632038116455,71.0,0,0.000330019,Low
230.0,0.1815665651812897,2.522610664367676,71.0,0,0.00039119768,Low
230.0,0.210263245584805,7.242287635803223,71.0,0,0.020041373,Low
230.0,0.3358376662706069,10.844439506530762,22.0,0,0.0032833964,Low
230.0,-0.312531090308868,7.469589710235596,11.0,0,0.0008649065,Low
230.0,0.5912910564982495,2.5225040912628174,22.0,0,0.0011916204,Low
230.0,0.3100748416810593,20.430820993977125,71.0,0,0.000490214,Low
230.0,-0.1016751981147471,6.154933929443359,23.0,0,0.001824012,Low
230.0,-0.3170913117394416,3.704791784286499,23.0,0,0.001824012,Low
230.0,-0.0679399991881614,3.899922609329224,22.0,0,0.0019122735,Low
230.0,0.0781955729896329,3.704791784286499,71.0,0,0.00031712488,Low
230.0,-0.5099362697391141,16.409391403198242,11.0,0,0.00083406124,Low
230.0,-0.5578467809615155,24.22422218322754,11.0,0,0.0005063021,Low
230.0,-0.5413837011884549,32.50027084350586,11.0,0,0.0005063021,Low
230.0,-0.1693413788676338,43.16646194458008,11.0,0,0.0005063021,Low
230.0,-0.0358607913193066,25.760082244873047,11.0,0,0.0005063021,Low
69.0,0.0656299568229654,27.10158920288086,22.0,0,0.010174127,Low
69.0,0.0779476454471634,27.10158920288086,21.0,0,0.0127894115,Low
69.0,0.0991818541435347,23.682662963867188,22.0,0,0.019656511,Low
69.0,0.0634970108148048,15.249199867248535,22.0,0,0.01286557,Low
230.0,0.1174200222823492,20.70011138916016,52.0,0,0.0005468943,Low
230.0,0.0994028809790277,21.547725677490234,52.0,0,0.0005508392,Low
230.0,0.1040427523669517,9.27330207824707,52.0,0,0.0009158707,Low
230.0,0.099066475992905,0.9274099469184875,52.0,0,0.0008110282,Low
230.0,-0.2366743608953376,0.0,11.0,0,0.001317491,Low
230.0,-0.2302565298119115,0.0,11.0,0,0.001317491,Low
230.0,0.0883376178431251,19.0451717376709,52.0,0,0.0005508392,Low
230.0,0.1047607433737247,24.60309600830078,52.0,0,0.0005508392,Low
230.0,0.1048568067889995,15.534236907958984,52.0,0,0.00065260625,Low
230.0,0.0959062150122055,25.23550605773925,52.0,0,0.0005508392,Low
230.0,0.0956979348258999,27.324281692504883,52.0,0,0.0005508392,Low
230.0,0.1495986254484611,30.49408531188965,52.0,0,0.00039680133,Low
230.0,0.6967817809876665,22.424951553344727,52.0,0,0.00051748205,Low
230.0,0.5828885739479025,10.970316886901855,42.0,0,0.0020090789,Low
230.0,0.697490787857519,3.6027657985687256,82.0,0,0.0003544127,Low
230.0,0.4001376016835971,3.671647310256958,24.0,0,0.0028863747,Low
230.0,0.2391942003089293,1.5000731945037842,82.0,0,0.0002346344,Low
230.0,0.562526758261005,1.1789116859436035,82.0,0,0.0020286099,Low
161.0,0.15459940652819,3.559669465523955,22.0,0,0.043246742,Low
230.0,0.2705358312590069,0.0,71.0,0,0.00079355214,Low
230.0,0.132750688201436,2.435443639755249,23.0,0,0.0014909386,Low
230.0,0.2095032397408207,11.035870552062988,71.0,0,0.0026244223,Low
69.0,0.0360867807573103,5.183599472045898,23.0,0,0.0009314323,Low
69.0,0.2139604454046867,6.870697498321533,23.0,0,0.17544554,Low
230.0,0.0988924705191453,1.531330108642578,23.0,0,0.0010028917,Low
69.0,0.2950772753291357,2.7802884578704834,82.0,0,0.0008107774,Low
115.0,0.1123124938868784,2.503923501987209,24.0,0,0.0011708557,Low
69.0,0.0464331464620724,2.5260465145111084,21.0,0,0.00051224715,Low
230.0,0.6349240780911063,1.854334115982056,23.0,0,0.00063570694,Low
230.0,0.4167295351458083,9.723332405090332,71.0,0,0.003968542,Low
230.0,0.3800200467157666,9.723332405090332,71.0,0,0.0030437086,Low
230.0,0.7757113477710943,10.965131759643556,43.0,0,0.00096944714,Low
230.0,0.5664039720755094,2.2219297754802856,52.0,0,0.00027384202,Low
60.0,0.6888071920664833,17.134984970092773,42.0,0,0.0005624938,Low
60.0,0.6096841374522736,28.215057373046875,52.0,0,0.00096404686,Low
230.0,0.3765548597409281,14.69425274474881,52.0,0,0.00094453985,Low
230.0,0.1311551659075551,11.614146329514693,71.0,0,0.00064793346,Low
230.0,0.7534073264707573,3.661235809326172,82.0,0,0.0003544127,Low
230.0,0.459564599386549,3.660950183868408,82.0,0,0.0011101876,Low
230.0,0.459564599386549,3.660950183868408,82.0,0,0.0011101876,Low
230.0,0.4342304555516719,1.193154215812683,82.0,0,0.001540876,Low
230.0,0.233916687207296,2.5582168102264404,22.0,0,0.00088582,Low
230.0,0.5875344536320796,2.557659864425659,82.0,0,0.00067171524,Low
230.0,0.5465312109523551,1.854334115982056,82.0,0,0.0010880029,Low
230.0,0.6953463203463204,1.854334115982056,82.0,0,0.00027224078,Low
230.0,0.4051891367604268,3.657599210739136,82.0,0,0.0012800577,Low
230.0,0.4051891367604268,3.657599210739136,82.0,0,0.0012800577,Low
230.0,0.195574179059513,6.464860916137695,82.0,0,0.0013780711,Low
230.0,0.3258674851922016,1.1902965307235718,82.0,0,0.00076801586,Low
230.0,0.6280905154351166,0.0,82.0,0,0.0006965094,Low
230.0,0.695271796932819,0.0,82.0,0,0.00036358886,Low
230.0,0.2306250678134956,1.5078973770141602,81.0,0,0.0002346344,Low
230.0,0.3785436849859369,4.514941215515137,71.0,0,0.0016737896,Low
230.0,0.283987915407855,3.6801891326904297,71.0,0,0.00034368984,Low
230.0,0.3995615637559372,1.530537724494934,52.0,0,0.00079048006,Low
230.0,0.2118953880764904,1.1872466802597046,23.0,0,0.014536365,Low
230.0,0.5727126483008246,1.854334115982056,23.0,0,0.00063570694,Low
230.0,0.3230052295781936,3.671647310256958,24.0,0,0.00055542885,Low
230.0,0.2221061055406487,1.1850870847702026,81.0,0,0.0013724641,Low
230.0,0.2221061055406487,1.1850870847702026,81.0,0,0.0013724641,Low
230.0,0.2221061055406487,1.1850870847702026,81.0,0,0.0013724641,Low
230.0,0.2847231312999083,2.532171726226806,82.0,0,0.00033549947,Low
230.0,0.2221061055406487,1.1850870847702026,81.0,0,0.0013724641,Low
230.0,0.240339031748312,1.5000731945037842,82.0,0,0.0002346344,Low
230.0,0.66078467320561,8.631253242492676,52.0,0,0.00077592954,Low
230.0,0.4615103280487223,13.659668922424316,52.0,0,0.001001407,Low
230.0,0.3067491871988718,5.8832173347473145,71.0,0,0.00034368984,Low
69.0,0.3860879819030658,1.1749091148376465,82.0,0,0.0016933123,Low
161.0,0.0899696886194543,1.4490721439713352,82.0,0,0.0013155469,Low
161.0,0.0636757882393376,19.46069553594273,52.0,0,0.0019071283,Low
230.0,0.7336970870368741,3.0168275833129883,82.0,0,0.0009724295,Low
230.0,0.2554707118331369,0.9274099469184875,82.0,0,0.00079355214,Low
230.0,0.0712854725736377,2.9971017837524414,52.0,0,0.00071993045,Low
230.0,0.2938544456120132,9.195145606994627,71.0,0,0.0010658929,Low
230.0,0.5757605842835068,24.43451499938965,52.0,0,0.0008869306,Low
230.0,0.214589417643406,11.449963569641112,22.0,0,0.09514177,Low
230.0,0.5486459695582104,9.240863800048828,52.0,0,0.003011825,Low
69.0,0.1059112672306118,4.481385231018066,52.0,0,0.00045695752,Low
115.0,0.2209759098868853,9.462885692589689,71.0,0,0.0044040754,Low
115.0,0.2322336680140826,21.979433803283733,21.0,0,0.016068777,Low
230.0,0.548077381398231,8.143874168395996,52.0,0,0.0014678122,Low
230.0,0.7566344428674718,28.99253689279409,52.0,0,0.00051748205,Low
230.0,0.8004465995562909,21.92505535148508,52.0,0,0.00051748205,Low
60.0,0.1981925935627517,2.5521798133850098,22.0,0,0.001789057,Low
60.0,0.2252086482223828,1.854334115982056,71.0,0,0.0007205307,Low
